2025-04-24 05:52:20,042 - user_assistance_mcp - INFO - Initializing with SUPABASE_URL: SET
2025-04-24 05:52:20,042 - user_assistance_mcp - INFO - Initializing with SUPABASE_KEY: SET
2025-04-24 05:52:20,074 - user_assistance_mcp - INFO - Supabase client created successfully
2025-04-24 05:52:20,076 - mcp.server.lowlevel.server - DEBUG - Initializing server 'user_assistance'
2025-04-24 05:52:20,076 - mcp.server.lowlevel.server - DEBUG - Registering handler for ListToolsRequest
2025-04-24 05:52:20,076 - mcp.server.lowlevel.server - DEBUG - Registering handler for CallToolRequest
2025-04-24 05:52:20,076 - mcp.server.lowlevel.server - DEBUG - Registering handler for ListResourcesRequest
2025-04-24 05:52:20,076 - mcp.server.lowlevel.server - DEBUG - Registering handler for ReadResourceRequest
2025-04-24 05:52:20,076 - mcp.server.lowlevel.server - DEBUG - Registering handler for PromptListRequest
2025-04-24 05:52:20,076 - mcp.server.lowlevel.server - DEBUG - Registering handler for GetPromptRequest
2025-04-24 05:52:20,076 - mcp.server.lowlevel.server - DEBUG - Registering handler for ListResourceTemplatesRequest
2025-04-24 05:52:20,076 - user_assistance_mcp - INFO - FastMCP initialized for user_assistance
2025-04-24 05:52:20,076 - httpcore.connection - DEBUG - connect_tcp.started host='ovuygqfkpifktcgslqvi.supabase.co' port=443 local_address=None timeout=5.0 socket_options=None
2025-04-24 05:52:20,087 - httpcore.connection - DEBUG - connect_tcp.complete return_value=<httpcore._backends.sync.SyncStream object at 0x104356000>
2025-04-24 05:52:20,087 - httpcore.connection - DEBUG - start_tls.started ssl_context=<ssl.SSLContext object at 0x10433d1d0> server_hostname='ovuygqfkpifktcgslqvi.supabase.co' timeout=5.0
2025-04-24 05:52:20,100 - httpcore.connection - DEBUG - start_tls.complete return_value=<httpcore._backends.sync.SyncStream object at 0x1040755b0>
2025-04-24 05:52:20,100 - httpcore.http2 - DEBUG - send_connection_init.started request=<Request [b'POST']>
2025-04-24 05:52:20,100 - httpcore.http2 - DEBUG - send_connection_init.complete
2025-04-24 05:52:20,100 - httpcore.http2 - DEBUG - send_request_headers.started request=<Request [b'POST']> stream_id=1
2025-04-24 05:52:20,100 - hpack.hpack - DEBUG - Adding (b':method', b'POST') to the header table, sensitive:False, huffman:True
2025-04-24 05:52:20,100 - hpack.hpack - DEBUG - Encoding 3 with 7 bits
2025-04-24 05:52:20,100 - hpack.hpack - DEBUG - Adding (b':authority', b'ovuygqfkpifktcgslqvi.supabase.co') to the header table, sensitive:False, huffman:True
2025-04-24 05:52:20,100 - hpack.hpack - DEBUG - Encoding 1 with 6 bits
2025-04-24 05:52:20,101 - hpack.hpack - DEBUG - Encoding 24 with 7 bits
2025-04-24 05:52:20,101 - hpack.hpack - DEBUG - Adding (b':scheme', b'https') to the header table, sensitive:False, huffman:True
2025-04-24 05:52:20,101 - hpack.hpack - DEBUG - Encoding 7 with 7 bits
2025-04-24 05:52:20,101 - hpack.hpack - DEBUG - Adding (b':path', b'/auth/v1/token?grant_type=password') to the header table, sensitive:False, huffman:True
2025-04-24 05:52:20,101 - hpack.hpack - DEBUG - Encoding 4 with 6 bits
2025-04-24 05:52:20,101 - hpack.hpack - DEBUG - Encoding 25 with 7 bits
2025-04-24 05:52:20,101 - hpack.hpack - DEBUG - Adding (b'accept', b'*/*') to the header table, sensitive:False, huffman:True
2025-04-24 05:52:20,101 - hpack.hpack - DEBUG - Encoding 19 with 6 bits
2025-04-24 05:52:20,101 - hpack.hpack - DEBUG - Encoding 3 with 7 bits
2025-04-24 05:52:20,101 - hpack.hpack - DEBUG - Adding (b'accept-encoding', b'gzip, deflate, zstd') to the header table, sensitive:False, huffman:True
2025-04-24 05:52:20,101 - hpack.hpack - DEBUG - Encoding 16 with 6 bits
2025-04-24 05:52:20,101 - hpack.hpack - DEBUG - Encoding 15 with 7 bits
2025-04-24 05:52:20,101 - hpack.hpack - DEBUG - Adding (b'user-agent', b'python-httpx/0.28.1') to the header table, sensitive:False, huffman:True
2025-04-24 05:52:20,101 - hpack.hpack - DEBUG - Encoding 58 with 6 bits
2025-04-24 05:52:20,101 - hpack.hpack - DEBUG - Encoding 14 with 7 bits
2025-04-24 05:52:20,101 - hpack.hpack - DEBUG - Adding (b'x-client-info', b'supabase-py/2.15.0') to the header table, sensitive:False, huffman:True
2025-04-24 05:52:20,101 - hpack.hpack - DEBUG - Encoding 10 with 7 bits
2025-04-24 05:52:20,101 - hpack.hpack - DEBUG - Encoding 13 with 7 bits
2025-04-24 05:52:20,101 - hpack.hpack - DEBUG - Adding (b'apikey', b'eyJhbGciOiJIUzI1NiIsInR5cCI6IkpXVCJ9.eyJpc3MiOiJzdXBhYmFzZSIsInJlZiI6Im92dXlncWZrcGlma3RjZ3NscXZpIiwicm9sZSI6ImFub24iLCJpYXQiOjE3NDQ4NDYxOTQsImV4cCI6MjA2MDQyMjE5NH0.XM6UO8tT_eSaGotwzQrbaSI2ccDt3tPdKkWSA0BtEjE') to the header table, sensitive:False, huffman:True
2025-04-24 05:52:20,101 - hpack.hpack - DEBUG - Encoding 5 with 7 bits
2025-04-24 05:52:20,101 - hpack.hpack - DEBUG - Encoding 167 with 7 bits
2025-04-24 05:52:20,101 - hpack.hpack - DEBUG - Adding (b'authorization', b'Bearer eyJhbGciOiJIUzI1NiIsInR5cCI6IkpXVCJ9.eyJpc3MiOiJzdXBhYmFzZSIsInJlZiI6Im92dXlncWZrcGlma3RjZ3NscXZpIiwicm9sZSI6ImFub24iLCJpYXQiOjE3NDQ4NDYxOTQsImV4cCI6MjA2MDQyMjE5NH0.XM6UO8tT_eSaGotwzQrbaSI2ccDt3tPdKkWSA0BtEjE') to the header table, sensitive:True, huffman:True
2025-04-24 05:52:20,101 - hpack.hpack - DEBUG - Encoding 23 with 4 bits
2025-04-24 05:52:20,101 - hpack.hpack - DEBUG - Encoding 172 with 7 bits
2025-04-24 05:52:20,101 - hpack.hpack - DEBUG - Adding (b'x-supabase-api-version', b'2024-01-01') to the header table, sensitive:False, huffman:True
2025-04-24 05:52:20,101 - hpack.hpack - DEBUG - Encoding 16 with 7 bits
2025-04-24 05:52:20,101 - hpack.hpack - DEBUG - Encoding 7 with 7 bits
2025-04-24 05:52:20,101 - hpack.hpack - DEBUG - Adding (b'content-type', b'application/json;charset=UTF-8') to the header table, sensitive:False, huffman:True
2025-04-24 05:52:20,101 - hpack.hpack - DEBUG - Encoding 31 with 6 bits
2025-04-24 05:52:20,101 - hpack.hpack - DEBUG - Encoding 22 with 7 bits
2025-04-24 05:52:20,101 - hpack.hpack - DEBUG - Adding (b'content-length', b'104') to the header table, sensitive:False, huffman:True
2025-04-24 05:52:20,101 - hpack.hpack - DEBUG - Encoding 28 with 6 bits
2025-04-24 05:52:20,101 - hpack.hpack - DEBUG - Encoding 2 with 7 bits
2025-04-24 05:52:20,101 - hpack.hpack - DEBUG - Encoded header block to b"\x83A\x98?{}M\xda^\xb5\x9a^\xa9$\xc8\xa3\xb7s.\x8bk\x1ccAW!\xff\x87D\x99`v\xa6v;\x85\x84\x9f\xa9j\xff&\xb0u&$\xfa\xac\xb0V4#\xc1\xec\x93S\x83\xf9c\xe7P\x8f\x9b\xd9\xab\xfaRB\xcb@\xd2_\xa5=\xa12\x7fz\x8e\xaf\xd2g=KN\x94\xd7\xe5\x80.'\x97\x0f@\x8a\xf2\xb1(1jJ\xc6\xaaS\xff\x8dE\xb5\x8e1\xa0\xabW\xe9\x81.\x16\xd7\x07@\x85\x1df\xea__\xff(/\xac\xb3\xc7\x88\x86\xd4l\xb98{\xc8\x1d&\xc8\x8c\x95ml\x97\xb29\x93\xad\x7f\x9coe}r\xfa\xcbY\x19\xd0mF\xcb\xeeO\xcb\xb3\xf3\xa7\x0f\xbf\xdd\xd9\x11\x92\xac\xb4~\x9b#\x99)|R~QQ9~\xd8LTR6v\xf4\xfdgJ\t\xf9\xfb^Cx1)}\x1f\xbb\xb29\x92\x9c6\xc6&\x8d\x9e\xf6Z\xf9\xfel6\xae\x98\x19\xd3\x7fcZo\xf3\xf3\xab~\xc4d\xa7\x8bD\xbd\x91\xcd\x1d!\x16\x8b\xfb=h\xe9\x81\xbd8\xc0\xbf\xe6\x878jy;\xe2.\xe1\xe2:|{\xd9dc\xdd\x90D%\xf4\xb2\x9drf\xeb\xcbt \xba\x9c\x1d0\x7f\x1f\x08\xff-\xbaQ\xd8[\x14/\xac\xb3\xc7\x88\x86\xd4l\xb98{\xc8\x1d&\xc8\x8c\x95ml\x97\xb29\x93\xad\x7f\x9coe}r\xfa\xcbY\x19\xd0mF\xcb\xeeO\xcb\xb3\xf3\xa7\x0f\xbf\xdd\xd9\x11\x92\xac\xb4~\x9b#\x99)|R~QQ9~\xd8LTR6v\xf4\xfdgJ\t\xf9\xfb^Cx1)}\x1f\xbb\xb29\x92\x9c6\xc6&\x8d\x9e\xf6Z\xf9\xfel6\xae\x98\x19\xd3\x7fcZo\xf3\xf3\xab~\xc4d\xa7\x8bD\xbd\x91\xcd\x1d!\x16\x8b\xfb=h\xe9\x81\xbd8\xc0\xbf\xe6\x878jy;\xe2.\xe1\xe2:|{\xd9dc\xdd\x90D%\xf4\xb2\x9drf\xeb\xcbt \xba\x9c\x1d0\x7f@\x90\xf2\xb2-\xacq\x8d\x05Xu\x99n\xe5\xb1\x06=_\x87\x10\x04\xd2\xc0\n\xc0\x0f_\x96\x1du\xd0b\r&=LtA\xea\xfb$\xe3\xb1\x05L\x1c7\xe1Y\xef\\\x82\x08\x1a"
2025-04-24 05:52:20,101 - httpcore.http2 - DEBUG - send_request_headers.complete
2025-04-24 05:52:20,101 - httpcore.http2 - DEBUG - send_request_body.started request=<Request [b'POST']> stream_id=1
2025-04-24 05:52:20,101 - httpcore.http2 - DEBUG - send_request_body.complete
2025-04-24 05:52:20,101 - httpcore.http2 - DEBUG - receive_response_headers.started request=<Request [b'POST']> stream_id=1
2025-04-24 05:52:20,115 - httpcore.http2 - DEBUG - receive_remote_settings.started
2025-04-24 05:52:20,116 - httpcore.http2 - DEBUG - receive_remote_settings.complete return_value=<RemoteSettingsChanged changed_settings:{ChangedSetting(setting=3, original_value=None, new_value=100), ChangedSetting(setting=4, original_value=65535, new_value=65536), ChangedSetting(setting=5, original_value=16384, new_value=16777215)}>
2025-04-24 05:52:20,327 - hpack.hpack - DEBUG - Decoding b'?\xe1\x1f\x88a\x96\xdf=\xbfJ\t\xa5!\xae\xc5\x04\x016\xa0\x1f\xb8\xd8\xae\x08\nb\xd1\xbf_\x8b\x1du\xd0b\r&=LtA\xea@\x85$\xabX?_\x8f}\x96\xda\x8d\xb0\x15\xb9\x1c\x94b\x08\xd6\xe7\xcf\xf7@\x8a$\xab\x10d\x9c\xab!#M\xa8\x86\xbf\xcfL:2^Z\x83\x9b\xd9\xabx\xa0\xa4~V\x1c\xc5\x81\x90\xb6\xcb\x80\x00>\xd45D\xa2\xd9\x0b\xba\xd8\xef\x9e\x91\x9a\xa4}\xa9]\x85\xa0\xe3\x93{\x91\xd5a\xa65_JBB\x16\xb4\xad\x82\xa2\x1eCU7@\x8dDkL4\x97\xc0\xfd-\xdc\xb6 \xc7\xab\x011@\x8aDkWa\xfa\x14\x89Z\xc2\xcb\x90?{}M\xda^\xb5\x9a^\xa9$\xc8\xa3\xb7s\x7f@\x90\xf2\xb1\x0fRKRVO\xaa\xca\xb1\xebI\x8fR?\x85\xa8\xe8\xa8\xd2\xcb@\x8f\xf2\xb1j\xee\x7fK\r)-5\xa5b\x1e\xda\x93\x011@\x95\xf2\xb1j\xee\x7fK[Z\x13aGJ\xc8-\x9d\xccB\xac\x93R_\x82\x08Av\x87%\x07\xb6Ih\x1d\x85@\x85\x1d\tY\x1d\xc9\x90\x9d\x98?\x9b\x8d4\xcf\xf3\xf6\xa5#\x81\xe7\x1a\x00?'
2025-04-24 05:52:20,328 - hpack.hpack - DEBUG - Decoded 4096, consumed 3 bytes
2025-04-24 05:52:20,328 - hpack.table - DEBUG - Resizing header table to 4096 from 4096
2025-04-24 05:52:20,328 - hpack.hpack - DEBUG - Decoded 8, consumed 1 bytes
2025-04-24 05:52:20,328 - hpack.hpack - DEBUG - Decoded (b':status', b'200'), consumed 1
2025-04-24 05:52:20,328 - hpack.hpack - DEBUG - Decoded 33, consumed 1 bytes
2025-04-24 05:52:20,328 - hpack.hpack - DEBUG - Decoded 22, consumed 1 bytes
2025-04-24 05:52:20,328 - hpack.hpack - DEBUG - Decoded (b'date', b'Thu, 24 Apr 2025 09:52:20 GMT'), total consumed 24 bytes, indexed True
2025-04-24 05:52:20,328 - hpack.hpack - DEBUG - Decoded 31, consumed 1 bytes
2025-04-24 05:52:20,328 - hpack.hpack - DEBUG - Decoded 11, consumed 1 bytes
2025-04-24 05:52:20,328 - hpack.hpack - DEBUG - Decoded (b'content-type', b'application/json'), total consumed 13 bytes, indexed True
2025-04-24 05:52:20,328 - hpack.hpack - DEBUG - Decoded 5, consumed 1 bytes
2025-04-24 05:52:20,328 - hpack.hpack - DEBUG - Decoded 15, consumed 1 bytes
2025-04-24 05:52:20,328 - hpack.hpack - DEBUG - Decoded (b'cf-ray', b'9354b50e5d6fa21a-YYZ'), total consumed 23 bytes, indexed True
2025-04-24 05:52:20,328 - hpack.hpack - DEBUG - Decoded 10, consumed 1 bytes
2025-04-24 05:52:20,328 - hpack.hpack - DEBUG - Decoded 6, consumed 1 bytes
2025-04-24 05:52:20,328 - hpack.hpack - DEBUG - Decoded (b'cf-cache-status', b'DYNAMIC'), total consumed 19 bytes, indexed True
2025-04-24 05:52:20,328 - hpack.hpack - DEBUG - Decoded 26, consumed 1 bytes
2025-04-24 05:52:20,328 - hpack.hpack - DEBUG - Decoded 3, consumed 1 bytes
2025-04-24 05:52:20,328 - hpack.hpack - DEBUG - Decoded (b'content-encoding', b'gzip'), total consumed 5 bytes, indexed True
2025-04-24 05:52:20,328 - hpack.hpack - DEBUG - Decoded 56, consumed 1 bytes
2025-04-24 05:52:20,328 - hpack.hpack - DEBUG - Decoded 32, consumed 1 bytes
2025-04-24 05:52:20,328 - hpack.hpack - DEBUG - Decoded (b'strict-transport-security', b'max-age=31536000; includeSubDomains; preload'), total consumed 34 bytes, indexed True
2025-04-24 05:52:20,328 - hpack.hpack - DEBUG - Decoded 59, consumed 1 bytes
2025-04-24 05:52:20,328 - hpack.hpack - DEBUG - Decoded 17, consumed 1 bytes
2025-04-24 05:52:20,328 - hpack.hpack - DEBUG - Decoded (b'vary', b'Origin, Accept-Encoding'), total consumed 19 bytes, indexed True
2025-04-24 05:52:20,328 - hpack.hpack - DEBUG - Decoded 13, consumed 1 bytes
2025-04-24 05:52:20,328 - hpack.hpack - DEBUG - Decoded 1, consumed 1 bytes
2025-04-24 05:52:20,328 - hpack.hpack - DEBUG - Decoded (b'sb-gateway-version', <memory at 0x104309e40>), total consumed 17 bytes, indexed True
2025-04-24 05:52:20,328 - hpack.hpack - DEBUG - Decoded 10, consumed 1 bytes
2025-04-24 05:52:20,328 - hpack.hpack - DEBUG - Decoded 16, consumed 1 bytes
2025-04-24 05:52:20,328 - hpack.hpack - DEBUG - Decoded (b'sb-project-ref', b'ovuygqfkpifktcgslqvi'), total consumed 29 bytes, indexed True
2025-04-24 05:52:20,328 - hpack.hpack - DEBUG - Decoded 16, consumed 1 bytes
2025-04-24 05:52:20,328 - hpack.hpack - DEBUG - Decoded 5, consumed 1 bytes
2025-04-24 05:52:20,328 - hpack.hpack - DEBUG - Decoded (b'x-content-type-options', b'nosniff'), total consumed 24 bytes, indexed True
2025-04-24 05:52:20,328 - hpack.hpack - DEBUG - Decoded 15, consumed 1 bytes
2025-04-24 05:52:20,328 - hpack.hpack - DEBUG - Decoded 1, consumed 1 bytes
2025-04-24 05:52:20,328 - hpack.hpack - DEBUG - Decoded (b'x-envoy-attempt-count', <memory at 0x10430a380>), total consumed 19 bytes, indexed True
2025-04-24 05:52:20,328 - hpack.hpack - DEBUG - Decoded 21, consumed 1 bytes
2025-04-24 05:52:20,328 - hpack.hpack - DEBUG - Decoded 2, consumed 1 bytes
2025-04-24 05:52:20,328 - hpack.hpack - DEBUG - Decoded (b'x-envoy-upstream-service-time', b'110'), total consumed 26 bytes, indexed True
2025-04-24 05:52:20,328 - hpack.hpack - DEBUG - Decoded 54, consumed 1 bytes
2025-04-24 05:52:20,328 - hpack.hpack - DEBUG - Decoded 7, consumed 1 bytes
2025-04-24 05:52:20,328 - hpack.hpack - DEBUG - Decoded (b'server', b'cloudflare'), total consumed 9 bytes, indexed True
2025-04-24 05:52:20,328 - hpack.hpack - DEBUG - Decoded 5, consumed 1 bytes
2025-04-24 05:52:20,328 - hpack.hpack - DEBUG - Decoded 16, consumed 1 bytes
2025-04-24 05:52:20,329 - hpack.hpack - DEBUG - Decoded (b'alt-svc', b'h3=":443"; ma=86400'), total consumed 24 bytes, indexed True
2025-04-24 05:52:20,329 - httpcore.http2 - DEBUG - receive_response_headers.complete return_value=(200, [(b'date', b'Thu, 24 Apr 2025 09:52:20 GMT'), (b'content-type', b'application/json'), (b'cf-ray', b'9354b50e5d6fa21a-YYZ'), (b'cf-cache-status', b'DYNAMIC'), (b'content-encoding', b'gzip'), (b'strict-transport-security', b'max-age=31536000; includeSubDomains; preload'), (b'vary', b'Origin, Accept-Encoding'), (b'sb-gateway-version', b'1'), (b'sb-project-ref', b'ovuygqfkpifktcgslqvi'), (b'x-content-type-options', b'nosniff'), (b'x-envoy-attempt-count', b'1'), (b'x-envoy-upstream-service-time', b'110'), (b'server', b'cloudflare'), (b'alt-svc', b'h3=":443"; ma=86400')])
2025-04-24 05:52:20,329 - httpx - INFO - HTTP Request: POST https://ovuygqfkpifktcgslqvi.supabase.co/auth/v1/token?grant_type=password "HTTP/2 200 OK"
2025-04-24 05:52:20,329 - httpcore.http2 - DEBUG - receive_response_body.started request=<Request [b'POST']> stream_id=1
2025-04-24 05:52:20,329 - httpcore.http2 - DEBUG - receive_response_body.complete
2025-04-24 05:52:20,329 - httpcore.http2 - DEBUG - response_closed.started stream_id=1
2025-04-24 05:52:20,329 - httpcore.http2 - DEBUG - response_closed.complete
2025-04-24 05:52:20,329 - user_assistance_mcp - INFO - Successfully authenticated with default credentials, user ID: fcbb6c29-b83f-448e-9a13-fe716f87c0af
2025-04-24 05:52:20,332 - user_assistance_mcp - INFO - UserAssistance MCP tools defined, ready to run
2025-04-24 05:52:20,332 - user_assistance_mcp - INFO - Starting UserAssistance MCP server
2025-04-24 05:52:20,334 - asyncio - DEBUG - Using selector: KqueueSelector
2025-04-24 05:52:20,337 - mcp.server.lowlevel.server - DEBUG - Received message: root=InitializedNotification(method='notifications/initialized', params=None, jsonrpc='2.0')
2025-04-24 05:53:32,204 - mcp.server.lowlevel.server - DEBUG - Received message: <mcp.shared.session.RequestResponder object at 0x10450a0c0>
2025-04-24 05:53:32,204 - mcp.server.lowlevel.server - INFO - Processing request of type ListToolsRequest
2025-04-24 05:53:32,205 - mcp.server.lowlevel.server - DEBUG - Dispatching request of type ListToolsRequest
2025-04-24 05:53:32,206 - mcp.server.lowlevel.server - DEBUG - Response sent
2025-04-24 05:53:33,998 - mcp.server.lowlevel.server - DEBUG - Received message: <mcp.shared.session.RequestResponder object at 0x104355c10>
2025-04-24 05:53:33,998 - mcp.server.lowlevel.server - INFO - Processing request of type CallToolRequest
2025-04-24 05:53:33,998 - mcp.server.lowlevel.server - DEBUG - Dispatching request of type CallToolRequest
2025-04-24 05:53:33,998 - user_assistance_mcp - INFO - log_simple_issue called for Resume Upload at LinkedIn
2025-04-24 05:53:33,999 - user_assistance_mcp - INFO - Generated application_id: ba37e68a-c5c2-46f5-9a8c-6c5ff52fd310
2025-04-24 05:53:33,999 - user_assistance_mcp - INFO - log_application_issue called with: user_id=fcbb6c29-b83f-448e-9a13-fe716f87c0af, application_id=ba37e68a-c5c2-46f5-9a8c-6c5ff52fd310, company=LinkedIn, position=Resume Upload, issue_type=technical_barrier
2025-04-24 05:53:33,999 - user_assistance_mcp - INFO - Issue details: Unable to log into LinkedIn with stored credentials, preventing access to resume upload. This blocks the initial step of uploading the user's resume for Easy Apply.
2025-04-24 05:53:33,999 - user_assistance_mcp - DEBUG - Upserting basic application record for application_id: ba37e68a-c5c2-46f5-9a8c-6c5ff52fd310
2025-04-24 05:53:34,022 - httpcore.connection - DEBUG - connect_tcp.started host='ovuygqfkpifktcgslqvi.supabase.co' port=443 local_address=None timeout=120 socket_options=None
2025-04-24 05:53:34,030 - httpcore.connection - DEBUG - connect_tcp.complete return_value=<httpcore._backends.sync.SyncStream object at 0x10450bfb0>
2025-04-24 05:53:34,030 - httpcore.connection - DEBUG - start_tls.started ssl_context=<ssl.SSLContext object at 0x104525750> server_hostname='ovuygqfkpifktcgslqvi.supabase.co' timeout=120
2025-04-24 05:53:34,065 - httpcore.connection - DEBUG - start_tls.complete return_value=<httpcore._backends.sync.SyncStream object at 0x104509460>
2025-04-24 05:53:34,065 - httpcore.http2 - DEBUG - send_connection_init.started request=<Request [b'POST']>
2025-04-24 05:53:34,065 - httpcore.http2 - DEBUG - send_connection_init.complete
2025-04-24 05:53:34,065 - httpcore.http2 - DEBUG - send_request_headers.started request=<Request [b'POST']> stream_id=1
2025-04-24 05:53:34,065 - hpack.hpack - DEBUG - Adding (b':method', b'POST') to the header table, sensitive:False, huffman:True
2025-04-24 05:53:34,065 - hpack.hpack - DEBUG - Encoding 3 with 7 bits
2025-04-24 05:53:34,065 - hpack.hpack - DEBUG - Adding (b':authority', b'ovuygqfkpifktcgslqvi.supabase.co') to the header table, sensitive:False, huffman:True
2025-04-24 05:53:34,065 - hpack.hpack - DEBUG - Encoding 1 with 6 bits
2025-04-24 05:53:34,065 - hpack.hpack - DEBUG - Encoding 24 with 7 bits
2025-04-24 05:53:34,066 - hpack.hpack - DEBUG - Adding (b':scheme', b'https') to the header table, sensitive:False, huffman:True
2025-04-24 05:53:34,066 - hpack.hpack - DEBUG - Encoding 7 with 7 bits
2025-04-24 05:53:34,066 - hpack.hpack - DEBUG - Adding (b':path', b'/rest/v1/applications') to the header table, sensitive:False, huffman:True
2025-04-24 05:53:34,066 - hpack.hpack - DEBUG - Encoding 4 with 6 bits
2025-04-24 05:53:34,066 - hpack.hpack - DEBUG - Encoding 15 with 7 bits
2025-04-24 05:53:34,066 - hpack.hpack - DEBUG - Adding (b'accept', b'*/*') to the header table, sensitive:False, huffman:True
2025-04-24 05:53:34,066 - hpack.hpack - DEBUG - Encoding 19 with 6 bits
2025-04-24 05:53:34,066 - hpack.hpack - DEBUG - Encoding 3 with 7 bits
2025-04-24 05:53:34,066 - hpack.hpack - DEBUG - Adding (b'accept-encoding', b'gzip, deflate, zstd') to the header table, sensitive:False, huffman:True
2025-04-24 05:53:34,066 - hpack.hpack - DEBUG - Encoding 16 with 6 bits
2025-04-24 05:53:34,066 - hpack.hpack - DEBUG - Encoding 15 with 7 bits
2025-04-24 05:53:34,066 - hpack.hpack - DEBUG - Adding (b'user-agent', b'python-httpx/0.28.1') to the header table, sensitive:False, huffman:True
2025-04-24 05:53:34,066 - hpack.hpack - DEBUG - Encoding 58 with 6 bits
2025-04-24 05:53:34,066 - hpack.hpack - DEBUG - Encoding 14 with 7 bits
2025-04-24 05:53:34,066 - hpack.hpack - DEBUG - Adding (b'x-client-info', b'supabase-py/2.15.0') to the header table, sensitive:False, huffman:True
2025-04-24 05:53:34,066 - hpack.hpack - DEBUG - Encoding 10 with 7 bits
2025-04-24 05:53:34,066 - hpack.hpack - DEBUG - Encoding 13 with 7 bits
2025-04-24 05:53:34,066 - hpack.hpack - DEBUG - Adding (b'apikey', b'eyJhbGciOiJIUzI1NiIsInR5cCI6IkpXVCJ9.eyJpc3MiOiJzdXBhYmFzZSIsInJlZiI6Im92dXlncWZrcGlma3RjZ3NscXZpIiwicm9sZSI6ImFub24iLCJpYXQiOjE3NDQ4NDYxOTQsImV4cCI6MjA2MDQyMjE5NH0.XM6UO8tT_eSaGotwzQrbaSI2ccDt3tPdKkWSA0BtEjE') to the header table, sensitive:False, huffman:True
2025-04-24 05:53:34,066 - hpack.hpack - DEBUG - Encoding 5 with 7 bits
2025-04-24 05:53:34,066 - hpack.hpack - DEBUG - Encoding 167 with 7 bits
2025-04-24 05:53:34,066 - hpack.hpack - DEBUG - Adding (b'authorization', b'Bearer eyJhbGciOiJIUzI1NiIsImtpZCI6InBoVlcwNEg1OXFSWUJmMmsiLCJ0eXAiOiJKV1QifQ.eyJpc3MiOiJodHRwczovL292dXlncWZrcGlma3RjZ3NscXZpLnN1cGFiYXNlLmNvL2F1dGgvdjEiLCJzdWIiOiJmY2JiNmMyOS1iODNmLTQ0OGUtOWExMy1mZTcxNmY4N2MwYWYiLCJhdWQiOiJhdXRoZW50aWNhdGVkIiwiZXhwIjoxNzQ1NDkxOTQwLCJpYXQiOjE3NDU0ODgzNDAsImVtYWlsIjoidGVzdEBnbWFpbC5jb20iLCJwaG9uZSI6IiIsImFwcF9tZXRhZGF0YSI6eyJwcm92aWRlciI6ImVtYWlsIiwicHJvdmlkZXJzIjpbImVtYWlsIl19LCJ1c2VyX21ldGFkYXRhIjp7ImVtYWlsX3ZlcmlmaWVkIjp0cnVlfSwicm9sZSI6ImF1dGhlbnRpY2F0ZWQiLCJhYWwiOiJhYWwxIiwiYW1yIjpbeyJtZXRob2QiOiJwYXNzd29yZCIsInRpbWVzdGFtcCI6MTc0NTQ4ODM0MH1dLCJzZXNzaW9uX2lkIjoiZmFiOWQ1ZTctZThmYy00MzdkLWE3ODktMGI2MTMzZGVjYjA5IiwiaXNfYW5vbnltb3VzIjpmYWxzZX0.h5VNnk94E-3IgwFDNBId_xjhIveAqXcg0jTAmMCZIc4') to the header table, sensitive:True, huffman:True
2025-04-24 05:53:34,066 - hpack.hpack - DEBUG - Encoding 23 with 4 bits
2025-04-24 05:53:34,066 - hpack.hpack - DEBUG - Encoding 586 with 7 bits
2025-04-24 05:53:34,066 - hpack.hpack - DEBUG - Adding (b'accept-profile', b'public') to the header table, sensitive:False, huffman:True
2025-04-24 05:53:34,066 - hpack.hpack - DEBUG - Encoding 10 with 7 bits
2025-04-24 05:53:34,066 - hpack.hpack - DEBUG - Encoding 5 with 7 bits
2025-04-24 05:53:34,066 - hpack.hpack - DEBUG - Adding (b'content-profile', b'public') to the header table, sensitive:False, huffman:True
2025-04-24 05:53:34,066 - hpack.hpack - DEBUG - Encoding 11 with 7 bits
2025-04-24 05:53:34,066 - hpack.hpack - DEBUG - Encoding 5 with 7 bits
2025-04-24 05:53:34,066 - hpack.hpack - DEBUG - Adding (b'prefer', b'return=representation,resolution=merge-duplicates') to the header table, sensitive:False, huffman:True
2025-04-24 05:53:34,067 - hpack.hpack - DEBUG - Encoding 5 with 7 bits
2025-04-24 05:53:34,067 - hpack.hpack - DEBUG - Encoding 34 with 7 bits
2025-04-24 05:53:34,067 - hpack.hpack - DEBUG - Adding (b'content-length', b'219') to the header table, sensitive:False, huffman:True
2025-04-24 05:53:34,067 - hpack.hpack - DEBUG - Encoding 28 with 6 bits
2025-04-24 05:53:34,067 - hpack.hpack - DEBUG - Encoding 2 with 7 bits
2025-04-24 05:53:34,067 - hpack.hpack - DEBUG - Adding (b'content-type', b'application/json') to the header table, sensitive:False, huffman:True
2025-04-24 05:53:34,067 - hpack.hpack - DEBUG - Encoding 31 with 6 bits
2025-04-24 05:53:34,067 - hpack.hpack - DEBUG - Encoding 11 with 7 bits
2025-04-24 05:53:34,067 - hpack.hpack - DEBUG - Encoded header block to b"\x83A\x98?{}M\xda^\xb5\x9a^\xa9$\xc8\xa3\xb7s.\x8bk\x1ccAW!\xff\x87D\x8fb\xc2\xa1,w\x0b\x03\xae\xba\x0cA\xa4\xc7\xa9\x1fS\x83\xf9c\xe7P\x8f\x9b\xd9\xab\xfaRB\xcb@\xd2_\xa5=\xa12\x7fz\x8e\xaf\xd2g=KN\x94\xd7\xe5\x80.'\x97\x0f@\x8a\xf2\xb1(1jJ\xc6\xaaS\xff\x8dE\xb5\x8e1\xa0\xabW\xe9\x81.\x16\xd7\x07@\x85\x1df\xea__\xff(/\xac\xb3\xc7\x88\x86\xd4l\xb98{\xc8\x1d&\xc8\x8c\x95ml\x97\xb29\x93\xad\x7f\x9coe}r\xfa\xcbY\x19\xd0mF\xcb\xeeO\xcb\xb3\xf3\xa7\x0f\xbf\xdd\xd9\x11\x92\xac\xb4~\x9b#\x99)|R~QQ9~\xd8LTR6v\xf4\xfdgJ\t\xf9\xfb^Cx1)}\x1f\xbb\xb29\x92\x9c6\xc6&\x8d\x9e\xf6Z\xf9\xfel6\xae\x98\x19\xd3\x7fcZo\xf3\xf3\xab~\xc4d\xa7\x8bD\xbd\x91\xcd\x1d!\x16\x8b\xfb=h\xe9\x81\xbd8\xc0\xbf\xe6\x878jy;\xe2.\xe1\xe2:|{\xd9dc\xdd\x90D%\xf4\xb2\x9drf\xeb\xcbt \xba\x9c\x1d0\x7f\x1f\x08\xff\xcb\x03\xbaQ\xd8[\x14/\xac\xb3\xc7\x88\x86\xd4l\xb98{\xc8\x1d&\xc8\x8c\x94\xa6\xbf\xdb\xd9\x1c\xc9U\xd3\xf1\xa0\x9e4\xe0\x98:\xbf0\xee\xe5\xc3-:)A\xb3\xde\xca\x02\xfeBmF\xcb\x9b\x88v\x1a]\x8b\x97\xd6Z\xc8\xce\x83j6S\xc9\x8fo\x82{?|\xe2|R~QQ9~\xd8LTR6v\xf4\xfdgJ\t\xf9\xfb^z\xb4\x84\x98\xb0\x9b\x9f\xe6\x9a3\xd3\xa7\xbeqa\x0c\x98\xa6\xef'L\x06\xcf{/\xb99d6\xa3e\xa7\x98\xb2\x9bM:=j\xdc\x13j\xbf\xa6\x9c\xfb\xf6\x03V.\t\xd5\xcb\x07\x9d\x1e\x83O\xee\xf2y\xd3O6\xb4\x8bG\x8e|\xb9\x9b=\xec\xb3\xc9\xcba\xb5\x1b,\xf2~m?\xef&\xc0>Zg\x93\x17\x1e\xb9\r\xe0\xdf\xbf\x93\xf8\xc9\xd0\xfet\xfb\xd8\x1d7\xfa\xf9\xd5\xbfg\x8c\xf7\xb2\xd7\xcf\xf3a\xb5t\xc0\xce\x9b\xfc\x01\xaa\xfc\xde\xf4\xdf\x85\x19)\xe2\x9e|\xa8FN\x874\x98\xb8\xfb\x93\x05\xda\xa3\xe5\x86\xb8\xef7\xd21\x00\xd9\xefe\xf0<O\xdb\xfb\xbb#\x99\r\x91\x19)\xc3\xe0\x98_O\xef\xe6\xd9\xffqa\x07=\xd9\x1c/\xac\xbe\tK\xe2\x1f-\xb4\x10\xd9\x1c\xc9O\x14\xf3\xe5B2\x1b\xc1\x89\x8f/y)\xa3\xaf\xef\xe6_y:W\x1eJx\xa7\x9f*\x11\x92\x80\xbf\x9e\xf6P\x90\\}~\x084I\x8b\x0f^\x7f\x9bg\xc9\xd2\xb7rS\xc5<\xf9P\x8f\xc6\x7fh%4R>\\z\xe4\xe9X\tW\x1a%\xdd\xe0\xc4\xa5\xf4~\xee\xc8\xe6Jp\x86LS\xd1\x1d[k\xe6, \xfd\xe5\xb0\xd9\xefe\x9f\x9f/\x06\xd4l\xb3\xf3\xe5\xe3\xceCx7>A\xf5\x93\xa5q\x97\xd6T\xfe\xfem<b\xd8mF\xcb\xe3\x9f\xe6\x9fr\t\xff_\xb7\xb2#%[k\x8f\x97\x1frb\xc2\x92^\xc8\xe6\x8d\xe4\x06\x9d\xfb\x1a\xd5\x7f@4c\x0c\x99\xefe\xf7\xfb\xf9\xa7\xd8\xf9?o\xe0\xa8\xeb\x93\xa1\xcd\xfbN\x13j\xe5\xb0?\xbb\xc8\x9f\xdd\xf3\xd3\xcf\xd0\x01\xa3\xdc\x9ds\xf2\xc0\xce\xab\xfdS\xa3\x16Ah\xdf\xa3\xdf\xee.=9\xf4\x85\xbc\x86\xf0a\xfei\x97\x9f&\xfb\xc7U\t\x8d\x9e>\xf2t\xae\x9e|\xbc\xfb\xfd\xfc\x02\xf3\xb7\xc7M]_k\x02\xcc\xe4\x9b\xc6\x1b\xfan\xe4\x92/='\xc9\xdc\xb0\xf6\xfc$\xc0\xe9\xbe\x1at^\xfd\xc8F\xbf@\x8a\x19\x08Z\xd2\xb5v\x1eSP_\x85\xae\xd8\xe81?@\x8b!\xeaIjJ\xd5\xd8yMA\x7f\x85\xae\xd8\xe81?@\x85\xae\xc2\xca[?\xa2\xb0\xa9\xb6\xca\xa0\xb0\xb5\xd8T\x16\xa4\x8d&=_V\x15\x07\xa2\xd4\x98\xf5AIl\x98\xabImt\x18\x83IQ\\\x82\x10__\x8b\x1du\xd0b\r&=LtA\xea"
2025-04-24 05:53:34,067 - httpcore.http2 - DEBUG - send_request_headers.complete
2025-04-24 05:53:34,067 - httpcore.http2 - DEBUG - send_request_body.started request=<Request [b'POST']> stream_id=1
2025-04-24 05:53:34,067 - httpcore.http2 - DEBUG - send_request_body.complete
2025-04-24 05:53:34,067 - httpcore.http2 - DEBUG - receive_response_headers.started request=<Request [b'POST']> stream_id=1
2025-04-24 05:53:34,072 - httpcore.http2 - DEBUG - receive_remote_settings.started
2025-04-24 05:53:34,072 - httpcore.http2 - DEBUG - receive_remote_settings.complete return_value=<RemoteSettingsChanged changed_settings:{ChangedSetting(setting=3, original_value=None, new_value=100), ChangedSetting(setting=4, original_value=65535, new_value=65536), ChangedSetting(setting=5, original_value=16384, new_value=16777215)}>
2025-04-24 05:53:34,138 - hpack.hpack - DEBUG - Decoding b'?\xe1\x1f\x8ca\x97\xdf=\xbfJ\t\xa5!\xae\xc5\x04\x016\xa0\x1f\xb8\xdb7\x19iLZ7\xff_\x96\x1du\xd0b\r&=LtA\xea\xfbP\x93\x8e\xc4\x150Z\x99V{@\x85$\xabX?_\x8f}\x96\xda\x8d\xc9\x081\xb8!\x88\x05[\x9f?\xdf@\x8a$\xab\x10d\x9c\xab!#M\xa8\x86\xbf\xcfL:2^Z\x83\x9b\xd9\xabx\xa0\xa4~V\x1c\xc5\x81\x90\xb6\xcb\x80\x00>\xd45D\xa2\xd9\x0b\xba\xd8\xef\x9e\x91\x9a\xa4}\xa9]\x85\xa0\xe3\x93{\x8b\x84\x84-i[\x05D<\x86\xaao@\x8dDkL4\x97\xc0\xfd-\xdc\xb6 \xc7\xab\x011@\x8aDkWa\xfa\x14\x89Z\xc2\xcb\x90?{}M\xda^\xb5\x9a^\xa9$\xc8\xa3\xb7s\x7f@\x90\xf2\xb1\x0fRKRVO\xaa\xca\xb1\xebI\x8fR?\x85\xa8\xe8\xa8\xd2\xcb@\x8f\xf2\xb1j\xee\x7fK\r)-5\xa5b\x1e\xda\x93\x011@\x95\xf2\xb1j\xee\x7fK[Z\x13aGJ\xc8-\x9d\xccB\xac\x93R_\x0217v\x87%\x07\xb6Ih\x1d\x85@\x85\x1d\tY\x1d\xc9\x90\x9d\x98?\x9b\x8d4\xcf\xf3\xf6\xa5#\x81\xe7\x1a\x00?'
2025-04-24 05:53:34,138 - hpack.hpack - DEBUG - Decoded 4096, consumed 3 bytes
2025-04-24 05:53:34,139 - hpack.table - DEBUG - Resizing header table to 4096 from 4096
2025-04-24 05:53:34,139 - hpack.hpack - DEBUG - Decoded 12, consumed 1 bytes
2025-04-24 05:53:34,139 - hpack.hpack - DEBUG - Decoded (b':status', b'400'), consumed 1
2025-04-24 05:53:34,139 - hpack.hpack - DEBUG - Decoded 33, consumed 1 bytes
2025-04-24 05:53:34,139 - hpack.hpack - DEBUG - Decoded 23, consumed 1 bytes
2025-04-24 05:53:34,139 - hpack.hpack - DEBUG - Decoded (b'date', b'Thu, 24 Apr 2025 09:53:34 GMT'), total consumed 25 bytes, indexed True
2025-04-24 05:53:34,139 - hpack.hpack - DEBUG - Decoded 31, consumed 1 bytes
2025-04-24 05:53:34,140 - hpack.hpack - DEBUG - Decoded 22, consumed 1 bytes
2025-04-24 05:53:34,140 - hpack.hpack - DEBUG - Decoded (b'content-type', b'application/json; charset=utf-8'), total consumed 24 bytes, indexed True
2025-04-24 05:53:34,140 - hpack.hpack - DEBUG - Decoded 5, consumed 1 bytes
2025-04-24 05:53:34,140 - hpack.hpack - DEBUG - Decoded 15, consumed 1 bytes
2025-04-24 05:53:34,140 - hpack.hpack - DEBUG - Decoded (b'cf-ray', b'9354b6dcaa62a20e-YYZ'), total consumed 23 bytes, indexed True
2025-04-24 05:53:34,140 - hpack.hpack - DEBUG - Decoded 10, consumed 1 bytes
2025-04-24 05:53:34,140 - hpack.hpack - DEBUG - Decoded 6, consumed 1 bytes
2025-04-24 05:53:34,141 - hpack.hpack - DEBUG - Decoded (b'cf-cache-status', b'DYNAMIC'), total consumed 19 bytes, indexed True
2025-04-24 05:53:34,141 - hpack.hpack - DEBUG - Decoded 26, consumed 1 bytes
2025-04-24 05:53:34,141 - hpack.hpack - DEBUG - Decoded 3, consumed 1 bytes
2025-04-24 05:53:34,141 - hpack.hpack - DEBUG - Decoded (b'content-encoding', b'gzip'), total consumed 5 bytes, indexed True
2025-04-24 05:53:34,141 - hpack.hpack - DEBUG - Decoded 56, consumed 1 bytes
2025-04-24 05:53:34,141 - hpack.hpack - DEBUG - Decoded 32, consumed 1 bytes
2025-04-24 05:53:34,141 - hpack.hpack - DEBUG - Decoded (b'strict-transport-security', b'max-age=31536000; includeSubDomains; preload'), total consumed 34 bytes, indexed True
2025-04-24 05:53:34,141 - hpack.hpack - DEBUG - Decoded 59, consumed 1 bytes
2025-04-24 05:53:34,141 - hpack.hpack - DEBUG - Decoded 11, consumed 1 bytes
2025-04-24 05:53:34,141 - hpack.hpack - DEBUG - Decoded (b'vary', b'Accept-Encoding'), total consumed 13 bytes, indexed True
2025-04-24 05:53:34,141 - hpack.hpack - DEBUG - Decoded 13, consumed 1 bytes
2025-04-24 05:53:34,141 - hpack.hpack - DEBUG - Decoded 1, consumed 1 bytes
2025-04-24 05:53:34,142 - hpack.hpack - DEBUG - Decoded (b'sb-gateway-version', <memory at 0x10430ba00>), total consumed 17 bytes, indexed True
2025-04-24 05:53:34,142 - hpack.hpack - DEBUG - Decoded 10, consumed 1 bytes
2025-04-24 05:53:34,142 - hpack.hpack - DEBUG - Decoded 16, consumed 1 bytes
2025-04-24 05:53:34,142 - hpack.hpack - DEBUG - Decoded (b'sb-project-ref', b'ovuygqfkpifktcgslqvi'), total consumed 29 bytes, indexed True
2025-04-24 05:53:34,142 - hpack.hpack - DEBUG - Decoded 16, consumed 1 bytes
2025-04-24 05:53:34,142 - hpack.hpack - DEBUG - Decoded 5, consumed 1 bytes
2025-04-24 05:53:34,142 - hpack.hpack - DEBUG - Decoded (b'x-content-type-options', b'nosniff'), total consumed 24 bytes, indexed True
2025-04-24 05:53:34,142 - hpack.hpack - DEBUG - Decoded 15, consumed 1 bytes
2025-04-24 05:53:34,142 - hpack.hpack - DEBUG - Decoded 1, consumed 1 bytes
2025-04-24 05:53:34,142 - hpack.hpack - DEBUG - Decoded (b'x-envoy-attempt-count', <memory at 0x10430bb80>), total consumed 19 bytes, indexed True
2025-04-24 05:53:34,142 - hpack.hpack - DEBUG - Decoded 21, consumed 1 bytes
2025-04-24 05:53:34,142 - hpack.hpack - DEBUG - Decoded 2, consumed 1 bytes
2025-04-24 05:53:34,142 - hpack.hpack - DEBUG - Decoded (b'x-envoy-upstream-service-time', <memory at 0x10430bac0>), total consumed 26 bytes, indexed True
2025-04-24 05:53:34,142 - hpack.hpack - DEBUG - Decoded 54, consumed 1 bytes
2025-04-24 05:53:34,142 - hpack.hpack - DEBUG - Decoded 7, consumed 1 bytes
2025-04-24 05:53:34,142 - hpack.hpack - DEBUG - Decoded (b'server', b'cloudflare'), total consumed 9 bytes, indexed True
2025-04-24 05:53:34,142 - hpack.hpack - DEBUG - Decoded 5, consumed 1 bytes
2025-04-24 05:53:34,142 - hpack.hpack - DEBUG - Decoded 16, consumed 1 bytes
2025-04-24 05:53:34,142 - hpack.hpack - DEBUG - Decoded (b'alt-svc', b'h3=":443"; ma=86400'), total consumed 24 bytes, indexed True
2025-04-24 05:53:34,143 - httpcore.http2 - DEBUG - receive_response_headers.complete return_value=(400, [(b'date', b'Thu, 24 Apr 2025 09:53:34 GMT'), (b'content-type', b'application/json; charset=utf-8'), (b'cf-ray', b'9354b6dcaa62a20e-YYZ'), (b'cf-cache-status', b'DYNAMIC'), (b'content-encoding', b'gzip'), (b'strict-transport-security', b'max-age=31536000; includeSubDomains; preload'), (b'vary', b'Accept-Encoding'), (b'sb-gateway-version', b'1'), (b'sb-project-ref', b'ovuygqfkpifktcgslqvi'), (b'x-content-type-options', b'nosniff'), (b'x-envoy-attempt-count', b'1'), (b'x-envoy-upstream-service-time', b'17'), (b'server', b'cloudflare'), (b'alt-svc', b'h3=":443"; ma=86400')])
2025-04-24 05:53:34,143 - httpx - INFO - HTTP Request: POST https://ovuygqfkpifktcgslqvi.supabase.co/rest/v1/applications "HTTP/2 400 Bad Request"
2025-04-24 05:53:34,144 - httpcore.http2 - DEBUG - receive_response_body.started request=<Request [b'POST']> stream_id=1
2025-04-24 05:53:34,144 - httpcore.http2 - DEBUG - receive_response_body.complete
2025-04-24 05:53:34,144 - httpcore.http2 - DEBUG - response_closed.started stream_id=1
2025-04-24 05:53:34,144 - httpcore.http2 - DEBUG - response_closed.complete
2025-04-24 05:53:34,144 - user_assistance_mcp - ERROR - Error upserting application record for ba37e68a-c5c2-46f5-9a8c-6c5ff52fd310: {'code': '23514', 'details': None, 'hint': None, 'message': 'new row for relation "applications" violates check constraint "applications_status_check"'}
2025-04-24 05:53:34,146 - user_assistance_mcp - ERROR - Traceback (most recent call last):
  File "/Users/leoyin/Development/ez_career/ez-career-service/mcp_servers/user_assistance_mcp.py", line 128, in log_application_issue
    supabase.table("applications").upsert(app_upsert_data).execute()
  File "/Users/leoyin/Development/ez_career/ez-career-service/.venv/lib/python3.12/site-packages/postgrest/_sync/request_builder.py", line 78, in execute
    raise APIError(r.json())
postgrest.exceptions.APIError: {'code': '23514', 'details': None, 'hint': None, 'message': 'new row for relation "applications" violates check constraint "applications_status_check"'}

2025-04-24 05:53:34,146 - user_assistance_mcp - DEBUG - Preparing to insert issue into application_issues table
2025-04-24 05:53:34,146 - user_assistance_mcp - DEBUG - Issue Insert data: {'user_id': 'fcbb6c29-b83f-448e-9a13-fe716f87c0af', 'application_id': 'ba37e68a-c5c2-46f5-9a8c-6c5ff52fd310', 'company': 'LinkedIn', 'position': 'Resume Upload', 'issue_type': 'technical_barrier', 'issue_details': "Unable to log into LinkedIn with stored credentials, preventing access to resume upload. This blocks the initial step of uploading the user's resume for Easy Apply.", 'status': 'pending', 'created_at': '2025-04-24T05:53:34.146489'}
2025-04-24 05:53:34,146 - user_assistance_mcp - DEBUG - Executing supabase insert for application_issues
2025-04-24 05:53:34,147 - httpcore.http2 - DEBUG - send_request_headers.started request=<Request [b'POST']> stream_id=3
2025-04-24 05:53:34,147 - hpack.hpack - DEBUG - Adding (b':method', b'POST') to the header table, sensitive:False, huffman:True
2025-04-24 05:53:34,147 - hpack.hpack - DEBUG - Encoding 3 with 7 bits
2025-04-24 05:53:34,147 - hpack.hpack - DEBUG - Adding (b':authority', b'ovuygqfkpifktcgslqvi.supabase.co') to the header table, sensitive:False, huffman:True
2025-04-24 05:53:34,147 - hpack.hpack - DEBUG - Encoding 73 with 7 bits
2025-04-24 05:53:34,147 - hpack.hpack - DEBUG - Adding (b':scheme', b'https') to the header table, sensitive:False, huffman:True
2025-04-24 05:53:34,147 - hpack.hpack - DEBUG - Encoding 7 with 7 bits
2025-04-24 05:53:34,147 - hpack.hpack - DEBUG - Adding (b':path', b'/rest/v1/application_issues') to the header table, sensitive:False, huffman:True
2025-04-24 05:53:34,147 - hpack.hpack - DEBUG - Encoding 4 with 6 bits
2025-04-24 05:53:34,147 - hpack.hpack - DEBUG - Encoding 19 with 7 bits
2025-04-24 05:53:34,147 - hpack.hpack - DEBUG - Adding (b'accept', b'*/*') to the header table, sensitive:False, huffman:True
2025-04-24 05:53:34,147 - hpack.hpack - DEBUG - Encoding 72 with 7 bits
2025-04-24 05:53:34,147 - hpack.hpack - DEBUG - Adding (b'accept-encoding', b'gzip, deflate, zstd') to the header table, sensitive:False, huffman:True
2025-04-24 05:53:34,147 - hpack.hpack - DEBUG - Encoding 71 with 7 bits
2025-04-24 05:53:34,147 - hpack.hpack - DEBUG - Adding (b'user-agent', b'python-httpx/0.28.1') to the header table, sensitive:False, huffman:True
2025-04-24 05:53:34,147 - hpack.hpack - DEBUG - Encoding 70 with 7 bits
2025-04-24 05:53:34,148 - hpack.hpack - DEBUG - Adding (b'x-client-info', b'supabase-py/2.15.0') to the header table, sensitive:False, huffman:True
2025-04-24 05:53:34,148 - hpack.hpack - DEBUG - Encoding 69 with 7 bits
2025-04-24 05:53:34,148 - hpack.hpack - DEBUG - Adding (b'apikey', b'eyJhbGciOiJIUzI1NiIsInR5cCI6IkpXVCJ9.eyJpc3MiOiJzdXBhYmFzZSIsInJlZiI6Im92dXlncWZrcGlma3RjZ3NscXZpIiwicm9sZSI6ImFub24iLCJpYXQiOjE3NDQ4NDYxOTQsImV4cCI6MjA2MDQyMjE5NH0.XM6UO8tT_eSaGotwzQrbaSI2ccDt3tPdKkWSA0BtEjE') to the header table, sensitive:False, huffman:True
2025-04-24 05:53:34,148 - hpack.hpack - DEBUG - Encoding 68 with 7 bits
2025-04-24 05:53:34,148 - hpack.hpack - DEBUG - Adding (b'authorization', b'Bearer eyJhbGciOiJIUzI1NiIsImtpZCI6InBoVlcwNEg1OXFSWUJmMmsiLCJ0eXAiOiJKV1QifQ.eyJpc3MiOiJodHRwczovL292dXlncWZrcGlma3RjZ3NscXZpLnN1cGFiYXNlLmNvL2F1dGgvdjEiLCJzdWIiOiJmY2JiNmMyOS1iODNmLTQ0OGUtOWExMy1mZTcxNmY4N2MwYWYiLCJhdWQiOiJhdXRoZW50aWNhdGVkIiwiZXhwIjoxNzQ1NDkxOTQwLCJpYXQiOjE3NDU0ODgzNDAsImVtYWlsIjoidGVzdEBnbWFpbC5jb20iLCJwaG9uZSI6IiIsImFwcF9tZXRhZGF0YSI6eyJwcm92aWRlciI6ImVtYWlsIiwicHJvdmlkZXJzIjpbImVtYWlsIl19LCJ1c2VyX21ldGFkYXRhIjp7ImVtYWlsX3ZlcmlmaWVkIjp0cnVlfSwicm9sZSI6ImF1dGhlbnRpY2F0ZWQiLCJhYWwiOiJhYWwxIiwiYW1yIjpbeyJtZXRob2QiOiJwYXNzd29yZCIsInRpbWVzdGFtcCI6MTc0NTQ4ODM0MH1dLCJzZXNzaW9uX2lkIjoiZmFiOWQ1ZTctZThmYy00MzdkLWE3ODktMGI2MTMzZGVjYjA5IiwiaXNfYW5vbnltb3VzIjpmYWxzZX0.h5VNnk94E-3IgwFDNBId_xjhIveAqXcg0jTAmMCZIc4') to the header table, sensitive:True, huffman:True
2025-04-24 05:53:34,148 - hpack.hpack - DEBUG - Encoding 23 with 4 bits
2025-04-24 05:53:34,148 - hpack.hpack - DEBUG - Encoding 586 with 7 bits
2025-04-24 05:53:34,148 - hpack.hpack - DEBUG - Adding (b'accept-profile', b'public') to the header table, sensitive:False, huffman:True
2025-04-24 05:53:34,148 - hpack.hpack - DEBUG - Encoding 67 with 7 bits
2025-04-24 05:53:34,148 - hpack.hpack - DEBUG - Adding (b'content-profile', b'public') to the header table, sensitive:False, huffman:True
2025-04-24 05:53:34,148 - hpack.hpack - DEBUG - Encoding 66 with 7 bits
2025-04-24 05:53:34,148 - hpack.hpack - DEBUG - Adding (b'prefer', b'return=representation') to the header table, sensitive:False, huffman:True
2025-04-24 05:53:34,149 - hpack.hpack - DEBUG - Encoding 65 with 6 bits
2025-04-24 05:53:34,149 - hpack.hpack - DEBUG - Encoding 15 with 7 bits
2025-04-24 05:53:34,149 - hpack.hpack - DEBUG - Adding (b'content-length', b'431') to the header table, sensitive:False, huffman:True
2025-04-24 05:53:34,149 - hpack.hpack - DEBUG - Encoding 28 with 6 bits
2025-04-24 05:53:34,149 - hpack.hpack - DEBUG - Encoding 3 with 7 bits
2025-04-24 05:53:34,149 - hpack.hpack - DEBUG - Adding (b'content-type', b'application/json') to the header table, sensitive:False, huffman:True
2025-04-24 05:53:34,149 - hpack.hpack - DEBUG - Encoding 65 with 7 bits
2025-04-24 05:53:34,149 - hpack.hpack - DEBUG - Encoded header block to b"\x83\xc9\x87D\x93b\xc2\xa1,w\x0b\x03\xae\xba\x0cA\xa4\xc7\xaa#!\x16\x95\x1f\xc8\xc7\xc6\xc5\xc4\x1f\x08\xff\xcb\x03\xbaQ\xd8[\x14/\xac\xb3\xc7\x88\x86\xd4l\xb98{\xc8\x1d&\xc8\x8c\x94\xa6\xbf\xdb\xd9\x1c\xc9U\xd3\xf1\xa0\x9e4\xe0\x98:\xbf0\xee\xe5\xc3-:)A\xb3\xde\xca\x02\xfeBmF\xcb\x9b\x88v\x1a]\x8b\x97\xd6Z\xc8\xce\x83j6S\xc9\x8fo\x82{?|\xe2|R~QQ9~\xd8LTR6v\xf4\xfdgJ\t\xf9\xfb^z\xb4\x84\x98\xb0\x9b\x9f\xe6\x9a3\xd3\xa7\xbeqa\x0c\x98\xa6\xef'L\x06\xcf{/\xb99d6\xa3e\xa7\x98\xb2\x9bM:=j\xdc\x13j\xbf\xa6\x9c\xfb\xf6\x03V.\t\xd5\xcb\x07\x9d\x1e\x83O\xee\xf2y\xd3O6\xb4\x8bG\x8e|\xb9\x9b=\xec\xb3\xc9\xcba\xb5\x1b,\xf2~m?\xef&\xc0>Zg\x93\x17\x1e\xb9\r\xe0\xdf\xbf\x93\xf8\xc9\xd0\xfet\xfb\xd8\x1d7\xfa\xf9\xd5\xbfg\x8c\xf7\xb2\xd7\xcf\xf3a\xb5t\xc0\xce\x9b\xfc\x01\xaa\xfc\xde\xf4\xdf\x85\x19)\xe2\x9e|\xa8FN\x874\x98\xb8\xfb\x93\x05\xda\xa3\xe5\x86\xb8\xef7\xd21\x00\xd9\xefe\xf0<O\xdb\xfb\xbb#\x99\r\x91\x19)\xc3\xe0\x98_O\xef\xe6\xd9\xffqa\x07=\xd9\x1c/\xac\xbe\tK\xe2\x1f-\xb4\x10\xd9\x1c\xc9O\x14\xf3\xe5B2\x1b\xc1\x89\x8f/y)\xa3\xaf\xef\xe6_y:W\x1eJx\xa7\x9f*\x11\x92\x80\xbf\x9e\xf6P\x90\\}~\x084I\x8b\x0f^\x7f\x9bg\xc9\xd2\xb7rS\xc5<\xf9P\x8f\xc6\x7fh%4R>\\z\xe4\xe9X\tW\x1a%\xdd\xe0\xc4\xa5\xf4~\xee\xc8\xe6Jp\x86LS\xd1\x1d[k\xe6, \xfd\xe5\xb0\xd9\xefe\x9f\x9f/\x06\xd4l\xb3\xf3\xe5\xe3\xceCx7>A\xf5\x93\xa5q\x97\xd6T\xfe\xfem<b\xd8mF\xcb\xe3\x9f\xe6\x9fr\t\xff_\xb7\xb2#%[k\x8f\x97\x1frb\xc2\x92^\xc8\xe6\x8d\xe4\x06\x9d\xfb\x1a\xd5\x7f@4c\x0c\x99\xefe\xf7\xfb\xf9\xa7\xd8\xf9?o\xe0\xa8\xeb\x93\xa1\xcd\xfbN\x13j\xe5\xb0?\xbb\xc8\x9f\xdd\xf3\xd3\xcf\xd0\x01\xa3\xdc\x9ds\xf2\xc0\xce\xab\xfdS\xa3\x16Ah\xdf\xa3\xdf\xee.=9\xf4\x85\xbc\x86\xf0a\xfei\x97\x9f&\xfb\xc7U\t\x8d\x9e>\xf2t\xae\x9e|\xbc\xfb\xfd\xfc\x02\xf3\xb7\xc7M]_k\x02\xcc\xe4\x9b\xc6\x1b\xfan\xe4\x92/='\xc9\xdc\xb0\xf6\xfc$\xc0\xe9\xbe\x1at^\xfd\xc8F\xbf\xc3\xc2\x7f\x02\x8f\xb0\xa9\xb6\xca\xa0\xb0\xb5\xd8T\x16\xa4\x8d&=_\\\x83i\x90\xff\xc1"
2025-04-24 05:53:34,149 - httpcore.http2 - DEBUG - send_request_headers.complete
2025-04-24 05:53:34,149 - httpcore.http2 - DEBUG - send_request_body.started request=<Request [b'POST']> stream_id=3
2025-04-24 05:53:34,149 - httpcore.http2 - DEBUG - send_request_body.complete
2025-04-24 05:53:34,149 - httpcore.http2 - DEBUG - receive_response_headers.started request=<Request [b'POST']> stream_id=3
2025-04-24 05:53:34,229 - hpack.hpack - DEBUG - Decoding b'N\x03409\xcc\xcb\x7f\x0b\x8f}\x96\xda\x8d\xc9$\x10\xc6\xd8\xc4\x02\xad\xcf\x9f\xef\xca\xc9\xc8\xc7\xc6\xc5\xc4\xc3\x7f\x03\x0218\xc2\xc1'
2025-04-24 05:53:34,230 - hpack.hpack - DEBUG - Decoded 14, consumed 1 bytes
2025-04-24 05:53:34,230 - hpack.hpack - DEBUG - Decoded 3, consumed 1 bytes
2025-04-24 05:53:34,230 - hpack.hpack - DEBUG - Decoded (b':status', <memory at 0x10430be80>), total consumed 5 bytes, indexed True
2025-04-24 05:53:34,230 - hpack.hpack - DEBUG - Decoded 76, consumed 1 bytes
2025-04-24 05:53:34,230 - hpack.hpack - DEBUG - Decoded (b'date', b'Thu, 24 Apr 2025 09:53:34 GMT'), consumed 1
2025-04-24 05:53:34,231 - hpack.hpack - DEBUG - Decoded 75, consumed 1 bytes
2025-04-24 05:53:34,231 - hpack.hpack - DEBUG - Decoded (b'content-type', b'application/json; charset=utf-8'), consumed 1
2025-04-24 05:53:34,231 - hpack.hpack - DEBUG - Decoded 74, consumed 2 bytes
2025-04-24 05:53:34,231 - hpack.hpack - DEBUG - Decoded 15, consumed 1 bytes
2025-04-24 05:53:34,231 - hpack.hpack - DEBUG - Decoded (b'cf-ray', b'9354b6dd2aa5a20e-YYZ'), total consumed 18 bytes, indexed True
2025-04-24 05:53:34,231 - hpack.hpack - DEBUG - Decoded 74, consumed 1 bytes
2025-04-24 05:53:34,231 - hpack.hpack - DEBUG - Decoded (b'cf-cache-status', b'DYNAMIC'), consumed 1
2025-04-24 05:53:34,231 - hpack.hpack - DEBUG - Decoded 73, consumed 1 bytes
2025-04-24 05:53:34,231 - hpack.hpack - DEBUG - Decoded (b'content-encoding', b'gzip'), consumed 1
2025-04-24 05:53:34,232 - hpack.hpack - DEBUG - Decoded 72, consumed 1 bytes
2025-04-24 05:53:34,232 - hpack.hpack - DEBUG - Decoded (b'strict-transport-security', b'max-age=31536000; includeSubDomains; preload'), consumed 1
2025-04-24 05:53:34,232 - hpack.hpack - DEBUG - Decoded 71, consumed 1 bytes
2025-04-24 05:53:34,232 - hpack.hpack - DEBUG - Decoded (b'vary', b'Accept-Encoding'), consumed 1
2025-04-24 05:53:34,232 - hpack.hpack - DEBUG - Decoded 70, consumed 1 bytes
2025-04-24 05:53:34,232 - hpack.hpack - DEBUG - Decoded (b'sb-gateway-version', <memory at 0x10430ba00>), consumed 1
2025-04-24 05:53:34,232 - hpack.hpack - DEBUG - Decoded 69, consumed 1 bytes
2025-04-24 05:53:34,232 - hpack.hpack - DEBUG - Decoded (b'sb-project-ref', b'ovuygqfkpifktcgslqvi'), consumed 1
2025-04-24 05:53:34,232 - hpack.hpack - DEBUG - Decoded 68, consumed 1 bytes
2025-04-24 05:53:34,232 - hpack.hpack - DEBUG - Decoded (b'x-content-type-options', b'nosniff'), consumed 1
2025-04-24 05:53:34,233 - hpack.hpack - DEBUG - Decoded 67, consumed 1 bytes
2025-04-24 05:53:34,233 - hpack.hpack - DEBUG - Decoded (b'x-envoy-attempt-count', <memory at 0x10430bb80>), consumed 1
2025-04-24 05:53:34,233 - hpack.hpack - DEBUG - Decoded 66, consumed 2 bytes
2025-04-24 05:53:34,233 - hpack.hpack - DEBUG - Decoded 2, consumed 1 bytes
2025-04-24 05:53:34,233 - hpack.hpack - DEBUG - Decoded (b'x-envoy-upstream-service-time', <memory at 0x10430bf40>), total consumed 5 bytes, indexed True
2025-04-24 05:53:34,233 - hpack.hpack - DEBUG - Decoded 66, consumed 1 bytes
2025-04-24 05:53:34,233 - hpack.hpack - DEBUG - Decoded (b'server', b'cloudflare'), consumed 1
2025-04-24 05:53:34,233 - hpack.hpack - DEBUG - Decoded 65, consumed 1 bytes
2025-04-24 05:53:34,233 - hpack.hpack - DEBUG - Decoded (b'alt-svc', b'h3=":443"; ma=86400'), consumed 1
2025-04-24 05:53:34,233 - httpcore.http2 - DEBUG - receive_response_headers.complete return_value=(409, [(b'date', b'Thu, 24 Apr 2025 09:53:34 GMT'), (b'content-type', b'application/json; charset=utf-8'), (b'cf-ray', b'9354b6dd2aa5a20e-YYZ'), (b'cf-cache-status', b'DYNAMIC'), (b'content-encoding', b'gzip'), (b'strict-transport-security', b'max-age=31536000; includeSubDomains; preload'), (b'vary', b'Accept-Encoding'), (b'sb-gateway-version', b'1'), (b'sb-project-ref', b'ovuygqfkpifktcgslqvi'), (b'x-content-type-options', b'nosniff'), (b'x-envoy-attempt-count', b'1'), (b'x-envoy-upstream-service-time', b'18'), (b'server', b'cloudflare'), (b'alt-svc', b'h3=":443"; ma=86400')])
2025-04-24 05:53:34,234 - httpx - INFO - HTTP Request: POST https://ovuygqfkpifktcgslqvi.supabase.co/rest/v1/application_issues "HTTP/2 409 Conflict"
2025-04-24 05:53:34,234 - httpcore.http2 - DEBUG - receive_response_body.started request=<Request [b'POST']> stream_id=3
2025-04-24 05:53:34,234 - httpcore.http2 - DEBUG - receive_response_body.complete
2025-04-24 05:53:34,234 - httpcore.http2 - DEBUG - response_closed.started stream_id=3
2025-04-24 05:53:34,235 - httpcore.http2 - DEBUG - response_closed.complete
2025-04-24 05:53:34,235 - user_assistance_mcp - ERROR - Supabase API Error logging issue for ba37e68a-c5c2-46f5-9a8c-6c5ff52fd310: {'code': '23503', 'details': 'Key is not present in table "applications".', 'hint': None, 'message': 'insert or update on table "application_issues" violates foreign key constraint "application_issues_application_id_fkey"'}
2025-04-24 05:53:34,235 - user_assistance_mcp - ERROR - Details: Key is not present in table "applications"., Code: 23503, Hint: None, Message: insert or update on table "application_issues" violates foreign key constraint "application_issues_application_id_fkey"
2025-04-24 05:53:34,235 - user_assistance_mcp - ERROR - Traceback (most recent call last):
  File "/Users/leoyin/Development/ez_career/ez-career-service/mcp_servers/user_assistance_mcp.py", line 153, in log_application_issue
    response = supabase.table("application_issues").insert(issue_insert_data).execute()
               ^^^^^^^^^^^^^^^^^^^^^^^^^^^^^^^^^^^^^^^^^^^^^^^^^^^^^^^^^^^^^^^^^^^^^^^^
  File "/Users/leoyin/Development/ez_career/ez-career-service/.venv/lib/python3.12/site-packages/postgrest/_sync/request_builder.py", line 78, in execute
    raise APIError(r.json())
postgrest.exceptions.APIError: {'code': '23503', 'details': 'Key is not present in table "applications".', 'hint': None, 'message': 'insert or update on table "application_issues" violates foreign key constraint "application_issues_application_id_fkey"'}

2025-04-24 05:53:34,237 - mcp.server.lowlevel.server - DEBUG - Response sent
2025-04-24 05:53:34,238 - mcp.server.lowlevel.server - DEBUG - Received message: <mcp.shared.session.RequestResponder object at 0x103d8c680>
2025-04-24 05:53:34,238 - mcp.server.lowlevel.server - INFO - Processing request of type CallToolRequest
2025-04-24 05:53:34,238 - mcp.server.lowlevel.server - DEBUG - Dispatching request of type CallToolRequest
2025-04-24 05:53:34,238 - user_assistance_mcp - INFO - send_simple_notification called with title: Login Issue on LinkedIn
2025-04-24 05:53:34,238 - user_assistance_mcp - INFO - send_application_notification called with: user_id=fcbb6c29-b83f-448e-9a13-fe716f87c0af, title=Login Issue on LinkedIn, type=application_issue
2025-04-24 05:53:34,238 - user_assistance_mcp - INFO - Notification message: We encountered a problem logging into LinkedIn with your stored credentials, which blocked the upload of your resume. Please verify your login details and try again.
2025-04-24 05:53:34,238 - user_assistance_mcp - DEBUG - Preparing to insert notification into notifications table
2025-04-24 05:53:34,238 - user_assistance_mcp - DEBUG - Insert data: {'user_id': 'fcbb6c29-b83f-448e-9a13-fe716f87c0af', 'title': 'Login Issue on LinkedIn', 'content': 'We encountered a problem logging into LinkedIn with your stored credentials, which blocked the upload of your resume. Please verify your login details and try again.', 'type': 'application_issue', 'read': False, 'created_at': '2025-04-24T05:53:34.238962'}
2025-04-24 05:53:34,239 - user_assistance_mcp - DEBUG - Executing supabase insert for notifications
2025-04-24 05:53:34,239 - httpcore.http2 - DEBUG - send_request_headers.started request=<Request [b'POST']> stream_id=5
2025-04-24 05:53:34,239 - hpack.hpack - DEBUG - Adding (b':method', b'POST') to the header table, sensitive:False, huffman:True
2025-04-24 05:53:34,239 - hpack.hpack - DEBUG - Encoding 3 with 7 bits
2025-04-24 05:53:34,239 - hpack.hpack - DEBUG - Adding (b':authority', b'ovuygqfkpifktcgslqvi.supabase.co') to the header table, sensitive:False, huffman:True
2025-04-24 05:53:34,239 - hpack.hpack - DEBUG - Encoding 76 with 7 bits
2025-04-24 05:53:34,239 - hpack.hpack - DEBUG - Adding (b':scheme', b'https') to the header table, sensitive:False, huffman:True
2025-04-24 05:53:34,239 - hpack.hpack - DEBUG - Encoding 7 with 7 bits
2025-04-24 05:53:34,240 - hpack.hpack - DEBUG - Adding (b':path', b'/rest/v1/notifications') to the header table, sensitive:False, huffman:True
2025-04-24 05:53:34,240 - hpack.hpack - DEBUG - Encoding 4 with 6 bits
2025-04-24 05:53:34,240 - hpack.hpack - DEBUG - Encoding 15 with 7 bits
2025-04-24 05:53:34,240 - hpack.hpack - DEBUG - Adding (b'accept', b'*/*') to the header table, sensitive:False, huffman:True
2025-04-24 05:53:34,240 - hpack.hpack - DEBUG - Encoding 75 with 7 bits
2025-04-24 05:53:34,240 - hpack.hpack - DEBUG - Adding (b'accept-encoding', b'gzip, deflate, zstd') to the header table, sensitive:False, huffman:True
2025-04-24 05:53:34,240 - hpack.hpack - DEBUG - Encoding 74 with 7 bits
2025-04-24 05:53:34,240 - hpack.hpack - DEBUG - Adding (b'user-agent', b'python-httpx/0.28.1') to the header table, sensitive:False, huffman:True
2025-04-24 05:53:34,240 - hpack.hpack - DEBUG - Encoding 73 with 7 bits
2025-04-24 05:53:34,240 - hpack.hpack - DEBUG - Adding (b'x-client-info', b'supabase-py/2.15.0') to the header table, sensitive:False, huffman:True
2025-04-24 05:53:34,240 - hpack.hpack - DEBUG - Encoding 72 with 7 bits
2025-04-24 05:53:34,240 - hpack.hpack - DEBUG - Adding (b'apikey', b'eyJhbGciOiJIUzI1NiIsInR5cCI6IkpXVCJ9.eyJpc3MiOiJzdXBhYmFzZSIsInJlZiI6Im92dXlncWZrcGlma3RjZ3NscXZpIiwicm9sZSI6ImFub24iLCJpYXQiOjE3NDQ4NDYxOTQsImV4cCI6MjA2MDQyMjE5NH0.XM6UO8tT_eSaGotwzQrbaSI2ccDt3tPdKkWSA0BtEjE') to the header table, sensitive:False, huffman:True
2025-04-24 05:53:34,240 - hpack.hpack - DEBUG - Encoding 71 with 7 bits
2025-04-24 05:53:34,240 - hpack.hpack - DEBUG - Adding (b'authorization', b'Bearer eyJhbGciOiJIUzI1NiIsImtpZCI6InBoVlcwNEg1OXFSWUJmMmsiLCJ0eXAiOiJKV1QifQ.eyJpc3MiOiJodHRwczovL292dXlncWZrcGlma3RjZ3NscXZpLnN1cGFiYXNlLmNvL2F1dGgvdjEiLCJzdWIiOiJmY2JiNmMyOS1iODNmLTQ0OGUtOWExMy1mZTcxNmY4N2MwYWYiLCJhdWQiOiJhdXRoZW50aWNhdGVkIiwiZXhwIjoxNzQ1NDkxOTQwLCJpYXQiOjE3NDU0ODgzNDAsImVtYWlsIjoidGVzdEBnbWFpbC5jb20iLCJwaG9uZSI6IiIsImFwcF9tZXRhZGF0YSI6eyJwcm92aWRlciI6ImVtYWlsIiwicHJvdmlkZXJzIjpbImVtYWlsIl19LCJ1c2VyX21ldGFkYXRhIjp7ImVtYWlsX3ZlcmlmaWVkIjp0cnVlfSwicm9sZSI6ImF1dGhlbnRpY2F0ZWQiLCJhYWwiOiJhYWwxIiwiYW1yIjpbeyJtZXRob2QiOiJwYXNzd29yZCIsInRpbWVzdGFtcCI6MTc0NTQ4ODM0MH1dLCJzZXNzaW9uX2lkIjoiZmFiOWQ1ZTctZThmYy00MzdkLWE3ODktMGI2MTMzZGVjYjA5IiwiaXNfYW5vbnltb3VzIjpmYWxzZX0.h5VNnk94E-3IgwFDNBId_xjhIveAqXcg0jTAmMCZIc4') to the header table, sensitive:True, huffman:True
2025-04-24 05:53:34,240 - hpack.hpack - DEBUG - Encoding 23 with 4 bits
2025-04-24 05:53:34,241 - hpack.hpack - DEBUG - Encoding 586 with 7 bits
2025-04-24 05:53:34,241 - hpack.hpack - DEBUG - Adding (b'accept-profile', b'public') to the header table, sensitive:False, huffman:True
2025-04-24 05:53:34,241 - hpack.hpack - DEBUG - Encoding 70 with 7 bits
2025-04-24 05:53:34,241 - hpack.hpack - DEBUG - Adding (b'content-profile', b'public') to the header table, sensitive:False, huffman:True
2025-04-24 05:53:34,241 - hpack.hpack - DEBUG - Encoding 69 with 7 bits
2025-04-24 05:53:34,241 - hpack.hpack - DEBUG - Adding (b'prefer', b'return=representation') to the header table, sensitive:False, huffman:True
2025-04-24 05:53:34,241 - hpack.hpack - DEBUG - Encoding 64 with 7 bits
2025-04-24 05:53:34,241 - hpack.hpack - DEBUG - Adding (b'content-length', b'344') to the header table, sensitive:False, huffman:True
2025-04-24 05:53:34,241 - hpack.hpack - DEBUG - Encoding 28 with 6 bits
2025-04-24 05:53:34,241 - hpack.hpack - DEBUG - Encoding 3 with 7 bits
2025-04-24 05:53:34,241 - hpack.hpack - DEBUG - Adding (b'content-type', b'application/json') to the header table, sensitive:False, huffman:True
2025-04-24 05:53:34,241 - hpack.hpack - DEBUG - Encoding 67 with 7 bits
2025-04-24 05:53:34,241 - hpack.hpack - DEBUG - Encoded header block to b"\x83\xcc\x87D\x8fb\xc2\xa1,w\x0b\x15\x1d&\x94\xc4\x1aLz\x91\xcb\xca\xc9\xc8\xc7\x1f\x08\xff\xcb\x03\xbaQ\xd8[\x14/\xac\xb3\xc7\x88\x86\xd4l\xb98{\xc8\x1d&\xc8\x8c\x94\xa6\xbf\xdb\xd9\x1c\xc9U\xd3\xf1\xa0\x9e4\xe0\x98:\xbf0\xee\xe5\xc3-:)A\xb3\xde\xca\x02\xfeBmF\xcb\x9b\x88v\x1a]\x8b\x97\xd6Z\xc8\xce\x83j6S\xc9\x8fo\x82{?|\xe2|R~QQ9~\xd8LTR6v\xf4\xfdgJ\t\xf9\xfb^z\xb4\x84\x98\xb0\x9b\x9f\xe6\x9a3\xd3\xa7\xbeqa\x0c\x98\xa6\xef'L\x06\xcf{/\xb99d6\xa3e\xa7\x98\xb2\x9bM:=j\xdc\x13j\xbf\xa6\x9c\xfb\xf6\x03V.\t\xd5\xcb\x07\x9d\x1e\x83O\xee\xf2y\xd3O6\xb4\x8bG\x8e|\xb9\x9b=\xec\xb3\xc9\xcba\xb5\x1b,\xf2~m?\xef&\xc0>Zg\x93\x17\x1e\xb9\r\xe0\xdf\xbf\x93\xf8\xc9\xd0\xfet\xfb\xd8\x1d7\xfa\xf9\xd5\xbfg\x8c\xf7\xb2\xd7\xcf\xf3a\xb5t\xc0\xce\x9b\xfc\x01\xaa\xfc\xde\xf4\xdf\x85\x19)\xe2\x9e|\xa8FN\x874\x98\xb8\xfb\x93\x05\xda\xa3\xe5\x86\xb8\xef7\xd21\x00\xd9\xefe\xf0<O\xdb\xfb\xbb#\x99\r\x91\x19)\xc3\xe0\x98_O\xef\xe6\xd9\xffqa\x07=\xd9\x1c/\xac\xbe\tK\xe2\x1f-\xb4\x10\xd9\x1c\xc9O\x14\xf3\xe5B2\x1b\xc1\x89\x8f/y)\xa3\xaf\xef\xe6_y:W\x1eJx\xa7\x9f*\x11\x92\x80\xbf\x9e\xf6P\x90\\}~\x084I\x8b\x0f^\x7f\x9bg\xc9\xd2\xb7rS\xc5<\xf9P\x8f\xc6\x7fh%4R>\\z\xe4\xe9X\tW\x1a%\xdd\xe0\xc4\xa5\xf4~\xee\xc8\xe6Jp\x86LS\xd1\x1d[k\xe6, \xfd\xe5\xb0\xd9\xefe\x9f\x9f/\x06\xd4l\xb3\xf3\xe5\xe3\xceCx7>A\xf5\x93\xa5q\x97\xd6T\xfe\xfem<b\xd8mF\xcb\xe3\x9f\xe6\x9fr\t\xff_\xb7\xb2#%[k\x8f\x97\x1frb\xc2\x92^\xc8\xe6\x8d\xe4\x06\x9d\xfb\x1a\xd5\x7f@4c\x0c\x99\xefe\xf7\xfb\xf9\xa7\xd8\xf9?o\xe0\xa8\xeb\x93\xa1\xcd\xfbN\x13j\xe5\xb0?\xbb\xc8\x9f\xdd\xf3\xd3\xcf\xd0\x01\xa3\xdc\x9ds\xf2\xc0\xce\xab\xfdS\xa3\x16Ah\xdf\xa3\xdf\xee.=9\xf4\x85\xbc\x86\xf0a\xfei\x97\x9f&\xfb\xc7U\t\x8d\x9e>\xf2t\xae\x9e|\xbc\xfb\xfd\xfc\x02\xf3\xb7\xc7M]_k\x02\xcc\xe4\x9b\xc6\x1b\xfan\xe4\x92/='\xc9\xdc\xb0\xf6\xfc$\xc0\xe9\xbe\x1at^\xfd\xc8F\xbf\xc6\xc5\xc0\\\x83e\xa6\xbf\xc3"
2025-04-24 05:53:34,241 - httpcore.http2 - DEBUG - send_request_headers.complete
2025-04-24 05:53:34,241 - httpcore.http2 - DEBUG - send_request_body.started request=<Request [b'POST']> stream_id=5
2025-04-24 05:53:34,242 - httpcore.http2 - DEBUG - send_request_body.complete
2025-04-24 05:53:34,242 - httpcore.http2 - DEBUG - receive_response_headers.started request=<Request [b'POST']> stream_id=5
2025-04-24 05:53:34,566 - hpack.hpack - DEBUG - Decoding b'\x8c\xce\xcd\x7f\r\x8f}\x96\xda\x8d\xc9%l\x80xb\x01V\xe7\xcf\xf7\xcc\xcb\xca\xc9\xc8\xc7\xc6\xc5\x7f\x05\x012\xc4\xc3'
2025-04-24 05:53:34,567 - hpack.hpack - DEBUG - Decoded 12, consumed 1 bytes
2025-04-24 05:53:34,567 - hpack.hpack - DEBUG - Decoded (b':status', b'400'), consumed 1
2025-04-24 05:53:34,567 - hpack.hpack - DEBUG - Decoded 78, consumed 1 bytes
2025-04-24 05:53:34,567 - hpack.hpack - DEBUG - Decoded (b'date', b'Thu, 24 Apr 2025 09:53:34 GMT'), consumed 1
2025-04-24 05:53:34,567 - hpack.hpack - DEBUG - Decoded 77, consumed 1 bytes
2025-04-24 05:53:34,567 - hpack.hpack - DEBUG - Decoded (b'content-type', b'application/json; charset=utf-8'), consumed 1
2025-04-24 05:53:34,568 - hpack.hpack - DEBUG - Decoded 76, consumed 2 bytes
2025-04-24 05:53:34,568 - hpack.hpack - DEBUG - Decoded 15, consumed 1 bytes
2025-04-24 05:53:34,568 - hpack.hpack - DEBUG - Decoded (b'cf-ray', b'9354b6df5c08a20e-YYZ'), total consumed 18 bytes, indexed True
2025-04-24 05:53:34,568 - hpack.hpack - DEBUG - Decoded 76, consumed 1 bytes
2025-04-24 05:53:34,568 - hpack.hpack - DEBUG - Decoded (b'cf-cache-status', b'DYNAMIC'), consumed 1
2025-04-24 05:53:34,568 - hpack.hpack - DEBUG - Decoded 75, consumed 1 bytes
2025-04-24 05:53:34,568 - hpack.hpack - DEBUG - Decoded (b'content-encoding', b'gzip'), consumed 1
2025-04-24 05:53:34,568 - hpack.hpack - DEBUG - Decoded 74, consumed 1 bytes
2025-04-24 05:53:34,568 - hpack.hpack - DEBUG - Decoded (b'strict-transport-security', b'max-age=31536000; includeSubDomains; preload'), consumed 1
2025-04-24 05:53:34,568 - hpack.hpack - DEBUG - Decoded 73, consumed 1 bytes
2025-04-24 05:53:34,568 - hpack.hpack - DEBUG - Decoded (b'vary', b'Accept-Encoding'), consumed 1
2025-04-24 05:53:34,568 - hpack.hpack - DEBUG - Decoded 72, consumed 1 bytes
2025-04-24 05:53:34,568 - hpack.hpack - DEBUG - Decoded (b'sb-gateway-version', <memory at 0x10430ba00>), consumed 1
2025-04-24 05:53:34,568 - hpack.hpack - DEBUG - Decoded 71, consumed 1 bytes
2025-04-24 05:53:34,568 - hpack.hpack - DEBUG - Decoded (b'sb-project-ref', b'ovuygqfkpifktcgslqvi'), consumed 1
2025-04-24 05:53:34,568 - hpack.hpack - DEBUG - Decoded 70, consumed 1 bytes
2025-04-24 05:53:34,569 - hpack.hpack - DEBUG - Decoded (b'x-content-type-options', b'nosniff'), consumed 1
2025-04-24 05:53:34,569 - hpack.hpack - DEBUG - Decoded 69, consumed 1 bytes
2025-04-24 05:53:34,569 - hpack.hpack - DEBUG - Decoded (b'x-envoy-attempt-count', <memory at 0x10430bb80>), consumed 1
2025-04-24 05:53:34,569 - hpack.hpack - DEBUG - Decoded 68, consumed 2 bytes
2025-04-24 05:53:34,569 - hpack.hpack - DEBUG - Decoded 1, consumed 1 bytes
2025-04-24 05:53:34,569 - hpack.hpack - DEBUG - Decoded (b'x-envoy-upstream-service-time', <memory at 0x10430b640>), total consumed 4 bytes, indexed True
2025-04-24 05:53:34,569 - hpack.hpack - DEBUG - Decoded 68, consumed 1 bytes
2025-04-24 05:53:34,569 - hpack.hpack - DEBUG - Decoded (b'server', b'cloudflare'), consumed 1
2025-04-24 05:53:34,569 - hpack.hpack - DEBUG - Decoded 67, consumed 1 bytes
2025-04-24 05:53:34,569 - hpack.hpack - DEBUG - Decoded (b'alt-svc', b'h3=":443"; ma=86400'), consumed 1
2025-04-24 05:53:34,569 - httpcore.http2 - DEBUG - receive_response_headers.complete return_value=(400, [(b'date', b'Thu, 24 Apr 2025 09:53:34 GMT'), (b'content-type', b'application/json; charset=utf-8'), (b'cf-ray', b'9354b6df5c08a20e-YYZ'), (b'cf-cache-status', b'DYNAMIC'), (b'content-encoding', b'gzip'), (b'strict-transport-security', b'max-age=31536000; includeSubDomains; preload'), (b'vary', b'Accept-Encoding'), (b'sb-gateway-version', b'1'), (b'sb-project-ref', b'ovuygqfkpifktcgslqvi'), (b'x-content-type-options', b'nosniff'), (b'x-envoy-attempt-count', b'1'), (b'x-envoy-upstream-service-time', b'2'), (b'server', b'cloudflare'), (b'alt-svc', b'h3=":443"; ma=86400')])
2025-04-24 05:53:34,570 - httpx - INFO - HTTP Request: POST https://ovuygqfkpifktcgslqvi.supabase.co/rest/v1/notifications "HTTP/2 400 Bad Request"
2025-04-24 05:53:34,570 - httpcore.http2 - DEBUG - receive_response_body.started request=<Request [b'POST']> stream_id=5
2025-04-24 05:53:34,570 - httpcore.http2 - DEBUG - receive_response_body.complete
2025-04-24 05:53:34,570 - httpcore.http2 - DEBUG - response_closed.started stream_id=5
2025-04-24 05:53:34,571 - httpcore.http2 - DEBUG - response_closed.complete
2025-04-24 05:53:34,571 - user_assistance_mcp - ERROR - Supabase API Error sending notification: {'code': '23514', 'details': None, 'hint': None, 'message': 'new row for relation "notifications" violates check constraint "notifications_type_check"'}
2025-04-24 05:53:34,571 - user_assistance_mcp - ERROR - Details: None, Code: 23514, Hint: None, Message: new row for relation "notifications" violates check constraint "notifications_type_check"
2025-04-24 05:53:34,572 - user_assistance_mcp - ERROR - Traceback (most recent call last):
  File "/Users/leoyin/Development/ez_career/ez-career-service/mcp_servers/user_assistance_mcp.py", line 264, in send_application_notification
    response = supabase.table("notifications").insert(insert_data).execute()
               ^^^^^^^^^^^^^^^^^^^^^^^^^^^^^^^^^^^^^^^^^^^^^^^^^^^^^^^^^^^^^
  File "/Users/leoyin/Development/ez_career/ez-career-service/.venv/lib/python3.12/site-packages/postgrest/_sync/request_builder.py", line 78, in execute
    raise APIError(r.json())
postgrest.exceptions.APIError: {'code': '23514', 'details': None, 'hint': None, 'message': 'new row for relation "notifications" violates check constraint "notifications_type_check"'}

2025-04-24 05:53:34,573 - mcp.server.lowlevel.server - DEBUG - Response sent
2025-04-24 05:53:39,386 - mcp.server.lowlevel.server - DEBUG - Received message: <mcp.shared.session.RequestResponder object at 0x10450a120>
2025-04-24 05:53:39,387 - mcp.server.lowlevel.server - INFO - Processing request of type ListToolsRequest
2025-04-24 05:53:39,387 - mcp.server.lowlevel.server - DEBUG - Dispatching request of type ListToolsRequest
2025-04-24 05:53:39,388 - mcp.server.lowlevel.server - DEBUG - Response sent
2025-04-24 05:53:41,430 - mcp.server.lowlevel.server - DEBUG - Received message: <mcp.shared.session.RequestResponder object at 0x104355c10>
2025-04-24 05:53:41,430 - mcp.server.lowlevel.server - INFO - Processing request of type CallToolRequest
2025-04-24 05:53:41,431 - mcp.server.lowlevel.server - DEBUG - Dispatching request of type CallToolRequest
2025-04-24 05:53:41,431 - user_assistance_mcp - INFO - log_simple_issue called for Various at LinkedIn
2025-04-24 05:53:41,431 - user_assistance_mcp - INFO - Generated application_id: f37167f8-f8f1-49b6-8bac-18b0321cb350
2025-04-24 05:53:41,431 - user_assistance_mcp - INFO - log_application_issue called with: user_id=fcbb6c29-b83f-448e-9a13-fe716f87c0af, application_id=f37167f8-f8f1-49b6-8bac-18b0321cb350, company=LinkedIn, position=Various, issue_type=technical_barrier
2025-04-24 05:53:41,431 - user_assistance_mcp - INFO - Issue details: Unable to log into LinkedIn with stored credentials, preventing resume upload and job applications.
2025-04-24 05:53:41,431 - user_assistance_mcp - DEBUG - Upserting basic application record for application_id: f37167f8-f8f1-49b6-8bac-18b0321cb350
2025-04-24 05:53:41,432 - httpcore.connection - DEBUG - close.started
2025-04-24 05:53:41,432 - httpcore.connection - DEBUG - close.complete
2025-04-24 05:53:41,432 - httpcore.connection - DEBUG - connect_tcp.started host='ovuygqfkpifktcgslqvi.supabase.co' port=443 local_address=None timeout=120 socket_options=None
2025-04-24 05:53:41,446 - httpcore.connection - DEBUG - connect_tcp.complete return_value=<httpcore._backends.sync.SyncStream object at 0x104532d50>
2025-04-24 05:53:41,446 - httpcore.connection - DEBUG - start_tls.started ssl_context=<ssl.SSLContext object at 0x104525750> server_hostname='ovuygqfkpifktcgslqvi.supabase.co' timeout=120
2025-04-24 05:53:41,462 - httpcore.connection - DEBUG - start_tls.complete return_value=<httpcore._backends.sync.SyncStream object at 0x104532e40>
2025-04-24 05:53:41,462 - httpcore.http2 - DEBUG - send_connection_init.started request=<Request [b'POST']>
2025-04-24 05:53:41,462 - httpcore.http2 - DEBUG - send_connection_init.complete
2025-04-24 05:53:41,462 - httpcore.http2 - DEBUG - send_request_headers.started request=<Request [b'POST']> stream_id=1
2025-04-24 05:53:41,462 - hpack.hpack - DEBUG - Adding (b':method', b'POST') to the header table, sensitive:False, huffman:True
2025-04-24 05:53:41,462 - hpack.hpack - DEBUG - Encoding 3 with 7 bits
2025-04-24 05:53:41,463 - hpack.hpack - DEBUG - Adding (b':authority', b'ovuygqfkpifktcgslqvi.supabase.co') to the header table, sensitive:False, huffman:True
2025-04-24 05:53:41,463 - hpack.hpack - DEBUG - Encoding 1 with 6 bits
2025-04-24 05:53:41,463 - hpack.hpack - DEBUG - Encoding 24 with 7 bits
2025-04-24 05:53:41,463 - hpack.hpack - DEBUG - Adding (b':scheme', b'https') to the header table, sensitive:False, huffman:True
2025-04-24 05:53:41,463 - hpack.hpack - DEBUG - Encoding 7 with 7 bits
2025-04-24 05:53:41,463 - hpack.hpack - DEBUG - Adding (b':path', b'/rest/v1/applications') to the header table, sensitive:False, huffman:True
2025-04-24 05:53:41,463 - hpack.hpack - DEBUG - Encoding 4 with 6 bits
2025-04-24 05:53:41,463 - hpack.hpack - DEBUG - Encoding 15 with 7 bits
2025-04-24 05:53:41,463 - hpack.hpack - DEBUG - Adding (b'accept', b'*/*') to the header table, sensitive:False, huffman:True
2025-04-24 05:53:41,463 - hpack.hpack - DEBUG - Encoding 19 with 6 bits
2025-04-24 05:53:41,463 - hpack.hpack - DEBUG - Encoding 3 with 7 bits
2025-04-24 05:53:41,463 - hpack.hpack - DEBUG - Adding (b'accept-encoding', b'gzip, deflate, zstd') to the header table, sensitive:False, huffman:True
2025-04-24 05:53:41,463 - hpack.hpack - DEBUG - Encoding 16 with 6 bits
2025-04-24 05:53:41,463 - hpack.hpack - DEBUG - Encoding 15 with 7 bits
2025-04-24 05:53:41,463 - hpack.hpack - DEBUG - Adding (b'user-agent', b'python-httpx/0.28.1') to the header table, sensitive:False, huffman:True
2025-04-24 05:53:41,463 - hpack.hpack - DEBUG - Encoding 58 with 6 bits
2025-04-24 05:53:41,463 - hpack.hpack - DEBUG - Encoding 14 with 7 bits
2025-04-24 05:53:41,463 - hpack.hpack - DEBUG - Adding (b'x-client-info', b'supabase-py/2.15.0') to the header table, sensitive:False, huffman:True
2025-04-24 05:53:41,463 - hpack.hpack - DEBUG - Encoding 10 with 7 bits
2025-04-24 05:53:41,463 - hpack.hpack - DEBUG - Encoding 13 with 7 bits
2025-04-24 05:53:41,463 - hpack.hpack - DEBUG - Adding (b'apikey', b'eyJhbGciOiJIUzI1NiIsInR5cCI6IkpXVCJ9.eyJpc3MiOiJzdXBhYmFzZSIsInJlZiI6Im92dXlncWZrcGlma3RjZ3NscXZpIiwicm9sZSI6ImFub24iLCJpYXQiOjE3NDQ4NDYxOTQsImV4cCI6MjA2MDQyMjE5NH0.XM6UO8tT_eSaGotwzQrbaSI2ccDt3tPdKkWSA0BtEjE') to the header table, sensitive:False, huffman:True
2025-04-24 05:53:41,464 - hpack.hpack - DEBUG - Encoding 5 with 7 bits
2025-04-24 05:53:41,464 - hpack.hpack - DEBUG - Encoding 167 with 7 bits
2025-04-24 05:53:41,464 - hpack.hpack - DEBUG - Adding (b'authorization', b'Bearer eyJhbGciOiJIUzI1NiIsImtpZCI6InBoVlcwNEg1OXFSWUJmMmsiLCJ0eXAiOiJKV1QifQ.eyJpc3MiOiJodHRwczovL292dXlncWZrcGlma3RjZ3NscXZpLnN1cGFiYXNlLmNvL2F1dGgvdjEiLCJzdWIiOiJmY2JiNmMyOS1iODNmLTQ0OGUtOWExMy1mZTcxNmY4N2MwYWYiLCJhdWQiOiJhdXRoZW50aWNhdGVkIiwiZXhwIjoxNzQ1NDkxOTQwLCJpYXQiOjE3NDU0ODgzNDAsImVtYWlsIjoidGVzdEBnbWFpbC5jb20iLCJwaG9uZSI6IiIsImFwcF9tZXRhZGF0YSI6eyJwcm92aWRlciI6ImVtYWlsIiwicHJvdmlkZXJzIjpbImVtYWlsIl19LCJ1c2VyX21ldGFkYXRhIjp7ImVtYWlsX3ZlcmlmaWVkIjp0cnVlfSwicm9sZSI6ImF1dGhlbnRpY2F0ZWQiLCJhYWwiOiJhYWwxIiwiYW1yIjpbeyJtZXRob2QiOiJwYXNzd29yZCIsInRpbWVzdGFtcCI6MTc0NTQ4ODM0MH1dLCJzZXNzaW9uX2lkIjoiZmFiOWQ1ZTctZThmYy00MzdkLWE3ODktMGI2MTMzZGVjYjA5IiwiaXNfYW5vbnltb3VzIjpmYWxzZX0.h5VNnk94E-3IgwFDNBId_xjhIveAqXcg0jTAmMCZIc4') to the header table, sensitive:True, huffman:True
2025-04-24 05:53:41,464 - hpack.hpack - DEBUG - Encoding 23 with 4 bits
2025-04-24 05:53:41,464 - hpack.hpack - DEBUG - Encoding 586 with 7 bits
2025-04-24 05:53:41,464 - hpack.hpack - DEBUG - Adding (b'accept-profile', b'public') to the header table, sensitive:False, huffman:True
2025-04-24 05:53:41,464 - hpack.hpack - DEBUG - Encoding 10 with 7 bits
2025-04-24 05:53:41,464 - hpack.hpack - DEBUG - Encoding 5 with 7 bits
2025-04-24 05:53:41,464 - hpack.hpack - DEBUG - Adding (b'content-profile', b'public') to the header table, sensitive:False, huffman:True
2025-04-24 05:53:41,465 - hpack.hpack - DEBUG - Encoding 11 with 7 bits
2025-04-24 05:53:41,465 - hpack.hpack - DEBUG - Encoding 5 with 7 bits
2025-04-24 05:53:41,465 - hpack.hpack - DEBUG - Adding (b'prefer', b'return=representation,resolution=merge-duplicates') to the header table, sensitive:False, huffman:True
2025-04-24 05:53:41,465 - hpack.hpack - DEBUG - Encoding 5 with 7 bits
2025-04-24 05:53:41,465 - hpack.hpack - DEBUG - Encoding 34 with 7 bits
2025-04-24 05:53:41,465 - hpack.hpack - DEBUG - Adding (b'content-length', b'213') to the header table, sensitive:False, huffman:True
2025-04-24 05:53:41,465 - hpack.hpack - DEBUG - Encoding 28 with 6 bits
2025-04-24 05:53:41,465 - hpack.hpack - DEBUG - Encoding 2 with 7 bits
2025-04-24 05:53:41,465 - hpack.hpack - DEBUG - Adding (b'content-type', b'application/json') to the header table, sensitive:False, huffman:True
2025-04-24 05:53:41,465 - hpack.hpack - DEBUG - Encoding 31 with 6 bits
2025-04-24 05:53:41,465 - hpack.hpack - DEBUG - Encoding 11 with 7 bits
2025-04-24 05:53:41,465 - hpack.hpack - DEBUG - Encoded header block to b"\x83A\x98?{}M\xda^\xb5\x9a^\xa9$\xc8\xa3\xb7s.\x8bk\x1ccAW!\xff\x87D\x8fb\xc2\xa1,w\x0b\x03\xae\xba\x0cA\xa4\xc7\xa9\x1fS\x83\xf9c\xe7P\x8f\x9b\xd9\xab\xfaRB\xcb@\xd2_\xa5=\xa12\x7fz\x8e\xaf\xd2g=KN\x94\xd7\xe5\x80.'\x97\x0f@\x8a\xf2\xb1(1jJ\xc6\xaaS\xff\x8dE\xb5\x8e1\xa0\xabW\xe9\x81.\x16\xd7\x07@\x85\x1df\xea__\xff(/\xac\xb3\xc7\x88\x86\xd4l\xb98{\xc8\x1d&\xc8\x8c\x95ml\x97\xb29\x93\xad\x7f\x9coe}r\xfa\xcbY\x19\xd0mF\xcb\xeeO\xcb\xb3\xf3\xa7\x0f\xbf\xdd\xd9\x11\x92\xac\xb4~\x9b#\x99)|R~QQ9~\xd8LTR6v\xf4\xfdgJ\t\xf9\xfb^Cx1)}\x1f\xbb\xb29\x92\x9c6\xc6&\x8d\x9e\xf6Z\xf9\xfel6\xae\x98\x19\xd3\x7fcZo\xf3\xf3\xab~\xc4d\xa7\x8bD\xbd\x91\xcd\x1d!\x16\x8b\xfb=h\xe9\x81\xbd8\xc0\xbf\xe6\x878jy;\xe2.\xe1\xe2:|{\xd9dc\xdd\x90D%\xf4\xb2\x9drf\xeb\xcbt \xba\x9c\x1d0\x7f\x1f\x08\xff\xcb\x03\xbaQ\xd8[\x14/\xac\xb3\xc7\x88\x86\xd4l\xb98{\xc8\x1d&\xc8\x8c\x94\xa6\xbf\xdb\xd9\x1c\xc9U\xd3\xf1\xa0\x9e4\xe0\x98:\xbf0\xee\xe5\xc3-:)A\xb3\xde\xca\x02\xfeBmF\xcb\x9b\x88v\x1a]\x8b\x97\xd6Z\xc8\xce\x83j6S\xc9\x8fo\x82{?|\xe2|R~QQ9~\xd8LTR6v\xf4\xfdgJ\t\xf9\xfb^z\xb4\x84\x98\xb0\x9b\x9f\xe6\x9a3\xd3\xa7\xbeqa\x0c\x98\xa6\xef'L\x06\xcf{/\xb99d6\xa3e\xa7\x98\xb2\x9bM:=j\xdc\x13j\xbf\xa6\x9c\xfb\xf6\x03V.\t\xd5\xcb\x07\x9d\x1e\x83O\xee\xf2y\xd3O6\xb4\x8bG\x8e|\xb9\x9b=\xec\xb3\xc9\xcba\xb5\x1b,\xf2~m?\xef&\xc0>Zg\x93\x17\x1e\xb9\r\xe0\xdf\xbf\x93\xf8\xc9\xd0\xfet\xfb\xd8\x1d7\xfa\xf9\xd5\xbfg\x8c\xf7\xb2\xd7\xcf\xf3a\xb5t\xc0\xce\x9b\xfc\x01\xaa\xfc\xde\xf4\xdf\x85\x19)\xe2\x9e|\xa8FN\x874\x98\xb8\xfb\x93\x05\xda\xa3\xe5\x86\xb8\xef7\xd21\x00\xd9\xefe\xf0<O\xdb\xfb\xbb#\x99\r\x91\x19)\xc3\xe0\x98_O\xef\xe6\xd9\xffqa\x07=\xd9\x1c/\xac\xbe\tK\xe2\x1f-\xb4\x10\xd9\x1c\xc9O\x14\xf3\xe5B2\x1b\xc1\x89\x8f/y)\xa3\xaf\xef\xe6_y:W\x1eJx\xa7\x9f*\x11\x92\x80\xbf\x9e\xf6P\x90\\}~\x084I\x8b\x0f^\x7f\x9bg\xc9\xd2\xb7rS\xc5<\xf9P\x8f\xc6\x7fh%4R>\\z\xe4\xe9X\tW\x1a%\xdd\xe0\xc4\xa5\xf4~\xee\xc8\xe6Jp\x86LS\xd1\x1d[k\xe6, \xfd\xe5\xb0\xd9\xefe\x9f\x9f/\x06\xd4l\xb3\xf3\xe5\xe3\xceCx7>A\xf5\x93\xa5q\x97\xd6T\xfe\xfem<b\xd8mF\xcb\xe3\x9f\xe6\x9fr\t\xff_\xb7\xb2#%[k\x8f\x97\x1frb\xc2\x92^\xc8\xe6\x8d\xe4\x06\x9d\xfb\x1a\xd5\x7f@4c\x0c\x99\xefe\xf7\xfb\xf9\xa7\xd8\xf9?o\xe0\xa8\xeb\x93\xa1\xcd\xfbN\x13j\xe5\xb0?\xbb\xc8\x9f\xdd\xf3\xd3\xcf\xd0\x01\xa3\xdc\x9ds\xf2\xc0\xce\xab\xfdS\xa3\x16Ah\xdf\xa3\xdf\xee.=9\xf4\x85\xbc\x86\xf0a\xfei\x97\x9f&\xfb\xc7U\t\x8d\x9e>\xf2t\xae\x9e|\xbc\xfb\xfd\xfc\x02\xf3\xb7\xc7M]_k\x02\xcc\xe4\x9b\xc6\x1b\xfan\xe4\x92/='\xc9\xdc\xb0\xf6\xfc$\xc0\xe9\xbe\x1at^\xfd\xc8F\xbf@\x8a\x19\x08Z\xd2\xb5v\x1eSP_\x85\xae\xd8\xe81?@\x8b!\xeaIjJ\xd5\xd8yMA\x7f\x85\xae\xd8\xe81?@\x85\xae\xc2\xca[?\xa2\xb0\xa9\xb6\xca\xa0\xb0\xb5\xd8T\x16\xa4\x8d&=_V\x15\x07\xa2\xd4\x98\xf5AIl\x98\xabImt\x18\x83IQ\\\x82\x10Y_\x8b\x1du\xd0b\r&=LtA\xea"
2025-04-24 05:53:41,465 - httpcore.http2 - DEBUG - send_request_headers.complete
2025-04-24 05:53:41,465 - httpcore.http2 - DEBUG - send_request_body.started request=<Request [b'POST']> stream_id=1
2025-04-24 05:53:41,465 - httpcore.http2 - DEBUG - send_request_body.complete
2025-04-24 05:53:41,465 - httpcore.http2 - DEBUG - receive_response_headers.started request=<Request [b'POST']> stream_id=1
2025-04-24 05:53:41,468 - httpcore.http2 - DEBUG - receive_remote_settings.started
2025-04-24 05:53:41,469 - httpcore.http2 - DEBUG - receive_remote_settings.complete return_value=<RemoteSettingsChanged changed_settings:{ChangedSetting(setting=3, original_value=None, new_value=100), ChangedSetting(setting=4, original_value=65535, new_value=65536), ChangedSetting(setting=5, original_value=16384, new_value=16777215)}>
2025-04-24 05:53:41,515 - hpack.hpack - DEBUG - Decoding b'?\xe1\x1f\x8ca\x96\xdf=\xbfJ\t\xa5!\xae\xc5\x04\x016\xa0\x1f\xb8\xdb7\x1a\n\x98\xb4o_\x96\x1du\xd0b\r&=LtA\xea\xfbP\x93\x8e\xc4\x150Z\x99V{@\x85$\xabX?_\x8f}\x96\xda\x8d\xd0\x0c\xb2\x80\x92\xb4B-\xcf\x9f\xef@\x8a$\xab\x10d\x9c\xab!#M\xa8\x86\xbf\xcfL:2^Z\x83\x9b\xd9\xabx\xa0\xa4~V\x1c\xc5\x81\x90\xb6\xcb\x80\x00>\xd45D\xa2\xd9\x0b\xba\xd8\xef\x9e\x91\x9a\xa4}\xa9]\x85\xa0\xe3\x93{\x8b\x84\x84-i[\x05D<\x86\xaao@\x8dDkL4\x97\xc0\xfd-\xdc\xb6 \xc7\xab\x011@\x8aDkWa\xfa\x14\x89Z\xc2\xcb\x90?{}M\xda^\xb5\x9a^\xa9$\xc8\xa3\xb7s\x7f@\x90\xf2\xb1\x0fRKRVO\xaa\xca\xb1\xebI\x8fR?\x85\xa8\xe8\xa8\xd2\xcb@\x8f\xf2\xb1j\xee\x7fK\r)-5\xa5b\x1e\xda\x93\x011@\x95\xf2\xb1j\xee\x7fK[Z\x13aGJ\xc8-\x9d\xccB\xac\x93R_\x013v\x87%\x07\xb6Ih\x1d\x85@\x85\x1d\tY\x1d\xc9\x90\x9d\x98?\x9b\x8d4\xcf\xf3\xf6\xa5#\x81\xe7\x1a\x00?'
2025-04-24 05:53:41,515 - hpack.hpack - DEBUG - Decoded 4096, consumed 3 bytes
2025-04-24 05:53:41,516 - hpack.table - DEBUG - Resizing header table to 4096 from 4096
2025-04-24 05:53:41,516 - hpack.hpack - DEBUG - Decoded 12, consumed 1 bytes
2025-04-24 05:53:41,516 - hpack.hpack - DEBUG - Decoded (b':status', b'400'), consumed 1
2025-04-24 05:53:41,516 - hpack.hpack - DEBUG - Decoded 33, consumed 1 bytes
2025-04-24 05:53:41,516 - hpack.hpack - DEBUG - Decoded 22, consumed 1 bytes
2025-04-24 05:53:41,516 - hpack.hpack - DEBUG - Decoded (b'date', b'Thu, 24 Apr 2025 09:53:41 GMT'), total consumed 24 bytes, indexed True
2025-04-24 05:53:41,517 - hpack.hpack - DEBUG - Decoded 31, consumed 1 bytes
2025-04-24 05:53:41,517 - hpack.hpack - DEBUG - Decoded 22, consumed 1 bytes
2025-04-24 05:53:41,517 - hpack.hpack - DEBUG - Decoded (b'content-type', b'application/json; charset=utf-8'), total consumed 24 bytes, indexed True
2025-04-24 05:53:41,517 - hpack.hpack - DEBUG - Decoded 5, consumed 1 bytes
2025-04-24 05:53:41,517 - hpack.hpack - DEBUG - Decoded 15, consumed 1 bytes
2025-04-24 05:53:41,517 - hpack.hpack - DEBUG - Decoded (b'cf-ray', b'9354b70aef0cf4cc-YYZ'), total consumed 23 bytes, indexed True
2025-04-24 05:53:41,517 - hpack.hpack - DEBUG - Decoded 10, consumed 1 bytes
2025-04-24 05:53:41,517 - hpack.hpack - DEBUG - Decoded 6, consumed 1 bytes
2025-04-24 05:53:41,518 - hpack.hpack - DEBUG - Decoded (b'cf-cache-status', b'DYNAMIC'), total consumed 19 bytes, indexed True
2025-04-24 05:53:41,518 - hpack.hpack - DEBUG - Decoded 26, consumed 1 bytes
2025-04-24 05:53:41,518 - hpack.hpack - DEBUG - Decoded 3, consumed 1 bytes
2025-04-24 05:53:41,518 - hpack.hpack - DEBUG - Decoded (b'content-encoding', b'gzip'), total consumed 5 bytes, indexed True
2025-04-24 05:53:41,518 - hpack.hpack - DEBUG - Decoded 56, consumed 1 bytes
2025-04-24 05:53:41,518 - hpack.hpack - DEBUG - Decoded 32, consumed 1 bytes
2025-04-24 05:53:41,518 - hpack.hpack - DEBUG - Decoded (b'strict-transport-security', b'max-age=31536000; includeSubDomains; preload'), total consumed 34 bytes, indexed True
2025-04-24 05:53:41,518 - hpack.hpack - DEBUG - Decoded 59, consumed 1 bytes
2025-04-24 05:53:41,518 - hpack.hpack - DEBUG - Decoded 11, consumed 1 bytes
2025-04-24 05:53:41,519 - hpack.hpack - DEBUG - Decoded (b'vary', b'Accept-Encoding'), total consumed 13 bytes, indexed True
2025-04-24 05:53:41,519 - hpack.hpack - DEBUG - Decoded 13, consumed 1 bytes
2025-04-24 05:53:41,519 - hpack.hpack - DEBUG - Decoded 1, consumed 1 bytes
2025-04-24 05:53:41,519 - hpack.hpack - DEBUG - Decoded (b'sb-gateway-version', <memory at 0x10454c1c0>), total consumed 17 bytes, indexed True
2025-04-24 05:53:41,519 - hpack.hpack - DEBUG - Decoded 10, consumed 1 bytes
2025-04-24 05:53:41,519 - hpack.hpack - DEBUG - Decoded 16, consumed 1 bytes
2025-04-24 05:53:41,519 - hpack.hpack - DEBUG - Decoded (b'sb-project-ref', b'ovuygqfkpifktcgslqvi'), total consumed 29 bytes, indexed True
2025-04-24 05:53:41,519 - hpack.hpack - DEBUG - Decoded 16, consumed 1 bytes
2025-04-24 05:53:41,519 - hpack.hpack - DEBUG - Decoded 5, consumed 1 bytes
2025-04-24 05:53:41,519 - hpack.hpack - DEBUG - Decoded (b'x-content-type-options', b'nosniff'), total consumed 24 bytes, indexed True
2025-04-24 05:53:41,519 - hpack.hpack - DEBUG - Decoded 15, consumed 1 bytes
2025-04-24 05:53:41,519 - hpack.hpack - DEBUG - Decoded 1, consumed 1 bytes
2025-04-24 05:53:41,519 - hpack.hpack - DEBUG - Decoded (b'x-envoy-attempt-count', <memory at 0x10454c340>), total consumed 19 bytes, indexed True
2025-04-24 05:53:41,519 - hpack.hpack - DEBUG - Decoded 21, consumed 1 bytes
2025-04-24 05:53:41,519 - hpack.hpack - DEBUG - Decoded 1, consumed 1 bytes
2025-04-24 05:53:41,519 - hpack.hpack - DEBUG - Decoded (b'x-envoy-upstream-service-time', <memory at 0x10454c280>), total consumed 25 bytes, indexed True
2025-04-24 05:53:41,520 - hpack.hpack - DEBUG - Decoded 54, consumed 1 bytes
2025-04-24 05:53:41,520 - hpack.hpack - DEBUG - Decoded 7, consumed 1 bytes
2025-04-24 05:53:41,520 - hpack.hpack - DEBUG - Decoded (b'server', b'cloudflare'), total consumed 9 bytes, indexed True
2025-04-24 05:53:41,520 - hpack.hpack - DEBUG - Decoded 5, consumed 1 bytes
2025-04-24 05:53:41,520 - hpack.hpack - DEBUG - Decoded 16, consumed 1 bytes
2025-04-24 05:53:41,520 - hpack.hpack - DEBUG - Decoded (b'alt-svc', b'h3=":443"; ma=86400'), total consumed 24 bytes, indexed True
2025-04-24 05:53:41,520 - httpcore.http2 - DEBUG - receive_response_headers.complete return_value=(400, [(b'date', b'Thu, 24 Apr 2025 09:53:41 GMT'), (b'content-type', b'application/json; charset=utf-8'), (b'cf-ray', b'9354b70aef0cf4cc-YYZ'), (b'cf-cache-status', b'DYNAMIC'), (b'content-encoding', b'gzip'), (b'strict-transport-security', b'max-age=31536000; includeSubDomains; preload'), (b'vary', b'Accept-Encoding'), (b'sb-gateway-version', b'1'), (b'sb-project-ref', b'ovuygqfkpifktcgslqvi'), (b'x-content-type-options', b'nosniff'), (b'x-envoy-attempt-count', b'1'), (b'x-envoy-upstream-service-time', b'3'), (b'server', b'cloudflare'), (b'alt-svc', b'h3=":443"; ma=86400')])
2025-04-24 05:53:41,520 - httpx - INFO - HTTP Request: POST https://ovuygqfkpifktcgslqvi.supabase.co/rest/v1/applications "HTTP/2 400 Bad Request"
2025-04-24 05:53:41,521 - httpcore.http2 - DEBUG - receive_response_body.started request=<Request [b'POST']> stream_id=1
2025-04-24 05:53:41,521 - httpcore.http2 - DEBUG - receive_response_body.complete
2025-04-24 05:53:41,521 - httpcore.http2 - DEBUG - response_closed.started stream_id=1
2025-04-24 05:53:41,521 - httpcore.http2 - DEBUG - response_closed.complete
2025-04-24 05:53:41,521 - user_assistance_mcp - ERROR - Error upserting application record for f37167f8-f8f1-49b6-8bac-18b0321cb350: {'code': '23514', 'details': None, 'hint': None, 'message': 'new row for relation "applications" violates check constraint "applications_status_check"'}
2025-04-24 05:53:41,522 - user_assistance_mcp - ERROR - Traceback (most recent call last):
  File "/Users/leoyin/Development/ez_career/ez-career-service/mcp_servers/user_assistance_mcp.py", line 128, in log_application_issue
    supabase.table("applications").upsert(app_upsert_data).execute()
  File "/Users/leoyin/Development/ez_career/ez-career-service/.venv/lib/python3.12/site-packages/postgrest/_sync/request_builder.py", line 78, in execute
    raise APIError(r.json())
postgrest.exceptions.APIError: {'code': '23514', 'details': None, 'hint': None, 'message': 'new row for relation "applications" violates check constraint "applications_status_check"'}

2025-04-24 05:53:41,522 - user_assistance_mcp - DEBUG - Preparing to insert issue into application_issues table
2025-04-24 05:53:41,522 - user_assistance_mcp - DEBUG - Issue Insert data: {'user_id': 'fcbb6c29-b83f-448e-9a13-fe716f87c0af', 'application_id': 'f37167f8-f8f1-49b6-8bac-18b0321cb350', 'company': 'LinkedIn', 'position': 'Various', 'issue_type': 'technical_barrier', 'issue_details': 'Unable to log into LinkedIn with stored credentials, preventing resume upload and job applications.', 'status': 'pending', 'created_at': '2025-04-24T05:53:41.522444'}
2025-04-24 05:53:41,522 - user_assistance_mcp - DEBUG - Executing supabase insert for application_issues
2025-04-24 05:53:41,523 - httpcore.http2 - DEBUG - send_request_headers.started request=<Request [b'POST']> stream_id=3
2025-04-24 05:53:41,523 - hpack.hpack - DEBUG - Adding (b':method', b'POST') to the header table, sensitive:False, huffman:True
2025-04-24 05:53:41,523 - hpack.hpack - DEBUG - Encoding 3 with 7 bits
2025-04-24 05:53:41,524 - hpack.hpack - DEBUG - Adding (b':authority', b'ovuygqfkpifktcgslqvi.supabase.co') to the header table, sensitive:False, huffman:True
2025-04-24 05:53:41,524 - hpack.hpack - DEBUG - Encoding 73 with 7 bits
2025-04-24 05:53:41,524 - hpack.hpack - DEBUG - Adding (b':scheme', b'https') to the header table, sensitive:False, huffman:True
2025-04-24 05:53:41,524 - hpack.hpack - DEBUG - Encoding 7 with 7 bits
2025-04-24 05:53:41,524 - hpack.hpack - DEBUG - Adding (b':path', b'/rest/v1/application_issues') to the header table, sensitive:False, huffman:True
2025-04-24 05:53:41,524 - hpack.hpack - DEBUG - Encoding 4 with 6 bits
2025-04-24 05:53:41,524 - hpack.hpack - DEBUG - Encoding 19 with 7 bits
2025-04-24 05:53:41,524 - hpack.hpack - DEBUG - Adding (b'accept', b'*/*') to the header table, sensitive:False, huffman:True
2025-04-24 05:53:41,524 - hpack.hpack - DEBUG - Encoding 72 with 7 bits
2025-04-24 05:53:41,524 - hpack.hpack - DEBUG - Adding (b'accept-encoding', b'gzip, deflate, zstd') to the header table, sensitive:False, huffman:True
2025-04-24 05:53:41,524 - hpack.hpack - DEBUG - Encoding 71 with 7 bits
2025-04-24 05:53:41,524 - hpack.hpack - DEBUG - Adding (b'user-agent', b'python-httpx/0.28.1') to the header table, sensitive:False, huffman:True
2025-04-24 05:53:41,524 - hpack.hpack - DEBUG - Encoding 70 with 7 bits
2025-04-24 05:53:41,524 - hpack.hpack - DEBUG - Adding (b'x-client-info', b'supabase-py/2.15.0') to the header table, sensitive:False, huffman:True
2025-04-24 05:53:41,524 - hpack.hpack - DEBUG - Encoding 69 with 7 bits
2025-04-24 05:53:41,524 - hpack.hpack - DEBUG - Adding (b'apikey', b'eyJhbGciOiJIUzI1NiIsInR5cCI6IkpXVCJ9.eyJpc3MiOiJzdXBhYmFzZSIsInJlZiI6Im92dXlncWZrcGlma3RjZ3NscXZpIiwicm9sZSI6ImFub24iLCJpYXQiOjE3NDQ4NDYxOTQsImV4cCI6MjA2MDQyMjE5NH0.XM6UO8tT_eSaGotwzQrbaSI2ccDt3tPdKkWSA0BtEjE') to the header table, sensitive:False, huffman:True
2025-04-24 05:53:41,524 - hpack.hpack - DEBUG - Encoding 68 with 7 bits
2025-04-24 05:53:41,524 - hpack.hpack - DEBUG - Adding (b'authorization', b'Bearer eyJhbGciOiJIUzI1NiIsImtpZCI6InBoVlcwNEg1OXFSWUJmMmsiLCJ0eXAiOiJKV1QifQ.eyJpc3MiOiJodHRwczovL292dXlncWZrcGlma3RjZ3NscXZpLnN1cGFiYXNlLmNvL2F1dGgvdjEiLCJzdWIiOiJmY2JiNmMyOS1iODNmLTQ0OGUtOWExMy1mZTcxNmY4N2MwYWYiLCJhdWQiOiJhdXRoZW50aWNhdGVkIiwiZXhwIjoxNzQ1NDkxOTQwLCJpYXQiOjE3NDU0ODgzNDAsImVtYWlsIjoidGVzdEBnbWFpbC5jb20iLCJwaG9uZSI6IiIsImFwcF9tZXRhZGF0YSI6eyJwcm92aWRlciI6ImVtYWlsIiwicHJvdmlkZXJzIjpbImVtYWlsIl19LCJ1c2VyX21ldGFkYXRhIjp7ImVtYWlsX3ZlcmlmaWVkIjp0cnVlfSwicm9sZSI6ImF1dGhlbnRpY2F0ZWQiLCJhYWwiOiJhYWwxIiwiYW1yIjpbeyJtZXRob2QiOiJwYXNzd29yZCIsInRpbWVzdGFtcCI6MTc0NTQ4ODM0MH1dLCJzZXNzaW9uX2lkIjoiZmFiOWQ1ZTctZThmYy00MzdkLWE3ODktMGI2MTMzZGVjYjA5IiwiaXNfYW5vbnltb3VzIjpmYWxzZX0.h5VNnk94E-3IgwFDNBId_xjhIveAqXcg0jTAmMCZIc4') to the header table, sensitive:True, huffman:True
2025-04-24 05:53:41,524 - hpack.hpack - DEBUG - Encoding 23 with 4 bits
2025-04-24 05:53:41,525 - hpack.hpack - DEBUG - Encoding 586 with 7 bits
2025-04-24 05:53:41,525 - hpack.hpack - DEBUG - Adding (b'accept-profile', b'public') to the header table, sensitive:False, huffman:True
2025-04-24 05:53:41,525 - hpack.hpack - DEBUG - Encoding 67 with 7 bits
2025-04-24 05:53:41,525 - hpack.hpack - DEBUG - Adding (b'content-profile', b'public') to the header table, sensitive:False, huffman:True
2025-04-24 05:53:41,525 - hpack.hpack - DEBUG - Encoding 66 with 7 bits
2025-04-24 05:53:41,525 - hpack.hpack - DEBUG - Adding (b'prefer', b'return=representation') to the header table, sensitive:False, huffman:True
2025-04-24 05:53:41,525 - hpack.hpack - DEBUG - Encoding 65 with 6 bits
2025-04-24 05:53:41,525 - hpack.hpack - DEBUG - Encoding 15 with 7 bits
2025-04-24 05:53:41,525 - hpack.hpack - DEBUG - Adding (b'content-length', b'360') to the header table, sensitive:False, huffman:True
2025-04-24 05:53:41,525 - hpack.hpack - DEBUG - Encoding 28 with 6 bits
2025-04-24 05:53:41,525 - hpack.hpack - DEBUG - Encoding 3 with 7 bits
2025-04-24 05:53:41,525 - hpack.hpack - DEBUG - Adding (b'content-type', b'application/json') to the header table, sensitive:False, huffman:True
2025-04-24 05:53:41,525 - hpack.hpack - DEBUG - Encoding 65 with 7 bits
2025-04-24 05:53:41,525 - hpack.hpack - DEBUG - Encoded header block to b"\x83\xc9\x87D\x93b\xc2\xa1,w\x0b\x03\xae\xba\x0cA\xa4\xc7\xaa#!\x16\x95\x1f\xc8\xc7\xc6\xc5\xc4\x1f\x08\xff\xcb\x03\xbaQ\xd8[\x14/\xac\xb3\xc7\x88\x86\xd4l\xb98{\xc8\x1d&\xc8\x8c\x94\xa6\xbf\xdb\xd9\x1c\xc9U\xd3\xf1\xa0\x9e4\xe0\x98:\xbf0\xee\xe5\xc3-:)A\xb3\xde\xca\x02\xfeBmF\xcb\x9b\x88v\x1a]\x8b\x97\xd6Z\xc8\xce\x83j6S\xc9\x8fo\x82{?|\xe2|R~QQ9~\xd8LTR6v\xf4\xfdgJ\t\xf9\xfb^z\xb4\x84\x98\xb0\x9b\x9f\xe6\x9a3\xd3\xa7\xbeqa\x0c\x98\xa6\xef'L\x06\xcf{/\xb99d6\xa3e\xa7\x98\xb2\x9bM:=j\xdc\x13j\xbf\xa6\x9c\xfb\xf6\x03V.\t\xd5\xcb\x07\x9d\x1e\x83O\xee\xf2y\xd3O6\xb4\x8bG\x8e|\xb9\x9b=\xec\xb3\xc9\xcba\xb5\x1b,\xf2~m?\xef&\xc0>Zg\x93\x17\x1e\xb9\r\xe0\xdf\xbf\x93\xf8\xc9\xd0\xfet\xfb\xd8\x1d7\xfa\xf9\xd5\xbfg\x8c\xf7\xb2\xd7\xcf\xf3a\xb5t\xc0\xce\x9b\xfc\x01\xaa\xfc\xde\xf4\xdf\x85\x19)\xe2\x9e|\xa8FN\x874\x98\xb8\xfb\x93\x05\xda\xa3\xe5\x86\xb8\xef7\xd21\x00\xd9\xefe\xf0<O\xdb\xfb\xbb#\x99\r\x91\x19)\xc3\xe0\x98_O\xef\xe6\xd9\xffqa\x07=\xd9\x1c/\xac\xbe\tK\xe2\x1f-\xb4\x10\xd9\x1c\xc9O\x14\xf3\xe5B2\x1b\xc1\x89\x8f/y)\xa3\xaf\xef\xe6_y:W\x1eJx\xa7\x9f*\x11\x92\x80\xbf\x9e\xf6P\x90\\}~\x084I\x8b\x0f^\x7f\x9bg\xc9\xd2\xb7rS\xc5<\xf9P\x8f\xc6\x7fh%4R>\\z\xe4\xe9X\tW\x1a%\xdd\xe0\xc4\xa5\xf4~\xee\xc8\xe6Jp\x86LS\xd1\x1d[k\xe6, \xfd\xe5\xb0\xd9\xefe\x9f\x9f/\x06\xd4l\xb3\xf3\xe5\xe3\xceCx7>A\xf5\x93\xa5q\x97\xd6T\xfe\xfem<b\xd8mF\xcb\xe3\x9f\xe6\x9fr\t\xff_\xb7\xb2#%[k\x8f\x97\x1frb\xc2\x92^\xc8\xe6\x8d\xe4\x06\x9d\xfb\x1a\xd5\x7f@4c\x0c\x99\xefe\xf7\xfb\xf9\xa7\xd8\xf9?o\xe0\xa8\xeb\x93\xa1\xcd\xfbN\x13j\xe5\xb0?\xbb\xc8\x9f\xdd\xf3\xd3\xcf\xd0\x01\xa3\xdc\x9ds\xf2\xc0\xce\xab\xfdS\xa3\x16Ah\xdf\xa3\xdf\xee.=9\xf4\x85\xbc\x86\xf0a\xfei\x97\x9f&\xfb\xc7U\t\x8d\x9e>\xf2t\xae\x9e|\xbc\xfb\xfd\xfc\x02\xf3\xb7\xc7M]_k\x02\xcc\xe4\x9b\xc6\x1b\xfan\xe4\x92/='\xc9\xdc\xb0\xf6\xfc$\xc0\xe9\xbe\x1at^\xfd\xc8F\xbf\xc3\xc2\x7f\x02\x8f\xb0\xa9\xb6\xca\xa0\xb0\xb5\xd8T\x16\xa4\x8d&=_\\\x83e\xc0\x7f\xc1"
2025-04-24 05:53:41,526 - httpcore.http2 - DEBUG - send_request_headers.complete
2025-04-24 05:53:41,526 - httpcore.http2 - DEBUG - send_request_body.started request=<Request [b'POST']> stream_id=3
2025-04-24 05:53:41,526 - httpcore.http2 - DEBUG - send_request_body.complete
2025-04-24 05:53:41,526 - httpcore.http2 - DEBUG - receive_response_headers.started request=<Request [b'POST']> stream_id=3
2025-04-24 05:53:41,590 - hpack.hpack - DEBUG - Decoding b'N\x03409\xcc\xcb\x7f\x0b\x8f}\x96\xda\x8d\xd0F\xcc\xae\x02V\x88E\xb9\xf3\xfd\xca\xc9\xc8\xc7\xc6\xc5\xc4\xc3\x7f\x03\x014\xc2\xc1'
2025-04-24 05:53:41,590 - hpack.hpack - DEBUG - Decoded 14, consumed 1 bytes
2025-04-24 05:53:41,590 - hpack.hpack - DEBUG - Decoded 3, consumed 1 bytes
2025-04-24 05:53:41,590 - hpack.hpack - DEBUG - Decoded (b':status', <memory at 0x10430ba00>), total consumed 5 bytes, indexed True
2025-04-24 05:53:41,590 - hpack.hpack - DEBUG - Decoded 76, consumed 1 bytes
2025-04-24 05:53:41,590 - hpack.hpack - DEBUG - Decoded (b'date', b'Thu, 24 Apr 2025 09:53:41 GMT'), consumed 1
2025-04-24 05:53:41,590 - hpack.hpack - DEBUG - Decoded 75, consumed 1 bytes
2025-04-24 05:53:41,590 - hpack.hpack - DEBUG - Decoded (b'content-type', b'application/json; charset=utf-8'), consumed 1
2025-04-24 05:53:41,591 - hpack.hpack - DEBUG - Decoded 74, consumed 2 bytes
2025-04-24 05:53:41,591 - hpack.hpack - DEBUG - Decoded 15, consumed 1 bytes
2025-04-24 05:53:41,591 - hpack.hpack - DEBUG - Decoded (b'cf-ray', b'9354b70b3f60f4cc-YYZ'), total consumed 18 bytes, indexed True
2025-04-24 05:53:41,591 - hpack.hpack - DEBUG - Decoded 74, consumed 1 bytes
2025-04-24 05:53:41,591 - hpack.hpack - DEBUG - Decoded (b'cf-cache-status', b'DYNAMIC'), consumed 1
2025-04-24 05:53:41,591 - hpack.hpack - DEBUG - Decoded 73, consumed 1 bytes
2025-04-24 05:53:41,591 - hpack.hpack - DEBUG - Decoded (b'content-encoding', b'gzip'), consumed 1
2025-04-24 05:53:41,591 - hpack.hpack - DEBUG - Decoded 72, consumed 1 bytes
2025-04-24 05:53:41,591 - hpack.hpack - DEBUG - Decoded (b'strict-transport-security', b'max-age=31536000; includeSubDomains; preload'), consumed 1
2025-04-24 05:53:41,591 - hpack.hpack - DEBUG - Decoded 71, consumed 1 bytes
2025-04-24 05:53:41,591 - hpack.hpack - DEBUG - Decoded (b'vary', b'Accept-Encoding'), consumed 1
2025-04-24 05:53:41,591 - hpack.hpack - DEBUG - Decoded 70, consumed 1 bytes
2025-04-24 05:53:41,591 - hpack.hpack - DEBUG - Decoded (b'sb-gateway-version', <memory at 0x10454c1c0>), consumed 1
2025-04-24 05:53:41,591 - hpack.hpack - DEBUG - Decoded 69, consumed 1 bytes
2025-04-24 05:53:41,591 - hpack.hpack - DEBUG - Decoded (b'sb-project-ref', b'ovuygqfkpifktcgslqvi'), consumed 1
2025-04-24 05:53:41,591 - hpack.hpack - DEBUG - Decoded 68, consumed 1 bytes
2025-04-24 05:53:41,591 - hpack.hpack - DEBUG - Decoded (b'x-content-type-options', b'nosniff'), consumed 1
2025-04-24 05:53:41,591 - hpack.hpack - DEBUG - Decoded 67, consumed 1 bytes
2025-04-24 05:53:41,591 - hpack.hpack - DEBUG - Decoded (b'x-envoy-attempt-count', <memory at 0x10454c340>), consumed 1
2025-04-24 05:53:41,591 - hpack.hpack - DEBUG - Decoded 66, consumed 2 bytes
2025-04-24 05:53:41,591 - hpack.hpack - DEBUG - Decoded 1, consumed 1 bytes
2025-04-24 05:53:41,591 - hpack.hpack - DEBUG - Decoded (b'x-envoy-upstream-service-time', <memory at 0x10430bb80>), total consumed 4 bytes, indexed True
2025-04-24 05:53:41,591 - hpack.hpack - DEBUG - Decoded 66, consumed 1 bytes
2025-04-24 05:53:41,591 - hpack.hpack - DEBUG - Decoded (b'server', b'cloudflare'), consumed 1
2025-04-24 05:53:41,592 - hpack.hpack - DEBUG - Decoded 65, consumed 1 bytes
2025-04-24 05:53:41,592 - hpack.hpack - DEBUG - Decoded (b'alt-svc', b'h3=":443"; ma=86400'), consumed 1
2025-04-24 05:53:41,592 - httpcore.http2 - DEBUG - receive_response_headers.complete return_value=(409, [(b'date', b'Thu, 24 Apr 2025 09:53:41 GMT'), (b'content-type', b'application/json; charset=utf-8'), (b'cf-ray', b'9354b70b3f60f4cc-YYZ'), (b'cf-cache-status', b'DYNAMIC'), (b'content-encoding', b'gzip'), (b'strict-transport-security', b'max-age=31536000; includeSubDomains; preload'), (b'vary', b'Accept-Encoding'), (b'sb-gateway-version', b'1'), (b'sb-project-ref', b'ovuygqfkpifktcgslqvi'), (b'x-content-type-options', b'nosniff'), (b'x-envoy-attempt-count', b'1'), (b'x-envoy-upstream-service-time', b'4'), (b'server', b'cloudflare'), (b'alt-svc', b'h3=":443"; ma=86400')])
2025-04-24 05:53:41,592 - httpx - INFO - HTTP Request: POST https://ovuygqfkpifktcgslqvi.supabase.co/rest/v1/application_issues "HTTP/2 409 Conflict"
2025-04-24 05:53:41,592 - httpcore.http2 - DEBUG - receive_response_body.started request=<Request [b'POST']> stream_id=3
2025-04-24 05:53:41,592 - httpcore.http2 - DEBUG - receive_response_body.complete
2025-04-24 05:53:41,593 - httpcore.http2 - DEBUG - response_closed.started stream_id=3
2025-04-24 05:53:41,593 - httpcore.http2 - DEBUG - response_closed.complete
2025-04-24 05:53:41,593 - user_assistance_mcp - ERROR - Supabase API Error logging issue for f37167f8-f8f1-49b6-8bac-18b0321cb350: {'code': '23503', 'details': 'Key is not present in table "applications".', 'hint': None, 'message': 'insert or update on table "application_issues" violates foreign key constraint "application_issues_application_id_fkey"'}
2025-04-24 05:53:41,593 - user_assistance_mcp - ERROR - Details: Key is not present in table "applications"., Code: 23503, Hint: None, Message: insert or update on table "application_issues" violates foreign key constraint "application_issues_application_id_fkey"
2025-04-24 05:53:41,593 - user_assistance_mcp - ERROR - Traceback (most recent call last):
  File "/Users/leoyin/Development/ez_career/ez-career-service/mcp_servers/user_assistance_mcp.py", line 153, in log_application_issue
    response = supabase.table("application_issues").insert(issue_insert_data).execute()
               ^^^^^^^^^^^^^^^^^^^^^^^^^^^^^^^^^^^^^^^^^^^^^^^^^^^^^^^^^^^^^^^^^^^^^^^^
  File "/Users/leoyin/Development/ez_career/ez-career-service/.venv/lib/python3.12/site-packages/postgrest/_sync/request_builder.py", line 78, in execute
    raise APIError(r.json())
postgrest.exceptions.APIError: {'code': '23503', 'details': 'Key is not present in table "applications".', 'hint': None, 'message': 'insert or update on table "application_issues" violates foreign key constraint "application_issues_application_id_fkey"'}

2025-04-24 05:53:41,594 - mcp.server.lowlevel.server - DEBUG - Response sent
2025-04-24 05:53:41,595 - mcp.server.lowlevel.server - DEBUG - Received message: <mcp.shared.session.RequestResponder object at 0x10424eea0>
2025-04-24 05:53:41,595 - mcp.server.lowlevel.server - INFO - Processing request of type CallToolRequest
2025-04-24 05:53:41,595 - mcp.server.lowlevel.server - DEBUG - Dispatching request of type CallToolRequest
2025-04-24 05:53:41,595 - user_assistance_mcp - INFO - send_simple_notification called with title: LinkedIn Access Issue
2025-04-24 05:53:41,595 - user_assistance_mcp - INFO - send_application_notification called with: user_id=fcbb6c29-b83f-448e-9a13-fe716f87c0af, title=LinkedIn Access Issue, type=application_issue
2025-04-24 05:53:41,595 - user_assistance_mcp - INFO - Notification message: We encountered a problem logging into LinkedIn with the stored credentials. As a result, resume upload and applications were skipped. Please verify your LinkedIn login details or reset your credentials in the system.
2025-04-24 05:53:41,595 - user_assistance_mcp - DEBUG - Preparing to insert notification into notifications table
2025-04-24 05:53:41,595 - user_assistance_mcp - DEBUG - Insert data: {'user_id': 'fcbb6c29-b83f-448e-9a13-fe716f87c0af', 'title': 'LinkedIn Access Issue', 'content': 'We encountered a problem logging into LinkedIn with the stored credentials. As a result, resume upload and applications were skipped. Please verify your LinkedIn login details or reset your credentials in the system.', 'type': 'application_issue', 'read': False, 'created_at': '2025-04-24T05:53:41.595804'}
2025-04-24 05:53:41,595 - user_assistance_mcp - DEBUG - Executing supabase insert for notifications
2025-04-24 05:53:41,596 - httpcore.http2 - DEBUG - send_request_headers.started request=<Request [b'POST']> stream_id=5
2025-04-24 05:53:41,596 - hpack.hpack - DEBUG - Adding (b':method', b'POST') to the header table, sensitive:False, huffman:True
2025-04-24 05:53:41,596 - hpack.hpack - DEBUG - Encoding 3 with 7 bits
2025-04-24 05:53:41,596 - hpack.hpack - DEBUG - Adding (b':authority', b'ovuygqfkpifktcgslqvi.supabase.co') to the header table, sensitive:False, huffman:True
2025-04-24 05:53:41,596 - hpack.hpack - DEBUG - Encoding 76 with 7 bits
2025-04-24 05:53:41,596 - hpack.hpack - DEBUG - Adding (b':scheme', b'https') to the header table, sensitive:False, huffman:True
2025-04-24 05:53:41,596 - hpack.hpack - DEBUG - Encoding 7 with 7 bits
2025-04-24 05:53:41,596 - hpack.hpack - DEBUG - Adding (b':path', b'/rest/v1/notifications') to the header table, sensitive:False, huffman:True
2025-04-24 05:53:41,596 - hpack.hpack - DEBUG - Encoding 4 with 6 bits
2025-04-24 05:53:41,596 - hpack.hpack - DEBUG - Encoding 15 with 7 bits
2025-04-24 05:53:41,596 - hpack.hpack - DEBUG - Adding (b'accept', b'*/*') to the header table, sensitive:False, huffman:True
2025-04-24 05:53:41,596 - hpack.hpack - DEBUG - Encoding 75 with 7 bits
2025-04-24 05:53:41,596 - hpack.hpack - DEBUG - Adding (b'accept-encoding', b'gzip, deflate, zstd') to the header table, sensitive:False, huffman:True
2025-04-24 05:53:41,597 - hpack.hpack - DEBUG - Encoding 74 with 7 bits
2025-04-24 05:53:41,597 - hpack.hpack - DEBUG - Adding (b'user-agent', b'python-httpx/0.28.1') to the header table, sensitive:False, huffman:True
2025-04-24 05:53:41,597 - hpack.hpack - DEBUG - Encoding 73 with 7 bits
2025-04-24 05:53:41,597 - hpack.hpack - DEBUG - Adding (b'x-client-info', b'supabase-py/2.15.0') to the header table, sensitive:False, huffman:True
2025-04-24 05:53:41,597 - hpack.hpack - DEBUG - Encoding 72 with 7 bits
2025-04-24 05:53:41,597 - hpack.hpack - DEBUG - Adding (b'apikey', b'eyJhbGciOiJIUzI1NiIsInR5cCI6IkpXVCJ9.eyJpc3MiOiJzdXBhYmFzZSIsInJlZiI6Im92dXlncWZrcGlma3RjZ3NscXZpIiwicm9sZSI6ImFub24iLCJpYXQiOjE3NDQ4NDYxOTQsImV4cCI6MjA2MDQyMjE5NH0.XM6UO8tT_eSaGotwzQrbaSI2ccDt3tPdKkWSA0BtEjE') to the header table, sensitive:False, huffman:True
2025-04-24 05:53:41,597 - hpack.hpack - DEBUG - Encoding 71 with 7 bits
2025-04-24 05:53:41,597 - hpack.hpack - DEBUG - Adding (b'authorization', b'Bearer eyJhbGciOiJIUzI1NiIsImtpZCI6InBoVlcwNEg1OXFSWUJmMmsiLCJ0eXAiOiJKV1QifQ.eyJpc3MiOiJodHRwczovL292dXlncWZrcGlma3RjZ3NscXZpLnN1cGFiYXNlLmNvL2F1dGgvdjEiLCJzdWIiOiJmY2JiNmMyOS1iODNmLTQ0OGUtOWExMy1mZTcxNmY4N2MwYWYiLCJhdWQiOiJhdXRoZW50aWNhdGVkIiwiZXhwIjoxNzQ1NDkxOTQwLCJpYXQiOjE3NDU0ODgzNDAsImVtYWlsIjoidGVzdEBnbWFpbC5jb20iLCJwaG9uZSI6IiIsImFwcF9tZXRhZGF0YSI6eyJwcm92aWRlciI6ImVtYWlsIiwicHJvdmlkZXJzIjpbImVtYWlsIl19LCJ1c2VyX21ldGFkYXRhIjp7ImVtYWlsX3ZlcmlmaWVkIjp0cnVlfSwicm9sZSI6ImF1dGhlbnRpY2F0ZWQiLCJhYWwiOiJhYWwxIiwiYW1yIjpbeyJtZXRob2QiOiJwYXNzd29yZCIsInRpbWVzdGFtcCI6MTc0NTQ4ODM0MH1dLCJzZXNzaW9uX2lkIjoiZmFiOWQ1ZTctZThmYy00MzdkLWE3ODktMGI2MTMzZGVjYjA5IiwiaXNfYW5vbnltb3VzIjpmYWxzZX0.h5VNnk94E-3IgwFDNBId_xjhIveAqXcg0jTAmMCZIc4') to the header table, sensitive:True, huffman:True
2025-04-24 05:53:41,597 - hpack.hpack - DEBUG - Encoding 23 with 4 bits
2025-04-24 05:53:41,597 - hpack.hpack - DEBUG - Encoding 586 with 7 bits
2025-04-24 05:53:41,597 - hpack.hpack - DEBUG - Adding (b'accept-profile', b'public') to the header table, sensitive:False, huffman:True
2025-04-24 05:53:41,597 - hpack.hpack - DEBUG - Encoding 70 with 7 bits
2025-04-24 05:53:41,597 - hpack.hpack - DEBUG - Adding (b'content-profile', b'public') to the header table, sensitive:False, huffman:True
2025-04-24 05:53:41,598 - hpack.hpack - DEBUG - Encoding 69 with 7 bits
2025-04-24 05:53:41,598 - hpack.hpack - DEBUG - Adding (b'prefer', b'return=representation') to the header table, sensitive:False, huffman:True
2025-04-24 05:53:41,598 - hpack.hpack - DEBUG - Encoding 64 with 7 bits
2025-04-24 05:53:41,598 - hpack.hpack - DEBUG - Adding (b'content-length', b'393') to the header table, sensitive:False, huffman:True
2025-04-24 05:53:41,598 - hpack.hpack - DEBUG - Encoding 28 with 6 bits
2025-04-24 05:53:41,598 - hpack.hpack - DEBUG - Encoding 3 with 7 bits
2025-04-24 05:53:41,598 - hpack.hpack - DEBUG - Adding (b'content-type', b'application/json') to the header table, sensitive:False, huffman:True
2025-04-24 05:53:41,598 - hpack.hpack - DEBUG - Encoding 67 with 7 bits
2025-04-24 05:53:41,598 - hpack.hpack - DEBUG - Encoded header block to b"\x83\xcc\x87D\x8fb\xc2\xa1,w\x0b\x15\x1d&\x94\xc4\x1aLz\x91\xcb\xca\xc9\xc8\xc7\x1f\x08\xff\xcb\x03\xbaQ\xd8[\x14/\xac\xb3\xc7\x88\x86\xd4l\xb98{\xc8\x1d&\xc8\x8c\x94\xa6\xbf\xdb\xd9\x1c\xc9U\xd3\xf1\xa0\x9e4\xe0\x98:\xbf0\xee\xe5\xc3-:)A\xb3\xde\xca\x02\xfeBmF\xcb\x9b\x88v\x1a]\x8b\x97\xd6Z\xc8\xce\x83j6S\xc9\x8fo\x82{?|\xe2|R~QQ9~\xd8LTR6v\xf4\xfdgJ\t\xf9\xfb^z\xb4\x84\x98\xb0\x9b\x9f\xe6\x9a3\xd3\xa7\xbeqa\x0c\x98\xa6\xef'L\x06\xcf{/\xb99d6\xa3e\xa7\x98\xb2\x9bM:=j\xdc\x13j\xbf\xa6\x9c\xfb\xf6\x03V.\t\xd5\xcb\x07\x9d\x1e\x83O\xee\xf2y\xd3O6\xb4\x8bG\x8e|\xb9\x9b=\xec\xb3\xc9\xcba\xb5\x1b,\xf2~m?\xef&\xc0>Zg\x93\x17\x1e\xb9\r\xe0\xdf\xbf\x93\xf8\xc9\xd0\xfet\xfb\xd8\x1d7\xfa\xf9\xd5\xbfg\x8c\xf7\xb2\xd7\xcf\xf3a\xb5t\xc0\xce\x9b\xfc\x01\xaa\xfc\xde\xf4\xdf\x85\x19)\xe2\x9e|\xa8FN\x874\x98\xb8\xfb\x93\x05\xda\xa3\xe5\x86\xb8\xef7\xd21\x00\xd9\xefe\xf0<O\xdb\xfb\xbb#\x99\r\x91\x19)\xc3\xe0\x98_O\xef\xe6\xd9\xffqa\x07=\xd9\x1c/\xac\xbe\tK\xe2\x1f-\xb4\x10\xd9\x1c\xc9O\x14\xf3\xe5B2\x1b\xc1\x89\x8f/y)\xa3\xaf\xef\xe6_y:W\x1eJx\xa7\x9f*\x11\x92\x80\xbf\x9e\xf6P\x90\\}~\x084I\x8b\x0f^\x7f\x9bg\xc9\xd2\xb7rS\xc5<\xf9P\x8f\xc6\x7fh%4R>\\z\xe4\xe9X\tW\x1a%\xdd\xe0\xc4\xa5\xf4~\xee\xc8\xe6Jp\x86LS\xd1\x1d[k\xe6, \xfd\xe5\xb0\xd9\xefe\x9f\x9f/\x06\xd4l\xb3\xf3\xe5\xe3\xceCx7>A\xf5\x93\xa5q\x97\xd6T\xfe\xfem<b\xd8mF\xcb\xe3\x9f\xe6\x9fr\t\xff_\xb7\xb2#%[k\x8f\x97\x1frb\xc2\x92^\xc8\xe6\x8d\xe4\x06\x9d\xfb\x1a\xd5\x7f@4c\x0c\x99\xefe\xf7\xfb\xf9\xa7\xd8\xf9?o\xe0\xa8\xeb\x93\xa1\xcd\xfbN\x13j\xe5\xb0?\xbb\xc8\x9f\xdd\xf3\xd3\xcf\xd0\x01\xa3\xdc\x9ds\xf2\xc0\xce\xab\xfdS\xa3\x16Ah\xdf\xa3\xdf\xee.=9\xf4\x85\xbc\x86\xf0a\xfei\x97\x9f&\xfb\xc7U\t\x8d\x9e>\xf2t\xae\x9e|\xbc\xfb\xfd\xfc\x02\xf3\xb7\xc7M]_k\x02\xcc\xe4\x9b\xc6\x1b\xfan\xe4\x92/='\xc9\xdc\xb0\xf6\xfc$\xc0\xe9\xbe\x1at^\xfd\xc8F\xbf\xc6\xc5\xc0\\\x83e\xf6\x7f\xc3"
2025-04-24 05:53:41,598 - httpcore.http2 - DEBUG - send_request_headers.complete
2025-04-24 05:53:41,598 - httpcore.http2 - DEBUG - send_request_body.started request=<Request [b'POST']> stream_id=5
2025-04-24 05:53:41,599 - httpcore.http2 - DEBUG - send_request_body.complete
2025-04-24 05:53:41,599 - httpcore.http2 - DEBUG - receive_response_headers.started request=<Request [b'POST']> stream_id=5
2025-04-24 05:53:41,652 - hpack.hpack - DEBUG - Decoding b'\x8c\xce\xcd\x7f\r\x8f}\x96\xda\x8d\xd0G\x1b\xc1\x04\xad\x10\x8bs\xe7\xfb\xcc\xcb\xca\xc9\xc8\xc7\xc6\xc5\xc4\xc3\xc2'
2025-04-24 05:53:41,652 - hpack.hpack - DEBUG - Decoded 12, consumed 1 bytes
2025-04-24 05:53:41,653 - hpack.hpack - DEBUG - Decoded (b':status', b'400'), consumed 1
2025-04-24 05:53:41,653 - hpack.hpack - DEBUG - Decoded 78, consumed 1 bytes
2025-04-24 05:53:41,653 - hpack.hpack - DEBUG - Decoded (b'date', b'Thu, 24 Apr 2025 09:53:41 GMT'), consumed 1
2025-04-24 05:53:41,653 - hpack.hpack - DEBUG - Decoded 77, consumed 1 bytes
2025-04-24 05:53:41,653 - hpack.hpack - DEBUG - Decoded (b'content-type', b'application/json; charset=utf-8'), consumed 1
2025-04-24 05:53:41,653 - hpack.hpack - DEBUG - Decoded 76, consumed 2 bytes
2025-04-24 05:53:41,653 - hpack.hpack - DEBUG - Decoded 15, consumed 1 bytes
2025-04-24 05:53:41,653 - hpack.hpack - DEBUG - Decoded (b'cf-ray', b'9354b70bb810f4cc-YYZ'), total consumed 18 bytes, indexed True
2025-04-24 05:53:41,654 - hpack.hpack - DEBUG - Decoded 76, consumed 1 bytes
2025-04-24 05:53:41,654 - hpack.hpack - DEBUG - Decoded (b'cf-cache-status', b'DYNAMIC'), consumed 1
2025-04-24 05:53:41,654 - hpack.hpack - DEBUG - Decoded 75, consumed 1 bytes
2025-04-24 05:53:41,654 - hpack.hpack - DEBUG - Decoded (b'content-encoding', b'gzip'), consumed 1
2025-04-24 05:53:41,654 - hpack.hpack - DEBUG - Decoded 74, consumed 1 bytes
2025-04-24 05:53:41,654 - hpack.hpack - DEBUG - Decoded (b'strict-transport-security', b'max-age=31536000; includeSubDomains; preload'), consumed 1
2025-04-24 05:53:41,654 - hpack.hpack - DEBUG - Decoded 73, consumed 1 bytes
2025-04-24 05:53:41,654 - hpack.hpack - DEBUG - Decoded (b'vary', b'Accept-Encoding'), consumed 1
2025-04-24 05:53:41,654 - hpack.hpack - DEBUG - Decoded 72, consumed 1 bytes
2025-04-24 05:53:41,655 - hpack.hpack - DEBUG - Decoded (b'sb-gateway-version', <memory at 0x10454c1c0>), consumed 1
2025-04-24 05:53:41,655 - hpack.hpack - DEBUG - Decoded 71, consumed 1 bytes
2025-04-24 05:53:41,655 - hpack.hpack - DEBUG - Decoded (b'sb-project-ref', b'ovuygqfkpifktcgslqvi'), consumed 1
2025-04-24 05:53:41,655 - hpack.hpack - DEBUG - Decoded 70, consumed 1 bytes
2025-04-24 05:53:41,655 - hpack.hpack - DEBUG - Decoded (b'x-content-type-options', b'nosniff'), consumed 1
2025-04-24 05:53:41,655 - hpack.hpack - DEBUG - Decoded 69, consumed 1 bytes
2025-04-24 05:53:41,655 - hpack.hpack - DEBUG - Decoded (b'x-envoy-attempt-count', <memory at 0x10454c340>), consumed 1
2025-04-24 05:53:41,655 - hpack.hpack - DEBUG - Decoded 68, consumed 1 bytes
2025-04-24 05:53:41,655 - hpack.hpack - DEBUG - Decoded (b'x-envoy-upstream-service-time', <memory at 0x10454c280>), consumed 1
2025-04-24 05:53:41,655 - hpack.hpack - DEBUG - Decoded 67, consumed 1 bytes
2025-04-24 05:53:41,656 - hpack.hpack - DEBUG - Decoded (b'server', b'cloudflare'), consumed 1
2025-04-24 05:53:41,656 - hpack.hpack - DEBUG - Decoded 66, consumed 1 bytes
2025-04-24 05:53:41,656 - hpack.hpack - DEBUG - Decoded (b'alt-svc', b'h3=":443"; ma=86400'), consumed 1
2025-04-24 05:53:41,656 - httpcore.http2 - DEBUG - receive_response_headers.complete return_value=(400, [(b'date', b'Thu, 24 Apr 2025 09:53:41 GMT'), (b'content-type', b'application/json; charset=utf-8'), (b'cf-ray', b'9354b70bb810f4cc-YYZ'), (b'cf-cache-status', b'DYNAMIC'), (b'content-encoding', b'gzip'), (b'strict-transport-security', b'max-age=31536000; includeSubDomains; preload'), (b'vary', b'Accept-Encoding'), (b'sb-gateway-version', b'1'), (b'sb-project-ref', b'ovuygqfkpifktcgslqvi'), (b'x-content-type-options', b'nosniff'), (b'x-envoy-attempt-count', b'1'), (b'x-envoy-upstream-service-time', b'3'), (b'server', b'cloudflare'), (b'alt-svc', b'h3=":443"; ma=86400')])
2025-04-24 05:53:41,656 - httpx - INFO - HTTP Request: POST https://ovuygqfkpifktcgslqvi.supabase.co/rest/v1/notifications "HTTP/2 400 Bad Request"
2025-04-24 05:53:41,657 - httpcore.http2 - DEBUG - receive_response_body.started request=<Request [b'POST']> stream_id=5
2025-04-24 05:53:41,657 - httpcore.http2 - DEBUG - receive_response_body.complete
2025-04-24 05:53:41,657 - httpcore.http2 - DEBUG - response_closed.started stream_id=5
2025-04-24 05:53:41,657 - httpcore.http2 - DEBUG - response_closed.complete
2025-04-24 05:53:41,657 - user_assistance_mcp - ERROR - Supabase API Error sending notification: {'code': '23514', 'details': None, 'hint': None, 'message': 'new row for relation "notifications" violates check constraint "notifications_type_check"'}
2025-04-24 05:53:41,657 - user_assistance_mcp - ERROR - Details: None, Code: 23514, Hint: None, Message: new row for relation "notifications" violates check constraint "notifications_type_check"
2025-04-24 05:53:41,658 - user_assistance_mcp - ERROR - Traceback (most recent call last):
  File "/Users/leoyin/Development/ez_career/ez-career-service/mcp_servers/user_assistance_mcp.py", line 264, in send_application_notification
    response = supabase.table("notifications").insert(insert_data).execute()
               ^^^^^^^^^^^^^^^^^^^^^^^^^^^^^^^^^^^^^^^^^^^^^^^^^^^^^^^^^^^^^
  File "/Users/leoyin/Development/ez_career/ez-career-service/.venv/lib/python3.12/site-packages/postgrest/_sync/request_builder.py", line 78, in execute
    raise APIError(r.json())
postgrest.exceptions.APIError: {'code': '23514', 'details': None, 'hint': None, 'message': 'new row for relation "notifications" violates check constraint "notifications_type_check"'}

2025-04-24 05:53:41,659 - mcp.server.lowlevel.server - DEBUG - Response sent
2025-04-24 05:54:31,958 - mcp.server.lowlevel.server - DEBUG - Received message: <mcp.shared.session.RequestResponder object at 0x104532930>
2025-04-24 05:54:31,959 - mcp.server.lowlevel.server - INFO - Processing request of type ListToolsRequest
2025-04-24 05:54:31,959 - mcp.server.lowlevel.server - DEBUG - Dispatching request of type ListToolsRequest
2025-04-24 05:54:31,960 - mcp.server.lowlevel.server - DEBUG - Response sent
2025-04-24 05:54:33,800 - mcp.server.lowlevel.server - DEBUG - Received message: <mcp.shared.session.RequestResponder object at 0x104355c10>
2025-04-24 05:54:33,801 - mcp.server.lowlevel.server - INFO - Processing request of type CallToolRequest
2025-04-24 05:54:33,801 - mcp.server.lowlevel.server - DEBUG - Dispatching request of type CallToolRequest
2025-04-24 05:54:33,801 - user_assistance_mcp - INFO - log_simple_issue called for Full Stack Developer - Contract at TalentBurst, Inc.
2025-04-24 05:54:33,801 - user_assistance_mcp - INFO - Generated application_id: fe353815-b927-4834-8deb-ff82fc35b406
2025-04-24 05:54:33,801 - user_assistance_mcp - INFO - log_application_issue called with: user_id=fcbb6c29-b83f-448e-9a13-fe716f87c0af, application_id=fe353815-b927-4834-8deb-ff82fc35b406, company=TalentBurst, Inc., position=Full Stack Developer - Contract, issue_type=technical_barrier
2025-04-24 05:54:33,801 - user_assistance_mcp - INFO - Issue details: Encountered a login wall on Monster requiring user credentials, unable to proceed without them. Skipping application.
2025-04-24 05:54:33,801 - user_assistance_mcp - DEBUG - Upserting basic application record for application_id: fe353815-b927-4834-8deb-ff82fc35b406
2025-04-24 05:54:33,802 - httpcore.connection - DEBUG - close.started
2025-04-24 05:54:33,802 - httpcore.connection - DEBUG - close.complete
2025-04-24 05:54:33,802 - httpcore.connection - DEBUG - connect_tcp.started host='ovuygqfkpifktcgslqvi.supabase.co' port=443 local_address=None timeout=120 socket_options=None
2025-04-24 05:54:33,815 - httpcore.connection - DEBUG - connect_tcp.complete return_value=<httpcore._backends.sync.SyncStream object at 0x10450aff0>
2025-04-24 05:54:33,816 - httpcore.connection - DEBUG - start_tls.started ssl_context=<ssl.SSLContext object at 0x104525750> server_hostname='ovuygqfkpifktcgslqvi.supabase.co' timeout=120
2025-04-24 05:54:33,833 - httpcore.connection - DEBUG - start_tls.complete return_value=<httpcore._backends.sync.SyncStream object at 0x10450b140>
2025-04-24 05:54:33,833 - httpcore.http2 - DEBUG - send_connection_init.started request=<Request [b'POST']>
2025-04-24 05:54:33,834 - httpcore.http2 - DEBUG - send_connection_init.complete
2025-04-24 05:54:33,834 - httpcore.http2 - DEBUG - send_request_headers.started request=<Request [b'POST']> stream_id=1
2025-04-24 05:54:33,834 - hpack.hpack - DEBUG - Adding (b':method', b'POST') to the header table, sensitive:False, huffman:True
2025-04-24 05:54:33,834 - hpack.hpack - DEBUG - Encoding 3 with 7 bits
2025-04-24 05:54:33,834 - hpack.hpack - DEBUG - Adding (b':authority', b'ovuygqfkpifktcgslqvi.supabase.co') to the header table, sensitive:False, huffman:True
2025-04-24 05:54:33,834 - hpack.hpack - DEBUG - Encoding 1 with 6 bits
2025-04-24 05:54:33,834 - hpack.hpack - DEBUG - Encoding 24 with 7 bits
2025-04-24 05:54:33,835 - hpack.hpack - DEBUG - Adding (b':scheme', b'https') to the header table, sensitive:False, huffman:True
2025-04-24 05:54:33,835 - hpack.hpack - DEBUG - Encoding 7 with 7 bits
2025-04-24 05:54:33,835 - hpack.hpack - DEBUG - Adding (b':path', b'/rest/v1/applications') to the header table, sensitive:False, huffman:True
2025-04-24 05:54:33,835 - hpack.hpack - DEBUG - Encoding 4 with 6 bits
2025-04-24 05:54:33,835 - hpack.hpack - DEBUG - Encoding 15 with 7 bits
2025-04-24 05:54:33,835 - hpack.hpack - DEBUG - Adding (b'accept', b'*/*') to the header table, sensitive:False, huffman:True
2025-04-24 05:54:33,835 - hpack.hpack - DEBUG - Encoding 19 with 6 bits
2025-04-24 05:54:33,835 - hpack.hpack - DEBUG - Encoding 3 with 7 bits
2025-04-24 05:54:33,835 - hpack.hpack - DEBUG - Adding (b'accept-encoding', b'gzip, deflate, zstd') to the header table, sensitive:False, huffman:True
2025-04-24 05:54:33,835 - hpack.hpack - DEBUG - Encoding 16 with 6 bits
2025-04-24 05:54:33,835 - hpack.hpack - DEBUG - Encoding 15 with 7 bits
2025-04-24 05:54:33,835 - hpack.hpack - DEBUG - Adding (b'user-agent', b'python-httpx/0.28.1') to the header table, sensitive:False, huffman:True
2025-04-24 05:54:33,835 - hpack.hpack - DEBUG - Encoding 58 with 6 bits
2025-04-24 05:54:33,835 - hpack.hpack - DEBUG - Encoding 14 with 7 bits
2025-04-24 05:54:33,835 - hpack.hpack - DEBUG - Adding (b'x-client-info', b'supabase-py/2.15.0') to the header table, sensitive:False, huffman:True
2025-04-24 05:54:33,835 - hpack.hpack - DEBUG - Encoding 10 with 7 bits
2025-04-24 05:54:33,835 - hpack.hpack - DEBUG - Encoding 13 with 7 bits
2025-04-24 05:54:33,836 - hpack.hpack - DEBUG - Adding (b'apikey', b'eyJhbGciOiJIUzI1NiIsInR5cCI6IkpXVCJ9.eyJpc3MiOiJzdXBhYmFzZSIsInJlZiI6Im92dXlncWZrcGlma3RjZ3NscXZpIiwicm9sZSI6ImFub24iLCJpYXQiOjE3NDQ4NDYxOTQsImV4cCI6MjA2MDQyMjE5NH0.XM6UO8tT_eSaGotwzQrbaSI2ccDt3tPdKkWSA0BtEjE') to the header table, sensitive:False, huffman:True
2025-04-24 05:54:33,836 - hpack.hpack - DEBUG - Encoding 5 with 7 bits
2025-04-24 05:54:33,836 - hpack.hpack - DEBUG - Encoding 167 with 7 bits
2025-04-24 05:54:33,836 - hpack.hpack - DEBUG - Adding (b'authorization', b'Bearer eyJhbGciOiJIUzI1NiIsImtpZCI6InBoVlcwNEg1OXFSWUJmMmsiLCJ0eXAiOiJKV1QifQ.eyJpc3MiOiJodHRwczovL292dXlncWZrcGlma3RjZ3NscXZpLnN1cGFiYXNlLmNvL2F1dGgvdjEiLCJzdWIiOiJmY2JiNmMyOS1iODNmLTQ0OGUtOWExMy1mZTcxNmY4N2MwYWYiLCJhdWQiOiJhdXRoZW50aWNhdGVkIiwiZXhwIjoxNzQ1NDkxOTQwLCJpYXQiOjE3NDU0ODgzNDAsImVtYWlsIjoidGVzdEBnbWFpbC5jb20iLCJwaG9uZSI6IiIsImFwcF9tZXRhZGF0YSI6eyJwcm92aWRlciI6ImVtYWlsIiwicHJvdmlkZXJzIjpbImVtYWlsIl19LCJ1c2VyX21ldGFkYXRhIjp7ImVtYWlsX3ZlcmlmaWVkIjp0cnVlfSwicm9sZSI6ImF1dGhlbnRpY2F0ZWQiLCJhYWwiOiJhYWwxIiwiYW1yIjpbeyJtZXRob2QiOiJwYXNzd29yZCIsInRpbWVzdGFtcCI6MTc0NTQ4ODM0MH1dLCJzZXNzaW9uX2lkIjoiZmFiOWQ1ZTctZThmYy00MzdkLWE3ODktMGI2MTMzZGVjYjA5IiwiaXNfYW5vbnltb3VzIjpmYWxzZX0.h5VNnk94E-3IgwFDNBId_xjhIveAqXcg0jTAmMCZIc4') to the header table, sensitive:True, huffman:True
2025-04-24 05:54:33,836 - hpack.hpack - DEBUG - Encoding 23 with 4 bits
2025-04-24 05:54:33,836 - hpack.hpack - DEBUG - Encoding 586 with 7 bits
2025-04-24 05:54:33,836 - hpack.hpack - DEBUG - Adding (b'accept-profile', b'public') to the header table, sensitive:False, huffman:True
2025-04-24 05:54:33,837 - hpack.hpack - DEBUG - Encoding 10 with 7 bits
2025-04-24 05:54:33,837 - hpack.hpack - DEBUG - Encoding 5 with 7 bits
2025-04-24 05:54:33,837 - hpack.hpack - DEBUG - Adding (b'content-profile', b'public') to the header table, sensitive:False, huffman:True
2025-04-24 05:54:33,837 - hpack.hpack - DEBUG - Encoding 11 with 7 bits
2025-04-24 05:54:33,837 - hpack.hpack - DEBUG - Encoding 5 with 7 bits
2025-04-24 05:54:33,837 - hpack.hpack - DEBUG - Adding (b'prefer', b'return=representation,resolution=merge-duplicates') to the header table, sensitive:False, huffman:True
2025-04-24 05:54:33,837 - hpack.hpack - DEBUG - Encoding 5 with 7 bits
2025-04-24 05:54:33,837 - hpack.hpack - DEBUG - Encoding 34 with 7 bits
2025-04-24 05:54:33,837 - hpack.hpack - DEBUG - Adding (b'content-length', b'246') to the header table, sensitive:False, huffman:True
2025-04-24 05:54:33,837 - hpack.hpack - DEBUG - Encoding 28 with 6 bits
2025-04-24 05:54:33,837 - hpack.hpack - DEBUG - Encoding 3 with 7 bits
2025-04-24 05:54:33,837 - hpack.hpack - DEBUG - Adding (b'content-type', b'application/json') to the header table, sensitive:False, huffman:True
2025-04-24 05:54:33,837 - hpack.hpack - DEBUG - Encoding 31 with 6 bits
2025-04-24 05:54:33,837 - hpack.hpack - DEBUG - Encoding 11 with 7 bits
2025-04-24 05:54:33,837 - hpack.hpack - DEBUG - Encoded header block to b"\x83A\x98?{}M\xda^\xb5\x9a^\xa9$\xc8\xa3\xb7s.\x8bk\x1ccAW!\xff\x87D\x8fb\xc2\xa1,w\x0b\x03\xae\xba\x0cA\xa4\xc7\xa9\x1fS\x83\xf9c\xe7P\x8f\x9b\xd9\xab\xfaRB\xcb@\xd2_\xa5=\xa12\x7fz\x8e\xaf\xd2g=KN\x94\xd7\xe5\x80.'\x97\x0f@\x8a\xf2\xb1(1jJ\xc6\xaaS\xff\x8dE\xb5\x8e1\xa0\xabW\xe9\x81.\x16\xd7\x07@\x85\x1df\xea__\xff(/\xac\xb3\xc7\x88\x86\xd4l\xb98{\xc8\x1d&\xc8\x8c\x95ml\x97\xb29\x93\xad\x7f\x9coe}r\xfa\xcbY\x19\xd0mF\xcb\xeeO\xcb\xb3\xf3\xa7\x0f\xbf\xdd\xd9\x11\x92\xac\xb4~\x9b#\x99)|R~QQ9~\xd8LTR6v\xf4\xfdgJ\t\xf9\xfb^Cx1)}\x1f\xbb\xb29\x92\x9c6\xc6&\x8d\x9e\xf6Z\xf9\xfel6\xae\x98\x19\xd3\x7fcZo\xf3\xf3\xab~\xc4d\xa7\x8bD\xbd\x91\xcd\x1d!\x16\x8b\xfb=h\xe9\x81\xbd8\xc0\xbf\xe6\x878jy;\xe2.\xe1\xe2:|{\xd9dc\xdd\x90D%\xf4\xb2\x9drf\xeb\xcbt \xba\x9c\x1d0\x7f\x1f\x08\xff\xcb\x03\xbaQ\xd8[\x14/\xac\xb3\xc7\x88\x86\xd4l\xb98{\xc8\x1d&\xc8\x8c\x94\xa6\xbf\xdb\xd9\x1c\xc9U\xd3\xf1\xa0\x9e4\xe0\x98:\xbf0\xee\xe5\xc3-:)A\xb3\xde\xca\x02\xfeBmF\xcb\x9b\x88v\x1a]\x8b\x97\xd6Z\xc8\xce\x83j6S\xc9\x8fo\x82{?|\xe2|R~QQ9~\xd8LTR6v\xf4\xfdgJ\t\xf9\xfb^z\xb4\x84\x98\xb0\x9b\x9f\xe6\x9a3\xd3\xa7\xbeqa\x0c\x98\xa6\xef'L\x06\xcf{/\xb99d6\xa3e\xa7\x98\xb2\x9bM:=j\xdc\x13j\xbf\xa6\x9c\xfb\xf6\x03V.\t\xd5\xcb\x07\x9d\x1e\x83O\xee\xf2y\xd3O6\xb4\x8bG\x8e|\xb9\x9b=\xec\xb3\xc9\xcba\xb5\x1b,\xf2~m?\xef&\xc0>Zg\x93\x17\x1e\xb9\r\xe0\xdf\xbf\x93\xf8\xc9\xd0\xfet\xfb\xd8\x1d7\xfa\xf9\xd5\xbfg\x8c\xf7\xb2\xd7\xcf\xf3a\xb5t\xc0\xce\x9b\xfc\x01\xaa\xfc\xde\xf4\xdf\x85\x19)\xe2\x9e|\xa8FN\x874\x98\xb8\xfb\x93\x05\xda\xa3\xe5\x86\xb8\xef7\xd21\x00\xd9\xefe\xf0<O\xdb\xfb\xbb#\x99\r\x91\x19)\xc3\xe0\x98_O\xef\xe6\xd9\xffqa\x07=\xd9\x1c/\xac\xbe\tK\xe2\x1f-\xb4\x10\xd9\x1c\xc9O\x14\xf3\xe5B2\x1b\xc1\x89\x8f/y)\xa3\xaf\xef\xe6_y:W\x1eJx\xa7\x9f*\x11\x92\x80\xbf\x9e\xf6P\x90\\}~\x084I\x8b\x0f^\x7f\x9bg\xc9\xd2\xb7rS\xc5<\xf9P\x8f\xc6\x7fh%4R>\\z\xe4\xe9X\tW\x1a%\xdd\xe0\xc4\xa5\xf4~\xee\xc8\xe6Jp\x86LS\xd1\x1d[k\xe6, \xfd\xe5\xb0\xd9\xefe\x9f\x9f/\x06\xd4l\xb3\xf3\xe5\xe3\xceCx7>A\xf5\x93\xa5q\x97\xd6T\xfe\xfem<b\xd8mF\xcb\xe3\x9f\xe6\x9fr\t\xff_\xb7\xb2#%[k\x8f\x97\x1frb\xc2\x92^\xc8\xe6\x8d\xe4\x06\x9d\xfb\x1a\xd5\x7f@4c\x0c\x99\xefe\xf7\xfb\xf9\xa7\xd8\xf9?o\xe0\xa8\xeb\x93\xa1\xcd\xfbN\x13j\xe5\xb0?\xbb\xc8\x9f\xdd\xf3\xd3\xcf\xd0\x01\xa3\xdc\x9ds\xf2\xc0\xce\xab\xfdS\xa3\x16Ah\xdf\xa3\xdf\xee.=9\xf4\x85\xbc\x86\xf0a\xfei\x97\x9f&\xfb\xc7U\t\x8d\x9e>\xf2t\xae\x9e|\xbc\xfb\xfd\xfc\x02\xf3\xb7\xc7M]_k\x02\xcc\xe4\x9b\xc6\x1b\xfan\xe4\x92/='\xc9\xdc\xb0\xf6\xfc$\xc0\xe9\xbe\x1at^\xfd\xc8F\xbf@\x8a\x19\x08Z\xd2\xb5v\x1eSP_\x85\xae\xd8\xe81?@\x8b!\xeaIjJ\xd5\xd8yMA\x7f\x85\xae\xd8\xe81?@\x85\xae\xc2\xca[?\xa2\xb0\xa9\xb6\xca\xa0\xb0\xb5\xd8T\x16\xa4\x8d&=_V\x15\x07\xa2\xd4\x98\xf5AIl\x98\xabImt\x18\x83IQ\\\x83\x13N\x7f_\x8b\x1du\xd0b\r&=LtA\xea"
2025-04-24 05:54:33,837 - httpcore.http2 - DEBUG - send_request_headers.complete
2025-04-24 05:54:33,838 - httpcore.http2 - DEBUG - send_request_body.started request=<Request [b'POST']> stream_id=1
2025-04-24 05:54:33,838 - httpcore.http2 - DEBUG - send_request_body.complete
2025-04-24 05:54:33,838 - httpcore.http2 - DEBUG - receive_response_headers.started request=<Request [b'POST']> stream_id=1
2025-04-24 05:54:33,848 - httpcore.http2 - DEBUG - receive_remote_settings.started
2025-04-24 05:54:33,848 - httpcore.http2 - DEBUG - receive_remote_settings.complete return_value=<RemoteSettingsChanged changed_settings:{ChangedSetting(setting=3, original_value=None, new_value=100), ChangedSetting(setting=4, original_value=65535, new_value=65536), ChangedSetting(setting=5, original_value=16384, new_value=16777215)}>
2025-04-24 05:54:33,978 - hpack.hpack - DEBUG - Decoding b'?\xe1\x1f\x8ca\x97\xdf=\xbfJ\t\xa5!\xae\xc5\x04\x016\xa0\x1f\xb8\xdbW\x19iLZ7\xff_\x96\x1du\xd0b\r&=LtA\xea\xfbP\x93\x8e\xc4\x150Z\x99V{@\x85$\xabX?_\x8f}\x96\xda\x8d\xe6\xc4\xcc\x92\xbe1\x91\xb5\xb9\xf3\xfd@\x8a$\xab\x10d\x9c\xab!#M\xa8\x86\xbf\xcfL:2^Z\x83\x9b\xd9\xabx\xa0\xa4~V\x1c\xc5\x81\x90\xb6\xcb\x80\x00>\xd45D\xa2\xd9\x0b\xba\xd8\xef\x9e\x91\x9a\xa4}\xa9]\x85\xa0\xe3\x93{\x8b\x84\x84-i[\x05D<\x86\xaao@\x8dDkL4\x97\xc0\xfd-\xdc\xb6 \xc7\xab\x011@\x8aDkWa\xfa\x14\x89Z\xc2\xcb\x90?{}M\xda^\xb5\x9a^\xa9$\xc8\xa3\xb7s\x7f@\x90\xf2\xb1\x0fRKRVO\xaa\xca\xb1\xebI\x8fR?\x85\xa8\xe8\xa8\xd2\xcb@\x8f\xf2\xb1j\xee\x7fK\r)-5\xa5b\x1e\xda\x93\x011@\x95\xf2\xb1j\xee\x7fK[Z\x13aGJ\xc8-\x9d\xccB\xac\x93R_\x0216v\x87%\x07\xb6Ih\x1d\x85@\x85\x1d\tY\x1d\xc9\x90\x9d\x98?\x9b\x8d4\xcf\xf3\xf6\xa5#\x81\xe7\x1a\x00?'
2025-04-24 05:54:33,978 - hpack.hpack - DEBUG - Decoded 4096, consumed 3 bytes
2025-04-24 05:54:33,979 - hpack.table - DEBUG - Resizing header table to 4096 from 4096
2025-04-24 05:54:33,979 - hpack.hpack - DEBUG - Decoded 12, consumed 1 bytes
2025-04-24 05:54:33,979 - hpack.hpack - DEBUG - Decoded (b':status', b'400'), consumed 1
2025-04-24 05:54:33,979 - hpack.hpack - DEBUG - Decoded 33, consumed 1 bytes
2025-04-24 05:54:33,979 - hpack.hpack - DEBUG - Decoded 23, consumed 1 bytes
2025-04-24 05:54:33,979 - hpack.hpack - DEBUG - Decoded (b'date', b'Thu, 24 Apr 2025 09:54:34 GMT'), total consumed 25 bytes, indexed True
2025-04-24 05:54:33,980 - hpack.hpack - DEBUG - Decoded 31, consumed 1 bytes
2025-04-24 05:54:33,980 - hpack.hpack - DEBUG - Decoded 22, consumed 1 bytes
2025-04-24 05:54:33,980 - hpack.hpack - DEBUG - Decoded (b'content-type', b'application/json; charset=utf-8'), total consumed 24 bytes, indexed True
2025-04-24 05:54:33,980 - hpack.hpack - DEBUG - Decoded 5, consumed 1 bytes
2025-04-24 05:54:33,980 - hpack.hpack - DEBUG - Decoded 15, consumed 1 bytes
2025-04-24 05:54:33,980 - hpack.hpack - DEBUG - Decoded (b'cf-ray', b'9354b8523df9aac5-YYZ'), total consumed 23 bytes, indexed True
2025-04-24 05:54:33,980 - hpack.hpack - DEBUG - Decoded 10, consumed 1 bytes
2025-04-24 05:54:33,980 - hpack.hpack - DEBUG - Decoded 6, consumed 1 bytes
2025-04-24 05:54:33,980 - hpack.hpack - DEBUG - Decoded (b'cf-cache-status', b'DYNAMIC'), total consumed 19 bytes, indexed True
2025-04-24 05:54:33,980 - hpack.hpack - DEBUG - Decoded 26, consumed 1 bytes
2025-04-24 05:54:33,980 - hpack.hpack - DEBUG - Decoded 3, consumed 1 bytes
2025-04-24 05:54:33,980 - hpack.hpack - DEBUG - Decoded (b'content-encoding', b'gzip'), total consumed 5 bytes, indexed True
2025-04-24 05:54:33,981 - hpack.hpack - DEBUG - Decoded 56, consumed 1 bytes
2025-04-24 05:54:33,981 - hpack.hpack - DEBUG - Decoded 32, consumed 1 bytes
2025-04-24 05:54:33,981 - hpack.hpack - DEBUG - Decoded (b'strict-transport-security', b'max-age=31536000; includeSubDomains; preload'), total consumed 34 bytes, indexed True
2025-04-24 05:54:33,981 - hpack.hpack - DEBUG - Decoded 59, consumed 1 bytes
2025-04-24 05:54:33,981 - hpack.hpack - DEBUG - Decoded 11, consumed 1 bytes
2025-04-24 05:54:33,981 - hpack.hpack - DEBUG - Decoded (b'vary', b'Accept-Encoding'), total consumed 13 bytes, indexed True
2025-04-24 05:54:33,981 - hpack.hpack - DEBUG - Decoded 13, consumed 1 bytes
2025-04-24 05:54:33,981 - hpack.hpack - DEBUG - Decoded 1, consumed 1 bytes
2025-04-24 05:54:33,981 - hpack.hpack - DEBUG - Decoded (b'sb-gateway-version', <memory at 0x10430bf40>), total consumed 17 bytes, indexed True
2025-04-24 05:54:33,981 - hpack.hpack - DEBUG - Decoded 10, consumed 1 bytes
2025-04-24 05:54:33,981 - hpack.hpack - DEBUG - Decoded 16, consumed 1 bytes
2025-04-24 05:54:33,981 - hpack.hpack - DEBUG - Decoded (b'sb-project-ref', b'ovuygqfkpifktcgslqvi'), total consumed 29 bytes, indexed True
2025-04-24 05:54:33,981 - hpack.hpack - DEBUG - Decoded 16, consumed 1 bytes
2025-04-24 05:54:33,981 - hpack.hpack - DEBUG - Decoded 5, consumed 1 bytes
2025-04-24 05:54:33,981 - hpack.hpack - DEBUG - Decoded (b'x-content-type-options', b'nosniff'), total consumed 24 bytes, indexed True
2025-04-24 05:54:33,982 - hpack.hpack - DEBUG - Decoded 15, consumed 1 bytes
2025-04-24 05:54:33,982 - hpack.hpack - DEBUG - Decoded 1, consumed 1 bytes
2025-04-24 05:54:33,982 - hpack.hpack - DEBUG - Decoded (b'x-envoy-attempt-count', <memory at 0x10430b280>), total consumed 19 bytes, indexed True
2025-04-24 05:54:33,982 - hpack.hpack - DEBUG - Decoded 21, consumed 1 bytes
2025-04-24 05:54:33,982 - hpack.hpack - DEBUG - Decoded 2, consumed 1 bytes
2025-04-24 05:54:33,982 - hpack.hpack - DEBUG - Decoded (b'x-envoy-upstream-service-time', <memory at 0x10430b640>), total consumed 26 bytes, indexed True
2025-04-24 05:54:33,982 - hpack.hpack - DEBUG - Decoded 54, consumed 1 bytes
2025-04-24 05:54:33,982 - hpack.hpack - DEBUG - Decoded 7, consumed 1 bytes
2025-04-24 05:54:33,982 - hpack.hpack - DEBUG - Decoded (b'server', b'cloudflare'), total consumed 9 bytes, indexed True
2025-04-24 05:54:33,982 - hpack.hpack - DEBUG - Decoded 5, consumed 1 bytes
2025-04-24 05:54:33,982 - hpack.hpack - DEBUG - Decoded 16, consumed 1 bytes
2025-04-24 05:54:33,982 - hpack.hpack - DEBUG - Decoded (b'alt-svc', b'h3=":443"; ma=86400'), total consumed 24 bytes, indexed True
2025-04-24 05:54:33,982 - httpcore.http2 - DEBUG - receive_response_headers.complete return_value=(400, [(b'date', b'Thu, 24 Apr 2025 09:54:34 GMT'), (b'content-type', b'application/json; charset=utf-8'), (b'cf-ray', b'9354b8523df9aac5-YYZ'), (b'cf-cache-status', b'DYNAMIC'), (b'content-encoding', b'gzip'), (b'strict-transport-security', b'max-age=31536000; includeSubDomains; preload'), (b'vary', b'Accept-Encoding'), (b'sb-gateway-version', b'1'), (b'sb-project-ref', b'ovuygqfkpifktcgslqvi'), (b'x-content-type-options', b'nosniff'), (b'x-envoy-attempt-count', b'1'), (b'x-envoy-upstream-service-time', b'16'), (b'server', b'cloudflare'), (b'alt-svc', b'h3=":443"; ma=86400')])
2025-04-24 05:54:33,983 - httpx - INFO - HTTP Request: POST https://ovuygqfkpifktcgslqvi.supabase.co/rest/v1/applications "HTTP/2 400 Bad Request"
2025-04-24 05:54:33,983 - httpcore.http2 - DEBUG - receive_response_body.started request=<Request [b'POST']> stream_id=1
2025-04-24 05:54:33,983 - httpcore.http2 - DEBUG - receive_response_body.complete
2025-04-24 05:54:33,983 - httpcore.http2 - DEBUG - response_closed.started stream_id=1
2025-04-24 05:54:33,983 - httpcore.http2 - DEBUG - response_closed.complete
2025-04-24 05:54:33,983 - user_assistance_mcp - ERROR - Error upserting application record for fe353815-b927-4834-8deb-ff82fc35b406: {'code': '23514', 'details': None, 'hint': None, 'message': 'new row for relation "applications" violates check constraint "applications_status_check"'}
2025-04-24 05:54:33,984 - user_assistance_mcp - ERROR - Traceback (most recent call last):
  File "/Users/leoyin/Development/ez_career/ez-career-service/mcp_servers/user_assistance_mcp.py", line 128, in log_application_issue
    supabase.table("applications").upsert(app_upsert_data).execute()
  File "/Users/leoyin/Development/ez_career/ez-career-service/.venv/lib/python3.12/site-packages/postgrest/_sync/request_builder.py", line 78, in execute
    raise APIError(r.json())
postgrest.exceptions.APIError: {'code': '23514', 'details': None, 'hint': None, 'message': 'new row for relation "applications" violates check constraint "applications_status_check"'}

2025-04-24 05:54:33,984 - user_assistance_mcp - DEBUG - Preparing to insert issue into application_issues table
2025-04-24 05:54:33,984 - user_assistance_mcp - DEBUG - Issue Insert data: {'user_id': 'fcbb6c29-b83f-448e-9a13-fe716f87c0af', 'application_id': 'fe353815-b927-4834-8deb-ff82fc35b406', 'company': 'TalentBurst, Inc.', 'position': 'Full Stack Developer - Contract', 'issue_type': 'technical_barrier', 'issue_details': 'Encountered a login wall on Monster requiring user credentials, unable to proceed without them. Skipping application.', 'status': 'pending', 'created_at': '2025-04-24T05:54:33.984957'}
2025-04-24 05:54:33,985 - user_assistance_mcp - DEBUG - Executing supabase insert for application_issues
2025-04-24 05:54:33,985 - httpcore.http2 - DEBUG - send_request_headers.started request=<Request [b'POST']> stream_id=3
2025-04-24 05:54:33,985 - hpack.hpack - DEBUG - Adding (b':method', b'POST') to the header table, sensitive:False, huffman:True
2025-04-24 05:54:33,985 - hpack.hpack - DEBUG - Encoding 3 with 7 bits
2025-04-24 05:54:33,985 - hpack.hpack - DEBUG - Adding (b':authority', b'ovuygqfkpifktcgslqvi.supabase.co') to the header table, sensitive:False, huffman:True
2025-04-24 05:54:33,985 - hpack.hpack - DEBUG - Encoding 73 with 7 bits
2025-04-24 05:54:33,986 - hpack.hpack - DEBUG - Adding (b':scheme', b'https') to the header table, sensitive:False, huffman:True
2025-04-24 05:54:33,986 - hpack.hpack - DEBUG - Encoding 7 with 7 bits
2025-04-24 05:54:33,986 - hpack.hpack - DEBUG - Adding (b':path', b'/rest/v1/application_issues') to the header table, sensitive:False, huffman:True
2025-04-24 05:54:33,986 - hpack.hpack - DEBUG - Encoding 4 with 6 bits
2025-04-24 05:54:33,986 - hpack.hpack - DEBUG - Encoding 19 with 7 bits
2025-04-24 05:54:33,986 - hpack.hpack - DEBUG - Adding (b'accept', b'*/*') to the header table, sensitive:False, huffman:True
2025-04-24 05:54:33,986 - hpack.hpack - DEBUG - Encoding 72 with 7 bits
2025-04-24 05:54:33,986 - hpack.hpack - DEBUG - Adding (b'accept-encoding', b'gzip, deflate, zstd') to the header table, sensitive:False, huffman:True
2025-04-24 05:54:33,986 - hpack.hpack - DEBUG - Encoding 71 with 7 bits
2025-04-24 05:54:33,986 - hpack.hpack - DEBUG - Adding (b'user-agent', b'python-httpx/0.28.1') to the header table, sensitive:False, huffman:True
2025-04-24 05:54:33,986 - hpack.hpack - DEBUG - Encoding 70 with 7 bits
2025-04-24 05:54:33,986 - hpack.hpack - DEBUG - Adding (b'x-client-info', b'supabase-py/2.15.0') to the header table, sensitive:False, huffman:True
2025-04-24 05:54:33,986 - hpack.hpack - DEBUG - Encoding 69 with 7 bits
2025-04-24 05:54:33,986 - hpack.hpack - DEBUG - Adding (b'apikey', b'eyJhbGciOiJIUzI1NiIsInR5cCI6IkpXVCJ9.eyJpc3MiOiJzdXBhYmFzZSIsInJlZiI6Im92dXlncWZrcGlma3RjZ3NscXZpIiwicm9sZSI6ImFub24iLCJpYXQiOjE3NDQ4NDYxOTQsImV4cCI6MjA2MDQyMjE5NH0.XM6UO8tT_eSaGotwzQrbaSI2ccDt3tPdKkWSA0BtEjE') to the header table, sensitive:False, huffman:True
2025-04-24 05:54:33,986 - hpack.hpack - DEBUG - Encoding 68 with 7 bits
2025-04-24 05:54:33,986 - hpack.hpack - DEBUG - Adding (b'authorization', b'Bearer eyJhbGciOiJIUzI1NiIsImtpZCI6InBoVlcwNEg1OXFSWUJmMmsiLCJ0eXAiOiJKV1QifQ.eyJpc3MiOiJodHRwczovL292dXlncWZrcGlma3RjZ3NscXZpLnN1cGFiYXNlLmNvL2F1dGgvdjEiLCJzdWIiOiJmY2JiNmMyOS1iODNmLTQ0OGUtOWExMy1mZTcxNmY4N2MwYWYiLCJhdWQiOiJhdXRoZW50aWNhdGVkIiwiZXhwIjoxNzQ1NDkxOTQwLCJpYXQiOjE3NDU0ODgzNDAsImVtYWlsIjoidGVzdEBnbWFpbC5jb20iLCJwaG9uZSI6IiIsImFwcF9tZXRhZGF0YSI6eyJwcm92aWRlciI6ImVtYWlsIiwicHJvdmlkZXJzIjpbImVtYWlsIl19LCJ1c2VyX21ldGFkYXRhIjp7ImVtYWlsX3ZlcmlmaWVkIjp0cnVlfSwicm9sZSI6ImF1dGhlbnRpY2F0ZWQiLCJhYWwiOiJhYWwxIiwiYW1yIjpbeyJtZXRob2QiOiJwYXNzd29yZCIsInRpbWVzdGFtcCI6MTc0NTQ4ODM0MH1dLCJzZXNzaW9uX2lkIjoiZmFiOWQ1ZTctZThmYy00MzdkLWE3ODktMGI2MTMzZGVjYjA5IiwiaXNfYW5vbnltb3VzIjpmYWxzZX0.h5VNnk94E-3IgwFDNBId_xjhIveAqXcg0jTAmMCZIc4') to the header table, sensitive:True, huffman:True
2025-04-24 05:54:33,986 - hpack.hpack - DEBUG - Encoding 23 with 4 bits
2025-04-24 05:54:33,987 - hpack.hpack - DEBUG - Encoding 586 with 7 bits
2025-04-24 05:54:33,987 - hpack.hpack - DEBUG - Adding (b'accept-profile', b'public') to the header table, sensitive:False, huffman:True
2025-04-24 05:54:33,987 - hpack.hpack - DEBUG - Encoding 67 with 7 bits
2025-04-24 05:54:33,987 - hpack.hpack - DEBUG - Adding (b'content-profile', b'public') to the header table, sensitive:False, huffman:True
2025-04-24 05:54:33,987 - hpack.hpack - DEBUG - Encoding 66 with 7 bits
2025-04-24 05:54:33,987 - hpack.hpack - DEBUG - Adding (b'prefer', b'return=representation') to the header table, sensitive:False, huffman:True
2025-04-24 05:54:33,987 - hpack.hpack - DEBUG - Encoding 65 with 6 bits
2025-04-24 05:54:33,987 - hpack.hpack - DEBUG - Encoding 15 with 7 bits
2025-04-24 05:54:33,987 - hpack.hpack - DEBUG - Adding (b'content-length', b'411') to the header table, sensitive:False, huffman:True
2025-04-24 05:54:33,987 - hpack.hpack - DEBUG - Encoding 28 with 6 bits
2025-04-24 05:54:33,987 - hpack.hpack - DEBUG - Encoding 2 with 7 bits
2025-04-24 05:54:33,987 - hpack.hpack - DEBUG - Adding (b'content-type', b'application/json') to the header table, sensitive:False, huffman:True
2025-04-24 05:54:33,987 - hpack.hpack - DEBUG - Encoding 65 with 7 bits
2025-04-24 05:54:33,987 - hpack.hpack - DEBUG - Encoded header block to b"\x83\xc9\x87D\x93b\xc2\xa1,w\x0b\x03\xae\xba\x0cA\xa4\xc7\xaa#!\x16\x95\x1f\xc8\xc7\xc6\xc5\xc4\x1f\x08\xff\xcb\x03\xbaQ\xd8[\x14/\xac\xb3\xc7\x88\x86\xd4l\xb98{\xc8\x1d&\xc8\x8c\x94\xa6\xbf\xdb\xd9\x1c\xc9U\xd3\xf1\xa0\x9e4\xe0\x98:\xbf0\xee\xe5\xc3-:)A\xb3\xde\xca\x02\xfeBmF\xcb\x9b\x88v\x1a]\x8b\x97\xd6Z\xc8\xce\x83j6S\xc9\x8fo\x82{?|\xe2|R~QQ9~\xd8LTR6v\xf4\xfdgJ\t\xf9\xfb^z\xb4\x84\x98\xb0\x9b\x9f\xe6\x9a3\xd3\xa7\xbeqa\x0c\x98\xa6\xef'L\x06\xcf{/\xb99d6\xa3e\xa7\x98\xb2\x9bM:=j\xdc\x13j\xbf\xa6\x9c\xfb\xf6\x03V.\t\xd5\xcb\x07\x9d\x1e\x83O\xee\xf2y\xd3O6\xb4\x8bG\x8e|\xb9\x9b=\xec\xb3\xc9\xcba\xb5\x1b,\xf2~m?\xef&\xc0>Zg\x93\x17\x1e\xb9\r\xe0\xdf\xbf\x93\xf8\xc9\xd0\xfet\xfb\xd8\x1d7\xfa\xf9\xd5\xbfg\x8c\xf7\xb2\xd7\xcf\xf3a\xb5t\xc0\xce\x9b\xfc\x01\xaa\xfc\xde\xf4\xdf\x85\x19)\xe2\x9e|\xa8FN\x874\x98\xb8\xfb\x93\x05\xda\xa3\xe5\x86\xb8\xef7\xd21\x00\xd9\xefe\xf0<O\xdb\xfb\xbb#\x99\r\x91\x19)\xc3\xe0\x98_O\xef\xe6\xd9\xffqa\x07=\xd9\x1c/\xac\xbe\tK\xe2\x1f-\xb4\x10\xd9\x1c\xc9O\x14\xf3\xe5B2\x1b\xc1\x89\x8f/y)\xa3\xaf\xef\xe6_y:W\x1eJx\xa7\x9f*\x11\x92\x80\xbf\x9e\xf6P\x90\\}~\x084I\x8b\x0f^\x7f\x9bg\xc9\xd2\xb7rS\xc5<\xf9P\x8f\xc6\x7fh%4R>\\z\xe4\xe9X\tW\x1a%\xdd\xe0\xc4\xa5\xf4~\xee\xc8\xe6Jp\x86LS\xd1\x1d[k\xe6, \xfd\xe5\xb0\xd9\xefe\x9f\x9f/\x06\xd4l\xb3\xf3\xe5\xe3\xceCx7>A\xf5\x93\xa5q\x97\xd6T\xfe\xfem<b\xd8mF\xcb\xe3\x9f\xe6\x9fr\t\xff_\xb7\xb2#%[k\x8f\x97\x1frb\xc2\x92^\xc8\xe6\x8d\xe4\x06\x9d\xfb\x1a\xd5\x7f@4c\x0c\x99\xefe\xf7\xfb\xf9\xa7\xd8\xf9?o\xe0\xa8\xeb\x93\xa1\xcd\xfbN\x13j\xe5\xb0?\xbb\xc8\x9f\xdd\xf3\xd3\xcf\xd0\x01\xa3\xdc\x9ds\xf2\xc0\xce\xab\xfdS\xa3\x16Ah\xdf\xa3\xdf\xee.=9\xf4\x85\xbc\x86\xf0a\xfei\x97\x9f&\xfb\xc7U\t\x8d\x9e>\xf2t\xae\x9e|\xbc\xfb\xfd\xfc\x02\xf3\xb7\xc7M]_k\x02\xcc\xe4\x9b\xc6\x1b\xfan\xe4\x92/='\xc9\xdc\xb0\xf6\xfc$\xc0\xe9\xbe\x1at^\xfd\xc8F\xbf\xc3\xc2\x7f\x02\x8f\xb0\xa9\xb6\xca\xa0\xb0\xb5\xd8T\x16\xa4\x8d&=_\\\x82h!\xc1"
2025-04-24 05:54:33,988 - httpcore.http2 - DEBUG - send_request_headers.complete
2025-04-24 05:54:33,988 - httpcore.http2 - DEBUG - send_request_body.started request=<Request [b'POST']> stream_id=3
2025-04-24 05:54:33,988 - httpcore.http2 - DEBUG - send_request_body.complete
2025-04-24 05:54:33,988 - httpcore.http2 - DEBUG - receive_response_headers.started request=<Request [b'POST']> stream_id=3
2025-04-24 05:54:34,055 - hpack.hpack - DEBUG - Decoding b'N\x03409\xcc\xcb\x7f\x0b\x8f}\x96\xda\x8d\xe6\xd9\x11^ \xc6F\xd6\xe7\xcf\xf7\xca\xc9\xc8\xc7\xc6\xc5\xc4\xc3\x7f\x03\x0217\xc2\xc1'
2025-04-24 05:54:34,056 - hpack.hpack - DEBUG - Decoded 14, consumed 1 bytes
2025-04-24 05:54:34,056 - hpack.hpack - DEBUG - Decoded 3, consumed 1 bytes
2025-04-24 05:54:34,056 - hpack.hpack - DEBUG - Decoded (b':status', <memory at 0x10454c940>), total consumed 5 bytes, indexed True
2025-04-24 05:54:34,056 - hpack.hpack - DEBUG - Decoded 76, consumed 1 bytes
2025-04-24 05:54:34,056 - hpack.hpack - DEBUG - Decoded (b'date', b'Thu, 24 Apr 2025 09:54:34 GMT'), consumed 1
2025-04-24 05:54:34,057 - hpack.hpack - DEBUG - Decoded 75, consumed 1 bytes
2025-04-24 05:54:34,057 - hpack.hpack - DEBUG - Decoded (b'content-type', b'application/json; charset=utf-8'), consumed 1
2025-04-24 05:54:34,057 - hpack.hpack - DEBUG - Decoded 74, consumed 2 bytes
2025-04-24 05:54:34,057 - hpack.hpack - DEBUG - Decoded 15, consumed 1 bytes
2025-04-24 05:54:34,057 - hpack.hpack - DEBUG - Decoded (b'cf-ray', b'9354b8532e8caac5-YYZ'), total consumed 18 bytes, indexed True
2025-04-24 05:54:34,057 - hpack.hpack - DEBUG - Decoded 74, consumed 1 bytes
2025-04-24 05:54:34,057 - hpack.hpack - DEBUG - Decoded (b'cf-cache-status', b'DYNAMIC'), consumed 1
2025-04-24 05:54:34,057 - hpack.hpack - DEBUG - Decoded 73, consumed 1 bytes
2025-04-24 05:54:34,058 - hpack.hpack - DEBUG - Decoded (b'content-encoding', b'gzip'), consumed 1
2025-04-24 05:54:34,058 - hpack.hpack - DEBUG - Decoded 72, consumed 1 bytes
2025-04-24 05:54:34,058 - hpack.hpack - DEBUG - Decoded (b'strict-transport-security', b'max-age=31536000; includeSubDomains; preload'), consumed 1
2025-04-24 05:54:34,058 - hpack.hpack - DEBUG - Decoded 71, consumed 1 bytes
2025-04-24 05:54:34,058 - hpack.hpack - DEBUG - Decoded (b'vary', b'Accept-Encoding'), consumed 1
2025-04-24 05:54:34,058 - hpack.hpack - DEBUG - Decoded 70, consumed 1 bytes
2025-04-24 05:54:34,058 - hpack.hpack - DEBUG - Decoded (b'sb-gateway-version', <memory at 0x10430bf40>), consumed 1
2025-04-24 05:54:34,058 - hpack.hpack - DEBUG - Decoded 69, consumed 1 bytes
2025-04-24 05:54:34,058 - hpack.hpack - DEBUG - Decoded (b'sb-project-ref', b'ovuygqfkpifktcgslqvi'), consumed 1
2025-04-24 05:54:34,058 - hpack.hpack - DEBUG - Decoded 68, consumed 1 bytes
2025-04-24 05:54:34,058 - hpack.hpack - DEBUG - Decoded (b'x-content-type-options', b'nosniff'), consumed 1
2025-04-24 05:54:34,058 - hpack.hpack - DEBUG - Decoded 67, consumed 1 bytes
2025-04-24 05:54:34,058 - hpack.hpack - DEBUG - Decoded (b'x-envoy-attempt-count', <memory at 0x10430b280>), consumed 1
2025-04-24 05:54:34,058 - hpack.hpack - DEBUG - Decoded 66, consumed 2 bytes
2025-04-24 05:54:34,058 - hpack.hpack - DEBUG - Decoded 2, consumed 1 bytes
2025-04-24 05:54:34,058 - hpack.hpack - DEBUG - Decoded (b'x-envoy-upstream-service-time', <memory at 0x10454ca00>), total consumed 5 bytes, indexed True
2025-04-24 05:54:34,059 - hpack.hpack - DEBUG - Decoded 66, consumed 1 bytes
2025-04-24 05:54:34,059 - hpack.hpack - DEBUG - Decoded (b'server', b'cloudflare'), consumed 1
2025-04-24 05:54:34,059 - hpack.hpack - DEBUG - Decoded 65, consumed 1 bytes
2025-04-24 05:54:34,059 - hpack.hpack - DEBUG - Decoded (b'alt-svc', b'h3=":443"; ma=86400'), consumed 1
2025-04-24 05:54:34,059 - httpcore.http2 - DEBUG - receive_response_headers.complete return_value=(409, [(b'date', b'Thu, 24 Apr 2025 09:54:34 GMT'), (b'content-type', b'application/json; charset=utf-8'), (b'cf-ray', b'9354b8532e8caac5-YYZ'), (b'cf-cache-status', b'DYNAMIC'), (b'content-encoding', b'gzip'), (b'strict-transport-security', b'max-age=31536000; includeSubDomains; preload'), (b'vary', b'Accept-Encoding'), (b'sb-gateway-version', b'1'), (b'sb-project-ref', b'ovuygqfkpifktcgslqvi'), (b'x-content-type-options', b'nosniff'), (b'x-envoy-attempt-count', b'1'), (b'x-envoy-upstream-service-time', b'17'), (b'server', b'cloudflare'), (b'alt-svc', b'h3=":443"; ma=86400')])
2025-04-24 05:54:34,060 - httpx - INFO - HTTP Request: POST https://ovuygqfkpifktcgslqvi.supabase.co/rest/v1/application_issues "HTTP/2 409 Conflict"
2025-04-24 05:54:34,060 - httpcore.http2 - DEBUG - receive_response_body.started request=<Request [b'POST']> stream_id=3
2025-04-24 05:54:34,060 - httpcore.http2 - DEBUG - receive_response_body.complete
2025-04-24 05:54:34,060 - httpcore.http2 - DEBUG - response_closed.started stream_id=3
2025-04-24 05:54:34,060 - httpcore.http2 - DEBUG - response_closed.complete
2025-04-24 05:54:34,060 - user_assistance_mcp - ERROR - Supabase API Error logging issue for fe353815-b927-4834-8deb-ff82fc35b406: {'code': '23503', 'details': 'Key is not present in table "applications".', 'hint': None, 'message': 'insert or update on table "application_issues" violates foreign key constraint "application_issues_application_id_fkey"'}
2025-04-24 05:54:34,060 - user_assistance_mcp - ERROR - Details: Key is not present in table "applications"., Code: 23503, Hint: None, Message: insert or update on table "application_issues" violates foreign key constraint "application_issues_application_id_fkey"
2025-04-24 05:54:34,061 - user_assistance_mcp - ERROR - Traceback (most recent call last):
  File "/Users/leoyin/Development/ez_career/ez-career-service/mcp_servers/user_assistance_mcp.py", line 153, in log_application_issue
    response = supabase.table("application_issues").insert(issue_insert_data).execute()
               ^^^^^^^^^^^^^^^^^^^^^^^^^^^^^^^^^^^^^^^^^^^^^^^^^^^^^^^^^^^^^^^^^^^^^^^^
  File "/Users/leoyin/Development/ez_career/ez-career-service/.venv/lib/python3.12/site-packages/postgrest/_sync/request_builder.py", line 78, in execute
    raise APIError(r.json())
postgrest.exceptions.APIError: {'code': '23503', 'details': 'Key is not present in table "applications".', 'hint': None, 'message': 'insert or update on table "application_issues" violates foreign key constraint "application_issues_application_id_fkey"'}

2025-04-24 05:54:34,062 - mcp.server.lowlevel.server - DEBUG - Response sent
2025-04-24 05:54:34,062 - mcp.server.lowlevel.server - DEBUG - Received message: <mcp.shared.session.RequestResponder object at 0x10424eea0>
2025-04-24 05:54:34,063 - mcp.server.lowlevel.server - INFO - Processing request of type CallToolRequest
2025-04-24 05:54:34,063 - mcp.server.lowlevel.server - DEBUG - Dispatching request of type CallToolRequest
2025-04-24 05:54:34,063 - user_assistance_mcp - INFO - send_simple_notification called with title: Login Wall Encountered
2025-04-24 05:54:34,063 - user_assistance_mcp - INFO - send_application_notification called with: user_id=fcbb6c29-b83f-448e-9a13-fe716f87c0af, title=Login Wall Encountered, type=application_issue
2025-04-24 05:54:34,063 - user_assistance_mcp - INFO - Notification message: Unable to apply for 'Full Stack Developer - Contract' at TalentBurst, Inc. due to a login wall on Monster requiring user credentials. Application skipped.
2025-04-24 05:54:34,063 - user_assistance_mcp - DEBUG - Preparing to insert notification into notifications table
2025-04-24 05:54:34,063 - user_assistance_mcp - DEBUG - Insert data: {'user_id': 'fcbb6c29-b83f-448e-9a13-fe716f87c0af', 'title': 'Login Wall Encountered', 'content': "Unable to apply for 'Full Stack Developer - Contract' at TalentBurst, Inc. due to a login wall on Monster requiring user credentials. Application skipped.", 'type': 'application_issue', 'read': False, 'created_at': '2025-04-24T05:54:34.063350'}
2025-04-24 05:54:34,063 - user_assistance_mcp - DEBUG - Executing supabase insert for notifications
2025-04-24 05:54:34,063 - httpcore.http2 - DEBUG - send_request_headers.started request=<Request [b'POST']> stream_id=5
2025-04-24 05:54:34,063 - hpack.hpack - DEBUG - Adding (b':method', b'POST') to the header table, sensitive:False, huffman:True
2025-04-24 05:54:34,063 - hpack.hpack - DEBUG - Encoding 3 with 7 bits
2025-04-24 05:54:34,063 - hpack.hpack - DEBUG - Adding (b':authority', b'ovuygqfkpifktcgslqvi.supabase.co') to the header table, sensitive:False, huffman:True
2025-04-24 05:54:34,063 - hpack.hpack - DEBUG - Encoding 76 with 7 bits
2025-04-24 05:54:34,063 - hpack.hpack - DEBUG - Adding (b':scheme', b'https') to the header table, sensitive:False, huffman:True
2025-04-24 05:54:34,063 - hpack.hpack - DEBUG - Encoding 7 with 7 bits
2025-04-24 05:54:34,063 - hpack.hpack - DEBUG - Adding (b':path', b'/rest/v1/notifications') to the header table, sensitive:False, huffman:True
2025-04-24 05:54:34,063 - hpack.hpack - DEBUG - Encoding 4 with 6 bits
2025-04-24 05:54:34,064 - hpack.hpack - DEBUG - Encoding 15 with 7 bits
2025-04-24 05:54:34,064 - hpack.hpack - DEBUG - Adding (b'accept', b'*/*') to the header table, sensitive:False, huffman:True
2025-04-24 05:54:34,064 - hpack.hpack - DEBUG - Encoding 75 with 7 bits
2025-04-24 05:54:34,064 - hpack.hpack - DEBUG - Adding (b'accept-encoding', b'gzip, deflate, zstd') to the header table, sensitive:False, huffman:True
2025-04-24 05:54:34,064 - hpack.hpack - DEBUG - Encoding 74 with 7 bits
2025-04-24 05:54:34,064 - hpack.hpack - DEBUG - Adding (b'user-agent', b'python-httpx/0.28.1') to the header table, sensitive:False, huffman:True
2025-04-24 05:54:34,064 - hpack.hpack - DEBUG - Encoding 73 with 7 bits
2025-04-24 05:54:34,064 - hpack.hpack - DEBUG - Adding (b'x-client-info', b'supabase-py/2.15.0') to the header table, sensitive:False, huffman:True
2025-04-24 05:54:34,064 - hpack.hpack - DEBUG - Encoding 72 with 7 bits
2025-04-24 05:54:34,064 - hpack.hpack - DEBUG - Adding (b'apikey', b'eyJhbGciOiJIUzI1NiIsInR5cCI6IkpXVCJ9.eyJpc3MiOiJzdXBhYmFzZSIsInJlZiI6Im92dXlncWZrcGlma3RjZ3NscXZpIiwicm9sZSI6ImFub24iLCJpYXQiOjE3NDQ4NDYxOTQsImV4cCI6MjA2MDQyMjE5NH0.XM6UO8tT_eSaGotwzQrbaSI2ccDt3tPdKkWSA0BtEjE') to the header table, sensitive:False, huffman:True
2025-04-24 05:54:34,064 - hpack.hpack - DEBUG - Encoding 71 with 7 bits
2025-04-24 05:54:34,064 - hpack.hpack - DEBUG - Adding (b'authorization', b'Bearer eyJhbGciOiJIUzI1NiIsImtpZCI6InBoVlcwNEg1OXFSWUJmMmsiLCJ0eXAiOiJKV1QifQ.eyJpc3MiOiJodHRwczovL292dXlncWZrcGlma3RjZ3NscXZpLnN1cGFiYXNlLmNvL2F1dGgvdjEiLCJzdWIiOiJmY2JiNmMyOS1iODNmLTQ0OGUtOWExMy1mZTcxNmY4N2MwYWYiLCJhdWQiOiJhdXRoZW50aWNhdGVkIiwiZXhwIjoxNzQ1NDkxOTQwLCJpYXQiOjE3NDU0ODgzNDAsImVtYWlsIjoidGVzdEBnbWFpbC5jb20iLCJwaG9uZSI6IiIsImFwcF9tZXRhZGF0YSI6eyJwcm92aWRlciI6ImVtYWlsIiwicHJvdmlkZXJzIjpbImVtYWlsIl19LCJ1c2VyX21ldGFkYXRhIjp7ImVtYWlsX3ZlcmlmaWVkIjp0cnVlfSwicm9sZSI6ImF1dGhlbnRpY2F0ZWQiLCJhYWwiOiJhYWwxIiwiYW1yIjpbeyJtZXRob2QiOiJwYXNzd29yZCIsInRpbWVzdGFtcCI6MTc0NTQ4ODM0MH1dLCJzZXNzaW9uX2lkIjoiZmFiOWQ1ZTctZThmYy00MzdkLWE3ODktMGI2MTMzZGVjYjA5IiwiaXNfYW5vbnltb3VzIjpmYWxzZX0.h5VNnk94E-3IgwFDNBId_xjhIveAqXcg0jTAmMCZIc4') to the header table, sensitive:True, huffman:True
2025-04-24 05:54:34,064 - hpack.hpack - DEBUG - Encoding 23 with 4 bits
2025-04-24 05:54:34,064 - hpack.hpack - DEBUG - Encoding 586 with 7 bits
2025-04-24 05:54:34,064 - hpack.hpack - DEBUG - Adding (b'accept-profile', b'public') to the header table, sensitive:False, huffman:True
2025-04-24 05:54:34,064 - hpack.hpack - DEBUG - Encoding 70 with 7 bits
2025-04-24 05:54:34,064 - hpack.hpack - DEBUG - Adding (b'content-profile', b'public') to the header table, sensitive:False, huffman:True
2025-04-24 05:54:34,064 - hpack.hpack - DEBUG - Encoding 69 with 7 bits
2025-04-24 05:54:34,064 - hpack.hpack - DEBUG - Adding (b'prefer', b'return=representation') to the header table, sensitive:False, huffman:True
2025-04-24 05:54:34,064 - hpack.hpack - DEBUG - Encoding 64 with 7 bits
2025-04-24 05:54:34,064 - hpack.hpack - DEBUG - Adding (b'content-length', b'332') to the header table, sensitive:False, huffman:True
2025-04-24 05:54:34,064 - hpack.hpack - DEBUG - Encoding 28 with 6 bits
2025-04-24 05:54:34,064 - hpack.hpack - DEBUG - Encoding 3 with 7 bits
2025-04-24 05:54:34,064 - hpack.hpack - DEBUG - Adding (b'content-type', b'application/json') to the header table, sensitive:False, huffman:True
2025-04-24 05:54:34,064 - hpack.hpack - DEBUG - Encoding 67 with 7 bits
2025-04-24 05:54:34,064 - hpack.hpack - DEBUG - Encoded header block to b"\x83\xcc\x87D\x8fb\xc2\xa1,w\x0b\x15\x1d&\x94\xc4\x1aLz\x91\xcb\xca\xc9\xc8\xc7\x1f\x08\xff\xcb\x03\xbaQ\xd8[\x14/\xac\xb3\xc7\x88\x86\xd4l\xb98{\xc8\x1d&\xc8\x8c\x94\xa6\xbf\xdb\xd9\x1c\xc9U\xd3\xf1\xa0\x9e4\xe0\x98:\xbf0\xee\xe5\xc3-:)A\xb3\xde\xca\x02\xfeBmF\xcb\x9b\x88v\x1a]\x8b\x97\xd6Z\xc8\xce\x83j6S\xc9\x8fo\x82{?|\xe2|R~QQ9~\xd8LTR6v\xf4\xfdgJ\t\xf9\xfb^z\xb4\x84\x98\xb0\x9b\x9f\xe6\x9a3\xd3\xa7\xbeqa\x0c\x98\xa6\xef'L\x06\xcf{/\xb99d6\xa3e\xa7\x98\xb2\x9bM:=j\xdc\x13j\xbf\xa6\x9c\xfb\xf6\x03V.\t\xd5\xcb\x07\x9d\x1e\x83O\xee\xf2y\xd3O6\xb4\x8bG\x8e|\xb9\x9b=\xec\xb3\xc9\xcba\xb5\x1b,\xf2~m?\xef&\xc0>Zg\x93\x17\x1e\xb9\r\xe0\xdf\xbf\x93\xf8\xc9\xd0\xfet\xfb\xd8\x1d7\xfa\xf9\xd5\xbfg\x8c\xf7\xb2\xd7\xcf\xf3a\xb5t\xc0\xce\x9b\xfc\x01\xaa\xfc\xde\xf4\xdf\x85\x19)\xe2\x9e|\xa8FN\x874\x98\xb8\xfb\x93\x05\xda\xa3\xe5\x86\xb8\xef7\xd21\x00\xd9\xefe\xf0<O\xdb\xfb\xbb#\x99\r\x91\x19)\xc3\xe0\x98_O\xef\xe6\xd9\xffqa\x07=\xd9\x1c/\xac\xbe\tK\xe2\x1f-\xb4\x10\xd9\x1c\xc9O\x14\xf3\xe5B2\x1b\xc1\x89\x8f/y)\xa3\xaf\xef\xe6_y:W\x1eJx\xa7\x9f*\x11\x92\x80\xbf\x9e\xf6P\x90\\}~\x084I\x8b\x0f^\x7f\x9bg\xc9\xd2\xb7rS\xc5<\xf9P\x8f\xc6\x7fh%4R>\\z\xe4\xe9X\tW\x1a%\xdd\xe0\xc4\xa5\xf4~\xee\xc8\xe6Jp\x86LS\xd1\x1d[k\xe6, \xfd\xe5\xb0\xd9\xefe\x9f\x9f/\x06\xd4l\xb3\xf3\xe5\xe3\xceCx7>A\xf5\x93\xa5q\x97\xd6T\xfe\xfem<b\xd8mF\xcb\xe3\x9f\xe6\x9fr\t\xff_\xb7\xb2#%[k\x8f\x97\x1frb\xc2\x92^\xc8\xe6\x8d\xe4\x06\x9d\xfb\x1a\xd5\x7f@4c\x0c\x99\xefe\xf7\xfb\xf9\xa7\xd8\xf9?o\xe0\xa8\xeb\x93\xa1\xcd\xfbN\x13j\xe5\xb0?\xbb\xc8\x9f\xdd\xf3\xd3\xcf\xd0\x01\xa3\xdc\x9ds\xf2\xc0\xce\xab\xfdS\xa3\x16Ah\xdf\xa3\xdf\xee.=9\xf4\x85\xbc\x86\xf0a\xfei\x97\x9f&\xfb\xc7U\t\x8d\x9e>\xf2t\xae\x9e|\xbc\xfb\xfd\xfc\x02\xf3\xb7\xc7M]_k\x02\xcc\xe4\x9b\xc6\x1b\xfan\xe4\x92/='\xc9\xdc\xb0\xf6\xfc$\xc0\xe9\xbe\x1at^\xfd\xc8F\xbf\xc6\xc5\xc0\\\x83e\x91\x7f\xc3"
2025-04-24 05:54:34,065 - httpcore.http2 - DEBUG - send_request_headers.complete
2025-04-24 05:54:34,065 - httpcore.http2 - DEBUG - send_request_body.started request=<Request [b'POST']> stream_id=5
2025-04-24 05:54:34,065 - httpcore.http2 - DEBUG - send_request_body.complete
2025-04-24 05:54:34,065 - httpcore.http2 - DEBUG - receive_response_headers.started request=<Request [b'POST']> stream_id=5
2025-04-24 05:54:34,144 - hpack.hpack - DEBUG - Decoding b'\x8c\xce\xcd\x7f\r\x8f}\x96\xda\x8d\xe6\xd9\x19JA\x8c\x8d\xad\xcf\x9f\xef\xcc\xcb\xca\xc9\xc8\xc7\xc6\xc5\x7f\x05\x012\xc4\xc3'
2025-04-24 05:54:34,144 - hpack.hpack - DEBUG - Decoded 12, consumed 1 bytes
2025-04-24 05:54:34,144 - hpack.hpack - DEBUG - Decoded (b':status', b'400'), consumed 1
2025-04-24 05:54:34,144 - hpack.hpack - DEBUG - Decoded 78, consumed 1 bytes
2025-04-24 05:54:34,145 - hpack.hpack - DEBUG - Decoded (b'date', b'Thu, 24 Apr 2025 09:54:34 GMT'), consumed 1
2025-04-24 05:54:34,145 - hpack.hpack - DEBUG - Decoded 77, consumed 1 bytes
2025-04-24 05:54:34,145 - hpack.hpack - DEBUG - Decoded (b'content-type', b'application/json; charset=utf-8'), consumed 1
2025-04-24 05:54:34,145 - hpack.hpack - DEBUG - Decoded 76, consumed 2 bytes
2025-04-24 05:54:34,145 - hpack.hpack - DEBUG - Decoded 15, consumed 1 bytes
2025-04-24 05:54:34,145 - hpack.hpack - DEBUG - Decoded (b'cf-ray', b'9354b853aeecaac5-YYZ'), total consumed 18 bytes, indexed True
2025-04-24 05:54:34,145 - hpack.hpack - DEBUG - Decoded 76, consumed 1 bytes
2025-04-24 05:54:34,145 - hpack.hpack - DEBUG - Decoded (b'cf-cache-status', b'DYNAMIC'), consumed 1
2025-04-24 05:54:34,146 - hpack.hpack - DEBUG - Decoded 75, consumed 1 bytes
2025-04-24 05:54:34,146 - hpack.hpack - DEBUG - Decoded (b'content-encoding', b'gzip'), consumed 1
2025-04-24 05:54:34,146 - hpack.hpack - DEBUG - Decoded 74, consumed 1 bytes
2025-04-24 05:54:34,146 - hpack.hpack - DEBUG - Decoded (b'strict-transport-security', b'max-age=31536000; includeSubDomains; preload'), consumed 1
2025-04-24 05:54:34,146 - hpack.hpack - DEBUG - Decoded 73, consumed 1 bytes
2025-04-24 05:54:34,146 - hpack.hpack - DEBUG - Decoded (b'vary', b'Accept-Encoding'), consumed 1
2025-04-24 05:54:34,146 - hpack.hpack - DEBUG - Decoded 72, consumed 1 bytes
2025-04-24 05:54:34,146 - hpack.hpack - DEBUG - Decoded (b'sb-gateway-version', <memory at 0x10430bf40>), consumed 1
2025-04-24 05:54:34,146 - hpack.hpack - DEBUG - Decoded 71, consumed 1 bytes
2025-04-24 05:54:34,147 - hpack.hpack - DEBUG - Decoded (b'sb-project-ref', b'ovuygqfkpifktcgslqvi'), consumed 1
2025-04-24 05:54:34,147 - hpack.hpack - DEBUG - Decoded 70, consumed 1 bytes
2025-04-24 05:54:34,147 - hpack.hpack - DEBUG - Decoded (b'x-content-type-options', b'nosniff'), consumed 1
2025-04-24 05:54:34,147 - hpack.hpack - DEBUG - Decoded 69, consumed 1 bytes
2025-04-24 05:54:34,147 - hpack.hpack - DEBUG - Decoded (b'x-envoy-attempt-count', <memory at 0x10430b280>), consumed 1
2025-04-24 05:54:34,147 - hpack.hpack - DEBUG - Decoded 68, consumed 2 bytes
2025-04-24 05:54:34,147 - hpack.hpack - DEBUG - Decoded 1, consumed 1 bytes
2025-04-24 05:54:34,147 - hpack.hpack - DEBUG - Decoded (b'x-envoy-upstream-service-time', <memory at 0x10454d480>), total consumed 4 bytes, indexed True
2025-04-24 05:54:34,147 - hpack.hpack - DEBUG - Decoded 68, consumed 1 bytes
2025-04-24 05:54:34,147 - hpack.hpack - DEBUG - Decoded (b'server', b'cloudflare'), consumed 1
2025-04-24 05:54:34,147 - hpack.hpack - DEBUG - Decoded 67, consumed 1 bytes
2025-04-24 05:54:34,148 - hpack.hpack - DEBUG - Decoded (b'alt-svc', b'h3=":443"; ma=86400'), consumed 1
2025-04-24 05:54:34,148 - httpcore.http2 - DEBUG - receive_response_headers.complete return_value=(400, [(b'date', b'Thu, 24 Apr 2025 09:54:34 GMT'), (b'content-type', b'application/json; charset=utf-8'), (b'cf-ray', b'9354b853aeecaac5-YYZ'), (b'cf-cache-status', b'DYNAMIC'), (b'content-encoding', b'gzip'), (b'strict-transport-security', b'max-age=31536000; includeSubDomains; preload'), (b'vary', b'Accept-Encoding'), (b'sb-gateway-version', b'1'), (b'sb-project-ref', b'ovuygqfkpifktcgslqvi'), (b'x-content-type-options', b'nosniff'), (b'x-envoy-attempt-count', b'1'), (b'x-envoy-upstream-service-time', b'2'), (b'server', b'cloudflare'), (b'alt-svc', b'h3=":443"; ma=86400')])
2025-04-24 05:54:34,148 - httpx - INFO - HTTP Request: POST https://ovuygqfkpifktcgslqvi.supabase.co/rest/v1/notifications "HTTP/2 400 Bad Request"
2025-04-24 05:54:34,148 - httpcore.http2 - DEBUG - receive_response_body.started request=<Request [b'POST']> stream_id=5
2025-04-24 05:54:34,149 - httpcore.http2 - DEBUG - receive_response_body.complete
2025-04-24 05:54:34,149 - httpcore.http2 - DEBUG - response_closed.started stream_id=5
2025-04-24 05:54:34,149 - httpcore.http2 - DEBUG - response_closed.complete
2025-04-24 05:54:34,149 - user_assistance_mcp - ERROR - Supabase API Error sending notification: {'code': '23514', 'details': None, 'hint': None, 'message': 'new row for relation "notifications" violates check constraint "notifications_type_check"'}
2025-04-24 05:54:34,149 - user_assistance_mcp - ERROR - Details: None, Code: 23514, Hint: None, Message: new row for relation "notifications" violates check constraint "notifications_type_check"
2025-04-24 05:54:34,149 - user_assistance_mcp - ERROR - Traceback (most recent call last):
  File "/Users/leoyin/Development/ez_career/ez-career-service/mcp_servers/user_assistance_mcp.py", line 264, in send_application_notification
    response = supabase.table("notifications").insert(insert_data).execute()
               ^^^^^^^^^^^^^^^^^^^^^^^^^^^^^^^^^^^^^^^^^^^^^^^^^^^^^^^^^^^^^
  File "/Users/leoyin/Development/ez_career/ez-career-service/.venv/lib/python3.12/site-packages/postgrest/_sync/request_builder.py", line 78, in execute
    raise APIError(r.json())
postgrest.exceptions.APIError: {'code': '23514', 'details': None, 'hint': None, 'message': 'new row for relation "notifications" violates check constraint "notifications_type_check"'}

2025-04-24 05:54:34,150 - mcp.server.lowlevel.server - DEBUG - Response sent
2025-04-24 06:15:36,086 - user_assistance_mcp - INFO - Initializing with SUPABASE_URL: SET
2025-04-24 06:15:36,086 - user_assistance_mcp - INFO - Initializing with SUPABASE_KEY: SET
2025-04-24 06:15:36,117 - user_assistance_mcp - INFO - Supabase client created successfully
2025-04-24 06:15:36,119 - mcp.server.lowlevel.server - DEBUG - Initializing server 'user_assistance'
2025-04-24 06:15:36,119 - mcp.server.lowlevel.server - DEBUG - Registering handler for ListToolsRequest
2025-04-24 06:15:36,119 - mcp.server.lowlevel.server - DEBUG - Registering handler for CallToolRequest
2025-04-24 06:15:36,119 - mcp.server.lowlevel.server - DEBUG - Registering handler for ListResourcesRequest
2025-04-24 06:15:36,119 - mcp.server.lowlevel.server - DEBUG - Registering handler for ReadResourceRequest
2025-04-24 06:15:36,119 - mcp.server.lowlevel.server - DEBUG - Registering handler for PromptListRequest
2025-04-24 06:15:36,119 - mcp.server.lowlevel.server - DEBUG - Registering handler for GetPromptRequest
2025-04-24 06:15:36,119 - mcp.server.lowlevel.server - DEBUG - Registering handler for ListResourceTemplatesRequest
2025-04-24 06:15:36,119 - user_assistance_mcp - INFO - FastMCP initialized for user_assistance
2025-04-24 06:15:36,120 - httpcore.connection - DEBUG - connect_tcp.started host='ovuygqfkpifktcgslqvi.supabase.co' port=443 local_address=None timeout=5.0 socket_options=None
2025-04-24 06:15:36,143 - httpcore.connection - DEBUG - connect_tcp.complete return_value=<httpcore._backends.sync.SyncStream object at 0x105204440>
2025-04-24 06:15:36,144 - httpcore.connection - DEBUG - start_tls.started ssl_context=<ssl.SSLContext object at 0x1054451d0> server_hostname='ovuygqfkpifktcgslqvi.supabase.co' timeout=5.0
2025-04-24 06:15:36,167 - httpcore.connection - DEBUG - start_tls.complete return_value=<httpcore._backends.sync.SyncStream object at 0x1052c8650>
2025-04-24 06:15:36,167 - httpcore.http2 - DEBUG - send_connection_init.started request=<Request [b'POST']>
2025-04-24 06:15:36,167 - httpcore.http2 - DEBUG - send_connection_init.complete
2025-04-24 06:15:36,168 - httpcore.http2 - DEBUG - send_request_headers.started request=<Request [b'POST']> stream_id=1
2025-04-24 06:15:36,168 - hpack.hpack - DEBUG - Adding (b':method', b'POST') to the header table, sensitive:False, huffman:True
2025-04-24 06:15:36,168 - hpack.hpack - DEBUG - Encoding 3 with 7 bits
2025-04-24 06:15:36,168 - hpack.hpack - DEBUG - Adding (b':authority', b'ovuygqfkpifktcgslqvi.supabase.co') to the header table, sensitive:False, huffman:True
2025-04-24 06:15:36,168 - hpack.hpack - DEBUG - Encoding 1 with 6 bits
2025-04-24 06:15:36,168 - hpack.hpack - DEBUG - Encoding 24 with 7 bits
2025-04-24 06:15:36,168 - hpack.hpack - DEBUG - Adding (b':scheme', b'https') to the header table, sensitive:False, huffman:True
2025-04-24 06:15:36,168 - hpack.hpack - DEBUG - Encoding 7 with 7 bits
2025-04-24 06:15:36,168 - hpack.hpack - DEBUG - Adding (b':path', b'/auth/v1/token?grant_type=password') to the header table, sensitive:False, huffman:True
2025-04-24 06:15:36,168 - hpack.hpack - DEBUG - Encoding 4 with 6 bits
2025-04-24 06:15:36,168 - hpack.hpack - DEBUG - Encoding 25 with 7 bits
2025-04-24 06:15:36,168 - hpack.hpack - DEBUG - Adding (b'accept', b'*/*') to the header table, sensitive:False, huffman:True
2025-04-24 06:15:36,168 - hpack.hpack - DEBUG - Encoding 19 with 6 bits
2025-04-24 06:15:36,168 - hpack.hpack - DEBUG - Encoding 3 with 7 bits
2025-04-24 06:15:36,168 - hpack.hpack - DEBUG - Adding (b'accept-encoding', b'gzip, deflate, zstd') to the header table, sensitive:False, huffman:True
2025-04-24 06:15:36,168 - hpack.hpack - DEBUG - Encoding 16 with 6 bits
2025-04-24 06:15:36,168 - hpack.hpack - DEBUG - Encoding 15 with 7 bits
2025-04-24 06:15:36,168 - hpack.hpack - DEBUG - Adding (b'user-agent', b'python-httpx/0.28.1') to the header table, sensitive:False, huffman:True
2025-04-24 06:15:36,168 - hpack.hpack - DEBUG - Encoding 58 with 6 bits
2025-04-24 06:15:36,168 - hpack.hpack - DEBUG - Encoding 14 with 7 bits
2025-04-24 06:15:36,168 - hpack.hpack - DEBUG - Adding (b'x-client-info', b'supabase-py/2.15.0') to the header table, sensitive:False, huffman:True
2025-04-24 06:15:36,168 - hpack.hpack - DEBUG - Encoding 10 with 7 bits
2025-04-24 06:15:36,168 - hpack.hpack - DEBUG - Encoding 13 with 7 bits
2025-04-24 06:15:36,168 - hpack.hpack - DEBUG - Adding (b'apikey', b'eyJhbGciOiJIUzI1NiIsInR5cCI6IkpXVCJ9.eyJpc3MiOiJzdXBhYmFzZSIsInJlZiI6Im92dXlncWZrcGlma3RjZ3NscXZpIiwicm9sZSI6ImFub24iLCJpYXQiOjE3NDQ4NDYxOTQsImV4cCI6MjA2MDQyMjE5NH0.XM6UO8tT_eSaGotwzQrbaSI2ccDt3tPdKkWSA0BtEjE') to the header table, sensitive:False, huffman:True
2025-04-24 06:15:36,168 - hpack.hpack - DEBUG - Encoding 5 with 7 bits
2025-04-24 06:15:36,168 - hpack.hpack - DEBUG - Encoding 167 with 7 bits
2025-04-24 06:15:36,168 - hpack.hpack - DEBUG - Adding (b'authorization', b'Bearer eyJhbGciOiJIUzI1NiIsInR5cCI6IkpXVCJ9.eyJpc3MiOiJzdXBhYmFzZSIsInJlZiI6Im92dXlncWZrcGlma3RjZ3NscXZpIiwicm9sZSI6ImFub24iLCJpYXQiOjE3NDQ4NDYxOTQsImV4cCI6MjA2MDQyMjE5NH0.XM6UO8tT_eSaGotwzQrbaSI2ccDt3tPdKkWSA0BtEjE') to the header table, sensitive:True, huffman:True
2025-04-24 06:15:36,168 - hpack.hpack - DEBUG - Encoding 23 with 4 bits
2025-04-24 06:15:36,168 - hpack.hpack - DEBUG - Encoding 172 with 7 bits
2025-04-24 06:15:36,168 - hpack.hpack - DEBUG - Adding (b'x-supabase-api-version', b'2024-01-01') to the header table, sensitive:False, huffman:True
2025-04-24 06:15:36,168 - hpack.hpack - DEBUG - Encoding 16 with 7 bits
2025-04-24 06:15:36,168 - hpack.hpack - DEBUG - Encoding 7 with 7 bits
2025-04-24 06:15:36,168 - hpack.hpack - DEBUG - Adding (b'content-type', b'application/json;charset=UTF-8') to the header table, sensitive:False, huffman:True
2025-04-24 06:15:36,168 - hpack.hpack - DEBUG - Encoding 31 with 6 bits
2025-04-24 06:15:36,168 - hpack.hpack - DEBUG - Encoding 22 with 7 bits
2025-04-24 06:15:36,168 - hpack.hpack - DEBUG - Adding (b'content-length', b'104') to the header table, sensitive:False, huffman:True
2025-04-24 06:15:36,168 - hpack.hpack - DEBUG - Encoding 28 with 6 bits
2025-04-24 06:15:36,168 - hpack.hpack - DEBUG - Encoding 2 with 7 bits
2025-04-24 06:15:36,168 - hpack.hpack - DEBUG - Encoded header block to b"\x83A\x98?{}M\xda^\xb5\x9a^\xa9$\xc8\xa3\xb7s.\x8bk\x1ccAW!\xff\x87D\x99`v\xa6v;\x85\x84\x9f\xa9j\xff&\xb0u&$\xfa\xac\xb0V4#\xc1\xec\x93S\x83\xf9c\xe7P\x8f\x9b\xd9\xab\xfaRB\xcb@\xd2_\xa5=\xa12\x7fz\x8e\xaf\xd2g=KN\x94\xd7\xe5\x80.'\x97\x0f@\x8a\xf2\xb1(1jJ\xc6\xaaS\xff\x8dE\xb5\x8e1\xa0\xabW\xe9\x81.\x16\xd7\x07@\x85\x1df\xea__\xff(/\xac\xb3\xc7\x88\x86\xd4l\xb98{\xc8\x1d&\xc8\x8c\x95ml\x97\xb29\x93\xad\x7f\x9coe}r\xfa\xcbY\x19\xd0mF\xcb\xeeO\xcb\xb3\xf3\xa7\x0f\xbf\xdd\xd9\x11\x92\xac\xb4~\x9b#\x99)|R~QQ9~\xd8LTR6v\xf4\xfdgJ\t\xf9\xfb^Cx1)}\x1f\xbb\xb29\x92\x9c6\xc6&\x8d\x9e\xf6Z\xf9\xfel6\xae\x98\x19\xd3\x7fcZo\xf3\xf3\xab~\xc4d\xa7\x8bD\xbd\x91\xcd\x1d!\x16\x8b\xfb=h\xe9\x81\xbd8\xc0\xbf\xe6\x878jy;\xe2.\xe1\xe2:|{\xd9dc\xdd\x90D%\xf4\xb2\x9drf\xeb\xcbt \xba\x9c\x1d0\x7f\x1f\x08\xff-\xbaQ\xd8[\x14/\xac\xb3\xc7\x88\x86\xd4l\xb98{\xc8\x1d&\xc8\x8c\x95ml\x97\xb29\x93\xad\x7f\x9coe}r\xfa\xcbY\x19\xd0mF\xcb\xeeO\xcb\xb3\xf3\xa7\x0f\xbf\xdd\xd9\x11\x92\xac\xb4~\x9b#\x99)|R~QQ9~\xd8LTR6v\xf4\xfdgJ\t\xf9\xfb^Cx1)}\x1f\xbb\xb29\x92\x9c6\xc6&\x8d\x9e\xf6Z\xf9\xfel6\xae\x98\x19\xd3\x7fcZo\xf3\xf3\xab~\xc4d\xa7\x8bD\xbd\x91\xcd\x1d!\x16\x8b\xfb=h\xe9\x81\xbd8\xc0\xbf\xe6\x878jy;\xe2.\xe1\xe2:|{\xd9dc\xdd\x90D%\xf4\xb2\x9drf\xeb\xcbt \xba\x9c\x1d0\x7f@\x90\xf2\xb2-\xacq\x8d\x05Xu\x99n\xe5\xb1\x06=_\x87\x10\x04\xd2\xc0\n\xc0\x0f_\x96\x1du\xd0b\r&=LtA\xea\xfb$\xe3\xb1\x05L\x1c7\xe1Y\xef\\\x82\x08\x1a"
2025-04-24 06:15:36,169 - httpcore.http2 - DEBUG - send_request_headers.complete
2025-04-24 06:15:36,169 - httpcore.http2 - DEBUG - send_request_body.started request=<Request [b'POST']> stream_id=1
2025-04-24 06:15:36,169 - httpcore.http2 - DEBUG - send_request_body.complete
2025-04-24 06:15:36,169 - httpcore.http2 - DEBUG - receive_response_headers.started request=<Request [b'POST']> stream_id=1
2025-04-24 06:15:36,181 - httpcore.http2 - DEBUG - receive_remote_settings.started
2025-04-24 06:15:36,181 - httpcore.http2 - DEBUG - receive_remote_settings.complete return_value=<RemoteSettingsChanged changed_settings:{ChangedSetting(setting=3, original_value=None, new_value=100), ChangedSetting(setting=4, original_value=65535, new_value=65536), ChangedSetting(setting=5, original_value=16384, new_value=16777215)}>
2025-04-24 06:15:36,469 - hpack.hpack - DEBUG - Decoding b'?\xe1\x1f\x88a\x96\xdf=\xbfJ\t\xa5!\xae\xc5\x04\x016\xa0Ap-\xdce\xc51h\xdf_\x8b\x1du\xd0b\r&=LtA\xea@\x85$\xabX?_\x8f}\x96\xda\x91\xd14\t\x1etc\x91\xa5\xb9\xf3\xfd@\x8a$\xab\x10d\x9c\xab!#M\xa8\x86\xbf\xcfL:2^Z\x83\x9b\xd9\xabx\xa0\xa4~V\x1c\xc5\x81\x90\xb6\xcb\x80\x00>\xd45D\xa2\xd9\x0b\xba\xd8\xef\x9e\x91\x9a\xa4}\xa9]\x85\xa0\xe3\x93{\x91\xd5a\xa65_JBB\x16\xb4\xad\x82\xa2\x1eCU7@\x8dDkL4\x97\xc0\xfd-\xdc\xb6 \xc7\xab\x011@\x8aDkWa\xfa\x14\x89Z\xc2\xcb\x90?{}M\xda^\xb5\x9a^\xa9$\xc8\xa3\xb7s\x7f@\x90\xf2\xb1\x0fRKRVO\xaa\xca\xb1\xebI\x8fR?\x85\xa8\xe8\xa8\xd2\xcb@\x8f\xf2\xb1j\xee\x7fK\r)-5\xa5b\x1e\xda\x93\x011@\x95\xf2\xb1j\xee\x7fK[Z\x13aGJ\xc8-\x9d\xccB\xac\x93R_\x03199v\x87%\x07\xb6Ih\x1d\x85@\x85\x1d\tY\x1d\xc9\x90\x9d\x98?\x9b\x8d4\xcf\xf3\xf6\xa5#\x81\xe7\x1a\x00?'
2025-04-24 06:15:36,470 - hpack.hpack - DEBUG - Decoded 4096, consumed 3 bytes
2025-04-24 06:15:36,470 - hpack.table - DEBUG - Resizing header table to 4096 from 4096
2025-04-24 06:15:36,470 - hpack.hpack - DEBUG - Decoded 8, consumed 1 bytes
2025-04-24 06:15:36,470 - hpack.hpack - DEBUG - Decoded (b':status', b'200'), consumed 1
2025-04-24 06:15:36,470 - hpack.hpack - DEBUG - Decoded 33, consumed 1 bytes
2025-04-24 06:15:36,470 - hpack.hpack - DEBUG - Decoded 22, consumed 1 bytes
2025-04-24 06:15:36,470 - hpack.hpack - DEBUG - Decoded (b'date', b'Thu, 24 Apr 2025 10:15:36 GMT'), total consumed 24 bytes, indexed True
2025-04-24 06:15:36,470 - hpack.hpack - DEBUG - Decoded 31, consumed 1 bytes
2025-04-24 06:15:36,470 - hpack.hpack - DEBUG - Decoded 11, consumed 1 bytes
2025-04-24 06:15:36,470 - hpack.hpack - DEBUG - Decoded (b'content-type', b'application/json'), total consumed 13 bytes, indexed True
2025-04-24 06:15:36,470 - hpack.hpack - DEBUG - Decoded 5, consumed 1 bytes
2025-04-24 06:15:36,470 - hpack.hpack - DEBUG - Decoded 15, consumed 1 bytes
2025-04-24 06:15:36,470 - hpack.hpack - DEBUG - Decoded (b'cf-ray', b'9354d7240d87aad4-YYZ'), total consumed 23 bytes, indexed True
2025-04-24 06:15:36,470 - hpack.hpack - DEBUG - Decoded 10, consumed 1 bytes
2025-04-24 06:15:36,470 - hpack.hpack - DEBUG - Decoded 6, consumed 1 bytes
2025-04-24 06:15:36,470 - hpack.hpack - DEBUG - Decoded (b'cf-cache-status', b'DYNAMIC'), total consumed 19 bytes, indexed True
2025-04-24 06:15:36,470 - hpack.hpack - DEBUG - Decoded 26, consumed 1 bytes
2025-04-24 06:15:36,470 - hpack.hpack - DEBUG - Decoded 3, consumed 1 bytes
2025-04-24 06:15:36,470 - hpack.hpack - DEBUG - Decoded (b'content-encoding', b'gzip'), total consumed 5 bytes, indexed True
2025-04-24 06:15:36,470 - hpack.hpack - DEBUG - Decoded 56, consumed 1 bytes
2025-04-24 06:15:36,470 - hpack.hpack - DEBUG - Decoded 32, consumed 1 bytes
2025-04-24 06:15:36,470 - hpack.hpack - DEBUG - Decoded (b'strict-transport-security', b'max-age=31536000; includeSubDomains; preload'), total consumed 34 bytes, indexed True
2025-04-24 06:15:36,470 - hpack.hpack - DEBUG - Decoded 59, consumed 1 bytes
2025-04-24 06:15:36,470 - hpack.hpack - DEBUG - Decoded 17, consumed 1 bytes
2025-04-24 06:15:36,470 - hpack.hpack - DEBUG - Decoded (b'vary', b'Origin, Accept-Encoding'), total consumed 19 bytes, indexed True
2025-04-24 06:15:36,470 - hpack.hpack - DEBUG - Decoded 13, consumed 1 bytes
2025-04-24 06:15:36,470 - hpack.hpack - DEBUG - Decoded 1, consumed 1 bytes
2025-04-24 06:15:36,470 - hpack.hpack - DEBUG - Decoded (b'sb-gateway-version', <memory at 0x10540a200>), total consumed 17 bytes, indexed True
2025-04-24 06:15:36,470 - hpack.hpack - DEBUG - Decoded 10, consumed 1 bytes
2025-04-24 06:15:36,470 - hpack.hpack - DEBUG - Decoded 16, consumed 1 bytes
2025-04-24 06:15:36,470 - hpack.hpack - DEBUG - Decoded (b'sb-project-ref', b'ovuygqfkpifktcgslqvi'), total consumed 29 bytes, indexed True
2025-04-24 06:15:36,470 - hpack.hpack - DEBUG - Decoded 16, consumed 1 bytes
2025-04-24 06:15:36,470 - hpack.hpack - DEBUG - Decoded 5, consumed 1 bytes
2025-04-24 06:15:36,470 - hpack.hpack - DEBUG - Decoded (b'x-content-type-options', b'nosniff'), total consumed 24 bytes, indexed True
2025-04-24 06:15:36,470 - hpack.hpack - DEBUG - Decoded 15, consumed 1 bytes
2025-04-24 06:15:36,470 - hpack.hpack - DEBUG - Decoded 1, consumed 1 bytes
2025-04-24 06:15:36,470 - hpack.hpack - DEBUG - Decoded (b'x-envoy-attempt-count', <memory at 0x10540a380>), total consumed 19 bytes, indexed True
2025-04-24 06:15:36,470 - hpack.hpack - DEBUG - Decoded 21, consumed 1 bytes
2025-04-24 06:15:36,470 - hpack.hpack - DEBUG - Decoded 3, consumed 1 bytes
2025-04-24 06:15:36,470 - hpack.hpack - DEBUG - Decoded (b'x-envoy-upstream-service-time', <memory at 0x10540a2c0>), total consumed 27 bytes, indexed True
2025-04-24 06:15:36,470 - hpack.hpack - DEBUG - Decoded 54, consumed 1 bytes
2025-04-24 06:15:36,470 - hpack.hpack - DEBUG - Decoded 7, consumed 1 bytes
2025-04-24 06:15:36,470 - hpack.hpack - DEBUG - Decoded (b'server', b'cloudflare'), total consumed 9 bytes, indexed True
2025-04-24 06:15:36,470 - hpack.hpack - DEBUG - Decoded 5, consumed 1 bytes
2025-04-24 06:15:36,470 - hpack.hpack - DEBUG - Decoded 16, consumed 1 bytes
2025-04-24 06:15:36,470 - hpack.hpack - DEBUG - Decoded (b'alt-svc', b'h3=":443"; ma=86400'), total consumed 24 bytes, indexed True
2025-04-24 06:15:36,471 - httpcore.http2 - DEBUG - receive_response_headers.complete return_value=(200, [(b'date', b'Thu, 24 Apr 2025 10:15:36 GMT'), (b'content-type', b'application/json'), (b'cf-ray', b'9354d7240d87aad4-YYZ'), (b'cf-cache-status', b'DYNAMIC'), (b'content-encoding', b'gzip'), (b'strict-transport-security', b'max-age=31536000; includeSubDomains; preload'), (b'vary', b'Origin, Accept-Encoding'), (b'sb-gateway-version', b'1'), (b'sb-project-ref', b'ovuygqfkpifktcgslqvi'), (b'x-content-type-options', b'nosniff'), (b'x-envoy-attempt-count', b'1'), (b'x-envoy-upstream-service-time', b'199'), (b'server', b'cloudflare'), (b'alt-svc', b'h3=":443"; ma=86400')])
2025-04-24 06:15:36,471 - httpx - INFO - HTTP Request: POST https://ovuygqfkpifktcgslqvi.supabase.co/auth/v1/token?grant_type=password "HTTP/2 200 OK"
2025-04-24 06:15:36,471 - httpcore.http2 - DEBUG - receive_response_body.started request=<Request [b'POST']> stream_id=1
2025-04-24 06:15:36,471 - httpcore.http2 - DEBUG - receive_response_body.complete
2025-04-24 06:15:36,471 - httpcore.http2 - DEBUG - response_closed.started stream_id=1
2025-04-24 06:15:36,471 - httpcore.http2 - DEBUG - response_closed.complete
2025-04-24 06:15:36,471 - user_assistance_mcp - INFO - Successfully authenticated with default credentials, user ID: fcbb6c29-b83f-448e-9a13-fe716f87c0af
2025-04-24 06:15:36,475 - user_assistance_mcp - INFO - UserAssistance MCP tools defined, ready to run
2025-04-24 06:15:36,475 - user_assistance_mcp - INFO - Starting UserAssistance MCP server
2025-04-24 06:15:36,476 - asyncio - DEBUG - Using selector: KqueueSelector
2025-04-24 06:15:36,479 - mcp.server.lowlevel.server - DEBUG - Received message: root=InitializedNotification(method='notifications/initialized', params=None, jsonrpc='2.0')
2025-04-24 06:16:27,851 - mcp.server.lowlevel.server - DEBUG - Received message: <mcp.shared.session.RequestResponder object at 0x1056067e0>
2025-04-24 06:16:27,852 - mcp.server.lowlevel.server - INFO - Processing request of type ListToolsRequest
2025-04-24 06:16:27,852 - mcp.server.lowlevel.server - DEBUG - Dispatching request of type ListToolsRequest
2025-04-24 06:16:27,852 - mcp.server.lowlevel.server - DEBUG - Response sent
2025-04-24 06:16:30,098 - mcp.server.lowlevel.server - DEBUG - Received message: <mcp.shared.session.RequestResponder object at 0x10519ed50>
2025-04-24 06:16:30,098 - mcp.server.lowlevel.server - INFO - Processing request of type CallToolRequest
2025-04-24 06:16:30,098 - mcp.server.lowlevel.server - DEBUG - Dispatching request of type CallToolRequest
2025-04-24 06:16:30,099 - user_assistance_mcp - INFO - log_simple_issue called for Various at LinkedIn
2025-04-24 06:16:30,099 - user_assistance_mcp - INFO - Generated application_id: db137089-94b9-4649-ab7f-38ecf028b6ff
2025-04-24 06:16:30,099 - user_assistance_mcp - INFO - log_application_issue called with: user_id=fcbb6c29-b83f-448e-9a13-fe716f87c0af, application_id=db137089-94b9-4649-ab7f-38ecf028b6ff, company=LinkedIn, position=Various, issue_type=technical_barrier
2025-04-24 06:16:30,099 - user_assistance_mcp - INFO - Issue details: Missing login credentials required for accessing LinkedIn job board. Unable to proceed with job search and application.
2025-04-24 06:16:30,099 - user_assistance_mcp - DEBUG - Upserting basic application record for application_id: db137089-94b9-4649-ab7f-38ecf028b6ff
2025-04-24 06:16:30,126 - httpcore.connection - DEBUG - connect_tcp.started host='ovuygqfkpifktcgslqvi.supabase.co' port=443 local_address=None timeout=120 socket_options=None
2025-04-24 06:16:30,135 - httpcore.connection - DEBUG - connect_tcp.complete return_value=<httpcore._backends.sync.SyncStream object at 0x105630740>
2025-04-24 06:16:30,135 - httpcore.connection - DEBUG - start_tls.started ssl_context=<ssl.SSLContext object at 0x105629750> server_hostname='ovuygqfkpifktcgslqvi.supabase.co' timeout=120
2025-04-24 06:16:30,148 - httpcore.connection - DEBUG - start_tls.complete return_value=<httpcore._backends.sync.SyncStream object at 0x105630650>
2025-04-24 06:16:30,148 - httpcore.http2 - DEBUG - send_connection_init.started request=<Request [b'POST']>
2025-04-24 06:16:30,149 - httpcore.http2 - DEBUG - send_connection_init.complete
2025-04-24 06:16:30,149 - httpcore.http2 - DEBUG - send_request_headers.started request=<Request [b'POST']> stream_id=1
2025-04-24 06:16:30,149 - hpack.hpack - DEBUG - Adding (b':method', b'POST') to the header table, sensitive:False, huffman:True
2025-04-24 06:16:30,149 - hpack.hpack - DEBUG - Encoding 3 with 7 bits
2025-04-24 06:16:30,149 - hpack.hpack - DEBUG - Adding (b':authority', b'ovuygqfkpifktcgslqvi.supabase.co') to the header table, sensitive:False, huffman:True
2025-04-24 06:16:30,149 - hpack.hpack - DEBUG - Encoding 1 with 6 bits
2025-04-24 06:16:30,149 - hpack.hpack - DEBUG - Encoding 24 with 7 bits
2025-04-24 06:16:30,149 - hpack.hpack - DEBUG - Adding (b':scheme', b'https') to the header table, sensitive:False, huffman:True
2025-04-24 06:16:30,149 - hpack.hpack - DEBUG - Encoding 7 with 7 bits
2025-04-24 06:16:30,149 - hpack.hpack - DEBUG - Adding (b':path', b'/rest/v1/applications') to the header table, sensitive:False, huffman:True
2025-04-24 06:16:30,149 - hpack.hpack - DEBUG - Encoding 4 with 6 bits
2025-04-24 06:16:30,149 - hpack.hpack - DEBUG - Encoding 15 with 7 bits
2025-04-24 06:16:30,149 - hpack.hpack - DEBUG - Adding (b'accept', b'*/*') to the header table, sensitive:False, huffman:True
2025-04-24 06:16:30,149 - hpack.hpack - DEBUG - Encoding 19 with 6 bits
2025-04-24 06:16:30,149 - hpack.hpack - DEBUG - Encoding 3 with 7 bits
2025-04-24 06:16:30,149 - hpack.hpack - DEBUG - Adding (b'accept-encoding', b'gzip, deflate, zstd') to the header table, sensitive:False, huffman:True
2025-04-24 06:16:30,149 - hpack.hpack - DEBUG - Encoding 16 with 6 bits
2025-04-24 06:16:30,149 - hpack.hpack - DEBUG - Encoding 15 with 7 bits
2025-04-24 06:16:30,149 - hpack.hpack - DEBUG - Adding (b'user-agent', b'python-httpx/0.28.1') to the header table, sensitive:False, huffman:True
2025-04-24 06:16:30,149 - hpack.hpack - DEBUG - Encoding 58 with 6 bits
2025-04-24 06:16:30,149 - hpack.hpack - DEBUG - Encoding 14 with 7 bits
2025-04-24 06:16:30,149 - hpack.hpack - DEBUG - Adding (b'x-client-info', b'supabase-py/2.15.0') to the header table, sensitive:False, huffman:True
2025-04-24 06:16:30,149 - hpack.hpack - DEBUG - Encoding 10 with 7 bits
2025-04-24 06:16:30,149 - hpack.hpack - DEBUG - Encoding 13 with 7 bits
2025-04-24 06:16:30,149 - hpack.hpack - DEBUG - Adding (b'apikey', b'eyJhbGciOiJIUzI1NiIsInR5cCI6IkpXVCJ9.eyJpc3MiOiJzdXBhYmFzZSIsInJlZiI6Im92dXlncWZrcGlma3RjZ3NscXZpIiwicm9sZSI6ImFub24iLCJpYXQiOjE3NDQ4NDYxOTQsImV4cCI6MjA2MDQyMjE5NH0.XM6UO8tT_eSaGotwzQrbaSI2ccDt3tPdKkWSA0BtEjE') to the header table, sensitive:False, huffman:True
2025-04-24 06:16:30,150 - hpack.hpack - DEBUG - Encoding 5 with 7 bits
2025-04-24 06:16:30,150 - hpack.hpack - DEBUG - Encoding 167 with 7 bits
2025-04-24 06:16:30,150 - hpack.hpack - DEBUG - Adding (b'authorization', b'Bearer eyJhbGciOiJIUzI1NiIsImtpZCI6InBoVlcwNEg1OXFSWUJmMmsiLCJ0eXAiOiJKV1QifQ.eyJpc3MiOiJodHRwczovL292dXlncWZrcGlma3RjZ3NscXZpLnN1cGFiYXNlLmNvL2F1dGgvdjEiLCJzdWIiOiJmY2JiNmMyOS1iODNmLTQ0OGUtOWExMy1mZTcxNmY4N2MwYWYiLCJhdWQiOiJhdXRoZW50aWNhdGVkIiwiZXhwIjoxNzQ1NDkzMzM2LCJpYXQiOjE3NDU0ODk3MzYsImVtYWlsIjoidGVzdEBnbWFpbC5jb20iLCJwaG9uZSI6IiIsImFwcF9tZXRhZGF0YSI6eyJwcm92aWRlciI6ImVtYWlsIiwicHJvdmlkZXJzIjpbImVtYWlsIl19LCJ1c2VyX21ldGFkYXRhIjp7ImVtYWlsX3ZlcmlmaWVkIjp0cnVlfSwicm9sZSI6ImF1dGhlbnRpY2F0ZWQiLCJhYWwiOiJhYWwxIiwiYW1yIjpbeyJtZXRob2QiOiJwYXNzd29yZCIsInRpbWVzdGFtcCI6MTc0NTQ4OTczNn1dLCJzZXNzaW9uX2lkIjoiZmY1MmRjYTQtNjg2OC00NGEyLWIwMzMtNGEyYmM1YWUxODkxIiwiaXNfYW5vbnltb3VzIjpmYWxzZX0.2avt9q-bOhnWuQwEwmaSbaMiIhRG3I6heh7Vp6vcUVw') to the header table, sensitive:True, huffman:True
2025-04-24 06:16:30,150 - hpack.hpack - DEBUG - Encoding 23 with 4 bits
2025-04-24 06:16:30,150 - hpack.hpack - DEBUG - Encoding 584 with 7 bits
2025-04-24 06:16:30,150 - hpack.hpack - DEBUG - Adding (b'accept-profile', b'public') to the header table, sensitive:False, huffman:True
2025-04-24 06:16:30,150 - hpack.hpack - DEBUG - Encoding 10 with 7 bits
2025-04-24 06:16:30,150 - hpack.hpack - DEBUG - Encoding 5 with 7 bits
2025-04-24 06:16:30,150 - hpack.hpack - DEBUG - Adding (b'content-profile', b'public') to the header table, sensitive:False, huffman:True
2025-04-24 06:16:30,150 - hpack.hpack - DEBUG - Encoding 11 with 7 bits
2025-04-24 06:16:30,150 - hpack.hpack - DEBUG - Encoding 5 with 7 bits
2025-04-24 06:16:30,150 - hpack.hpack - DEBUG - Adding (b'prefer', b'return=representation,resolution=merge-duplicates') to the header table, sensitive:False, huffman:True
2025-04-24 06:16:30,150 - hpack.hpack - DEBUG - Encoding 5 with 7 bits
2025-04-24 06:16:30,150 - hpack.hpack - DEBUG - Encoding 34 with 7 bits
2025-04-24 06:16:30,150 - hpack.hpack - DEBUG - Adding (b'content-length', b'397') to the header table, sensitive:False, huffman:True
2025-04-24 06:16:30,150 - hpack.hpack - DEBUG - Encoding 28 with 6 bits
2025-04-24 06:16:30,150 - hpack.hpack - DEBUG - Encoding 3 with 7 bits
2025-04-24 06:16:30,150 - hpack.hpack - DEBUG - Adding (b'content-type', b'application/json') to the header table, sensitive:False, huffman:True
2025-04-24 06:16:30,150 - hpack.hpack - DEBUG - Encoding 31 with 6 bits
2025-04-24 06:16:30,150 - hpack.hpack - DEBUG - Encoding 11 with 7 bits
2025-04-24 06:16:30,150 - hpack.hpack - DEBUG - Encoded header block to b'\x83A\x98?{}M\xda^\xb5\x9a^\xa9$\xc8\xa3\xb7s.\x8bk\x1ccAW!\xff\x87D\x8fb\xc2\xa1,w\x0b\x03\xae\xba\x0cA\xa4\xc7\xa9\x1fS\x83\xf9c\xe7P\x8f\x9b\xd9\xab\xfaRB\xcb@\xd2_\xa5=\xa12\x7fz\x8e\xaf\xd2g=KN\x94\xd7\xe5\x80.\'\x97\x0f@\x8a\xf2\xb1(1jJ\xc6\xaaS\xff\x8dE\xb5\x8e1\xa0\xabW\xe9\x81.\x16\xd7\x07@\x85\x1df\xea__\xff(/\xac\xb3\xc7\x88\x86\xd4l\xb98{\xc8\x1d&\xc8\x8c\x95ml\x97\xb29\x93\xad\x7f\x9coe}r\xfa\xcbY\x19\xd0mF\xcb\xeeO\xcb\xb3\xf3\xa7\x0f\xbf\xdd\xd9\x11\x92\xac\xb4~\x9b#\x99)|R~QQ9~\xd8LTR6v\xf4\xfdgJ\t\xf9\xfb^Cx1)}\x1f\xbb\xb29\x92\x9c6\xc6&\x8d\x9e\xf6Z\xf9\xfel6\xae\x98\x19\xd3\x7fcZo\xf3\xf3\xab~\xc4d\xa7\x8bD\xbd\x91\xcd\x1d!\x16\x8b\xfb=h\xe9\x81\xbd8\xc0\xbf\xe6\x878jy;\xe2.\xe1\xe2:|{\xd9dc\xdd\x90D%\xf4\xb2\x9drf\xeb\xcbt \xba\x9c\x1d0\x7f\x1f\x08\xff\xc9\x03\xbaQ\xd8[\x14/\xac\xb3\xc7\x88\x86\xd4l\xb98{\xc8\x1d&\xc8\x8c\x94\xa6\xbf\xdb\xd9\x1c\xc9U\xd3\xf1\xa0\x9e4\xe0\x98:\xbf0\xee\xe5\xc3-:)A\xb3\xde\xca\x02\xfeBmF\xcb\x9b\x88v\x1a]\x8b\x97\xd6Z\xc8\xce\x83j6S\xc9\x8fo\x82{?|\xe2|R~QQ9~\xd8LTR6v\xf4\xfdgJ\t\xf9\xfb^z\xb4\x84\x98\xb0\x9b\x9f\xe6\x9a3\xd3\xa7\xbeqa\x0c\x98\xa6\xef\'L\x06\xcf{/\xb99d6\xa3e\xa7\x98\xb2\x9bM:=j\xdc\x13j\xbf\xa6\x9c\xfb\xf6\x03V.\t\xd5\xcb\x07\x9d\x1e\x83O\xee\xf2y\xd3O6\xb4\x8bG\x8e|\xb9\x9b=\xec\xb3\xc9\xcba\xb5\x1b,\xf2~m?\xef&\xc0>Zg\x93\x17\x1e\xb9\r\xe0\xdf\xbf\x93\xf8\xc9\xd0\xfet\xfb\xd8\x1d7\xfa\xfb\xd1\xef@\xb3\xde\xcb_?\xcd\x86\xd5\xd3\x03:o\xf0\x06\xab\xfdY\xd1\xef\x9a2S\xc5<\xf9P\x8c\x9d\x0ei1q\xf7&\x0b\xb5G\xcb\rq\xdeo\xa4b\x01\xb3\xde\xcb\xe0x\x9f\xb7\xf7vG2\x1b"2S\x87\xc10\xbe\x9f\xdf\xcd\xb3\xfe\xe2\xc2\x0e{\xb28_Y|\x12\x97\xc4>[h!\xb29\x92\x9e)\xe7\xca\x84d7\x83\x13\x1e^\xf2SG_\xdf\xcc\xbe\xf2t\xae<\x94\xf1O>T#%\x01\x7f=\xec\xa1 \xb8\xfa\xfc\x10h\x93\x16\x1e\xbc\xff6\xcf\x93\xa5n\xe4\xa7\x8ay\xf2\xa1\x1f\x8c\xfe\xd0Jh\xa4|\xb8\xf5\xc9\xd2\xb0\x12\xae4K\xbb\xc1\x89K\xe8\xfd\xdd\x91\xcc\x94\xe1\x0c\x98\xa7\xa2:\xb6\xd7\xccXA\xfb\xcba\xb3\xde\xcb?>^\r\xa8\xd9g\xe7\xcb\xc7\x9c\x86\xf0n|\x83\xeb\'J\xe3/\xac\xa9\xfd\xfc\xdax\xc5\xb0\xda\x8d\x97\xc7?\xcd>\xe4\x13\xfe\xbfodFJ\xb6\xd7\x1f.>\xe4\xc5\x85$\xbd\x91\xcd\x1b\xc8\r;\xf65\xaby=\xe9\xa82g\xbd\x97\xdf\xef\xe6\x9fc\xe4\xfd\xbf\x82\xa3\xaeN\x877\xed<\xc3\xa2\x9d\xbd9\xef\xd8\x9d=&\x16\xab\xc0\x06\x9cX=g\xe5\x93\xc6\x8fz\x13\xa7\x16\x0f\\\xe9\xd0\x1e|\xb8y\xd5\x7f\xaf\x9c\x86\xf0a\xfei\x97\x9f&\xfb\xc7U\t\x8d\x9e>\xf2t\xae\x9e|\xbc\xfb\xfd\xfc\x02\xe2\x1ft\xbf\xd9h\xf5OW+vx\xc1\xe2\x91\xee\x8cz\r\x92}\xb8\x99\xc8\xe4\xe5\x9d\xde5\xb9\xdc\x9c8\xf8@\x8a\x19\x08Z\xd2\xb5v\x1eSP_\x85\xae\xd8\xe81?@\x8b!\xeaIjJ\xd5\xd8yMA\x7f\x85\xae\xd8\xe81?@\x85\xae\xc2\xca[?\xa2\xb0\xa9\xb6\xca\xa0\xb0\xb5\xd8T\x16\xa4\x8d&=_V\x15\x07\xa2\xd4\x98\xf5AIl\x98\xabImt\x18\x83IQ\\\x83e\xf7\x7f_\x8b\x1du\xd0b\r&=LtA\xea'
2025-04-24 06:16:30,150 - httpcore.http2 - DEBUG - send_request_headers.complete
2025-04-24 06:16:30,150 - httpcore.http2 - DEBUG - send_request_body.started request=<Request [b'POST']> stream_id=1
2025-04-24 06:16:30,151 - httpcore.http2 - DEBUG - send_request_body.complete
2025-04-24 06:16:30,151 - httpcore.http2 - DEBUG - receive_response_headers.started request=<Request [b'POST']> stream_id=1
2025-04-24 06:16:30,162 - httpcore.http2 - DEBUG - receive_remote_settings.started
2025-04-24 06:16:30,162 - httpcore.http2 - DEBUG - receive_remote_settings.complete return_value=<RemoteSettingsChanged changed_settings:{ChangedSetting(setting=3, original_value=None, new_value=100), ChangedSetting(setting=4, original_value=65535, new_value=65536), ChangedSetting(setting=5, original_value=16384, new_value=16777215)}>
2025-04-24 06:16:30,283 - hpack.hpack - DEBUG - Decoding b'?\xe1\x1fN\x82\x10\x03a\x96\xdf=\xbfJ\t\xa5!\xae\xc5\x04\x016\xa0Ap.\\d\nb\xd1\xbf_\x96\x1du\xd0b\r&=LtA\xea\xfbP\x93\x8e\xc4\x150Z\x99V{^\x03*/*@\x85$\xabX?_\x90}\x96\xda\x91\xe7[r6\x99\x18\xca\xe2\xdc\xf9\xfe\xff@\x8a$\xab\x10d\x9c\xab!#M\xa8\x86\xbf\xcfL:2^Z\x83\x9b\xd9\xabx\xa0\xa4~V\x1c\xc5\x81\x90\xb6\xcb\x80\x00>\xd45D\xa2\xd9\x0b\xba\xd8\xef\x9e\x91\x9a\xa4}\xa9]\x85\xa0\xe3\x93{\x8b\x84\x84-i[\x05D<\x86\xaao@\x8b!\xeaIjJ\xd5\xd8yMA\x7f\x85\xae\xd8\xe81?@\x8d\xae\xc2\xca[\x0bQ\n\xb0\xeb\xae\x83\x16O\xa3\xb0\xa8=\x16\xa4\xc7\xaa\nKd\xc5ZKk\xa0\xc4\x1aJ\x8f\xa5,*m\xb2\xa8,-v\x15\x05\xa9#I\x8fW@\x8dDkL4\x97\xc0\xfd-\xdc\xb6 \xc7\xab\x011@\x8aDkWa\xfa\x14\x89Z\xc2\xcb\x90?{}M\xda^\xb5\x9a^\xa9$\xc8\xa3\xb7s\x7f@\x90\xf2\xb1\x0fRKRVO\xaa\xca\xb1\xebI\x8fR?\x85\xa8\xe8\xa8\xd2\xcb@\x8f\xf2\xb1j\xee\x7fK\r)-5\xa5b\x1e\xda\x93\x011@\x95\xf2\xb1j\xee\x7fK[Z\x13aGJ\xc8-\x9d\xccB\xac\x93R_\x0239v\x87%\x07\xb6Ih\x1d\x85@\x85\x1d\tY\x1d\xc9\x90\x9d\x98?\x9b\x8d4\xcf\xf3\xf6\xa5#\x81\xe7\x1a\x00?'
2025-04-24 06:16:30,283 - hpack.hpack - DEBUG - Decoded 4096, consumed 3 bytes
2025-04-24 06:16:30,283 - hpack.table - DEBUG - Resizing header table to 4096 from 4096
2025-04-24 06:16:30,284 - hpack.hpack - DEBUG - Decoded 14, consumed 1 bytes
2025-04-24 06:16:30,284 - hpack.hpack - DEBUG - Decoded 2, consumed 1 bytes
2025-04-24 06:16:30,284 - hpack.hpack - DEBUG - Decoded (b':status', b'201'), total consumed 4 bytes, indexed True
2025-04-24 06:16:30,284 - hpack.hpack - DEBUG - Decoded 33, consumed 1 bytes
2025-04-24 06:16:30,284 - hpack.hpack - DEBUG - Decoded 22, consumed 1 bytes
2025-04-24 06:16:30,284 - hpack.hpack - DEBUG - Decoded (b'date', b'Thu, 24 Apr 2025 10:16:30 GMT'), total consumed 24 bytes, indexed True
2025-04-24 06:16:30,284 - hpack.hpack - DEBUG - Decoded 31, consumed 1 bytes
2025-04-24 06:16:30,284 - hpack.hpack - DEBUG - Decoded 22, consumed 1 bytes
2025-04-24 06:16:30,285 - hpack.hpack - DEBUG - Decoded (b'content-type', b'application/json; charset=utf-8'), total consumed 24 bytes, indexed True
2025-04-24 06:16:30,285 - hpack.hpack - DEBUG - Decoded 30, consumed 1 bytes
2025-04-24 06:16:30,285 - hpack.hpack - DEBUG - Decoded 3, consumed 1 bytes
2025-04-24 06:16:30,285 - hpack.hpack - DEBUG - Decoded (b'content-range', <memory at 0x10540bb80>), total consumed 5 bytes, indexed True
2025-04-24 06:16:30,285 - hpack.hpack - DEBUG - Decoded 5, consumed 1 bytes
2025-04-24 06:16:30,285 - hpack.hpack - DEBUG - Decoded 16, consumed 1 bytes
2025-04-24 06:16:30,285 - hpack.hpack - DEBUG - Decoded (b'cf-ray', b'9354d8756b43aae6-YYZ'), total consumed 24 bytes, indexed True
2025-04-24 06:16:30,285 - hpack.hpack - DEBUG - Decoded 10, consumed 1 bytes
2025-04-24 06:16:30,285 - hpack.hpack - DEBUG - Decoded 6, consumed 1 bytes
2025-04-24 06:16:30,285 - hpack.hpack - DEBUG - Decoded (b'cf-cache-status', b'DYNAMIC'), total consumed 19 bytes, indexed True
2025-04-24 06:16:30,285 - hpack.hpack - DEBUG - Decoded 26, consumed 1 bytes
2025-04-24 06:16:30,286 - hpack.hpack - DEBUG - Decoded 3, consumed 1 bytes
2025-04-24 06:16:30,286 - hpack.hpack - DEBUG - Decoded (b'content-encoding', b'gzip'), total consumed 5 bytes, indexed True
2025-04-24 06:16:30,286 - hpack.hpack - DEBUG - Decoded 56, consumed 1 bytes
2025-04-24 06:16:30,286 - hpack.hpack - DEBUG - Decoded 32, consumed 1 bytes
2025-04-24 06:16:30,286 - hpack.hpack - DEBUG - Decoded (b'strict-transport-security', b'max-age=31536000; includeSubDomains; preload'), total consumed 34 bytes, indexed True
2025-04-24 06:16:30,286 - hpack.hpack - DEBUG - Decoded 59, consumed 1 bytes
2025-04-24 06:16:30,286 - hpack.hpack - DEBUG - Decoded 11, consumed 1 bytes
2025-04-24 06:16:30,286 - hpack.hpack - DEBUG - Decoded (b'vary', b'Accept-Encoding'), total consumed 13 bytes, indexed True
2025-04-24 06:16:30,286 - hpack.hpack - DEBUG - Decoded 11, consumed 1 bytes
2025-04-24 06:16:30,286 - hpack.hpack - DEBUG - Decoded 5, consumed 1 bytes
2025-04-24 06:16:30,286 - hpack.hpack - DEBUG - Decoded (b'content-profile', b'public'), total consumed 19 bytes, indexed True
2025-04-24 06:16:30,286 - hpack.hpack - DEBUG - Decoded 13, consumed 1 bytes
2025-04-24 06:16:30,286 - hpack.hpack - DEBUG - Decoded 35, consumed 1 bytes
2025-04-24 06:16:30,287 - hpack.hpack - DEBUG - Decoded (b'preference-applied', b'resolution=merge-duplicates, return=representation'), total consumed 51 bytes, indexed True
2025-04-24 06:16:30,287 - hpack.hpack - DEBUG - Decoded 13, consumed 1 bytes
2025-04-24 06:16:30,287 - hpack.hpack - DEBUG - Decoded 1, consumed 1 bytes
2025-04-24 06:16:30,287 - hpack.hpack - DEBUG - Decoded (b'sb-gateway-version', <memory at 0x10540bac0>), total consumed 17 bytes, indexed True
2025-04-24 06:16:30,287 - hpack.hpack - DEBUG - Decoded 10, consumed 1 bytes
2025-04-24 06:16:30,287 - hpack.hpack - DEBUG - Decoded 16, consumed 1 bytes
2025-04-24 06:16:30,287 - hpack.hpack - DEBUG - Decoded (b'sb-project-ref', b'ovuygqfkpifktcgslqvi'), total consumed 29 bytes, indexed True
2025-04-24 06:16:30,287 - hpack.hpack - DEBUG - Decoded 16, consumed 1 bytes
2025-04-24 06:16:30,287 - hpack.hpack - DEBUG - Decoded 5, consumed 1 bytes
2025-04-24 06:16:30,287 - hpack.hpack - DEBUG - Decoded (b'x-content-type-options', b'nosniff'), total consumed 24 bytes, indexed True
2025-04-24 06:16:30,287 - hpack.hpack - DEBUG - Decoded 15, consumed 1 bytes
2025-04-24 06:16:30,287 - hpack.hpack - DEBUG - Decoded 1, consumed 1 bytes
2025-04-24 06:16:30,287 - hpack.hpack - DEBUG - Decoded (b'x-envoy-attempt-count', <memory at 0x10540bc40>), total consumed 19 bytes, indexed True
2025-04-24 06:16:30,287 - hpack.hpack - DEBUG - Decoded 21, consumed 1 bytes
2025-04-24 06:16:30,287 - hpack.hpack - DEBUG - Decoded 2, consumed 1 bytes
2025-04-24 06:16:30,287 - hpack.hpack - DEBUG - Decoded (b'x-envoy-upstream-service-time', <memory at 0x10540bd00>), total consumed 26 bytes, indexed True
2025-04-24 06:16:30,287 - hpack.hpack - DEBUG - Decoded 54, consumed 1 bytes
2025-04-24 06:16:30,287 - hpack.hpack - DEBUG - Decoded 7, consumed 1 bytes
2025-04-24 06:16:30,287 - hpack.hpack - DEBUG - Decoded (b'server', b'cloudflare'), total consumed 9 bytes, indexed True
2025-04-24 06:16:30,288 - hpack.hpack - DEBUG - Decoded 5, consumed 1 bytes
2025-04-24 06:16:30,288 - hpack.hpack - DEBUG - Decoded 16, consumed 1 bytes
2025-04-24 06:16:30,288 - hpack.hpack - DEBUG - Decoded (b'alt-svc', b'h3=":443"; ma=86400'), total consumed 24 bytes, indexed True
2025-04-24 06:16:30,288 - httpcore.http2 - DEBUG - receive_response_headers.complete return_value=(201, [(b'date', b'Thu, 24 Apr 2025 10:16:30 GMT'), (b'content-type', b'application/json; charset=utf-8'), (b'content-range', b'*/*'), (b'cf-ray', b'9354d8756b43aae6-YYZ'), (b'cf-cache-status', b'DYNAMIC'), (b'content-encoding', b'gzip'), (b'strict-transport-security', b'max-age=31536000; includeSubDomains; preload'), (b'vary', b'Accept-Encoding'), (b'content-profile', b'public'), (b'preference-applied', b'resolution=merge-duplicates, return=representation'), (b'sb-gateway-version', b'1'), (b'sb-project-ref', b'ovuygqfkpifktcgslqvi'), (b'x-content-type-options', b'nosniff'), (b'x-envoy-attempt-count', b'1'), (b'x-envoy-upstream-service-time', b'39'), (b'server', b'cloudflare'), (b'alt-svc', b'h3=":443"; ma=86400')])
2025-04-24 06:16:30,288 - httpx - INFO - HTTP Request: POST https://ovuygqfkpifktcgslqvi.supabase.co/rest/v1/applications "HTTP/2 201 Created"
2025-04-24 06:16:30,288 - httpcore.http2 - DEBUG - receive_response_body.started request=<Request [b'POST']> stream_id=1
2025-04-24 06:16:30,289 - httpcore.http2 - DEBUG - receive_response_body.complete
2025-04-24 06:16:30,289 - httpcore.http2 - DEBUG - response_closed.started stream_id=1
2025-04-24 06:16:30,289 - httpcore.http2 - DEBUG - response_closed.complete
2025-04-24 06:16:30,290 - user_assistance_mcp - DEBUG - Successfully upserted application record for db137089-94b9-4649-ab7f-38ecf028b6ff
2025-04-24 06:16:30,290 - user_assistance_mcp - DEBUG - Preparing to insert issue into application_issues table
2025-04-24 06:16:30,290 - user_assistance_mcp - DEBUG - Issue Insert data: {'user_id': 'fcbb6c29-b83f-448e-9a13-fe716f87c0af', 'application_id': 'db137089-94b9-4649-ab7f-38ecf028b6ff', 'company': 'LinkedIn', 'position': 'Various', 'issue_type': 'technical_barrier', 'issue_details': 'Missing login credentials required for accessing LinkedIn job board. Unable to proceed with job search and application.', 'status': 'pending', 'created_at': '2025-04-24T06:16:30.290864'}
2025-04-24 06:16:30,290 - user_assistance_mcp - DEBUG - Executing supabase insert for application_issues
2025-04-24 06:16:30,291 - httpcore.http2 - DEBUG - send_request_headers.started request=<Request [b'POST']> stream_id=3
2025-04-24 06:16:30,291 - hpack.hpack - DEBUG - Adding (b':method', b'POST') to the header table, sensitive:False, huffman:True
2025-04-24 06:16:30,291 - hpack.hpack - DEBUG - Encoding 3 with 7 bits
2025-04-24 06:16:30,291 - hpack.hpack - DEBUG - Adding (b':authority', b'ovuygqfkpifktcgslqvi.supabase.co') to the header table, sensitive:False, huffman:True
2025-04-24 06:16:30,291 - hpack.hpack - DEBUG - Encoding 73 with 7 bits
2025-04-24 06:16:30,291 - hpack.hpack - DEBUG - Adding (b':scheme', b'https') to the header table, sensitive:False, huffman:True
2025-04-24 06:16:30,291 - hpack.hpack - DEBUG - Encoding 7 with 7 bits
2025-04-24 06:16:30,291 - hpack.hpack - DEBUG - Adding (b':path', b'/rest/v1/application_issues') to the header table, sensitive:False, huffman:True
2025-04-24 06:16:30,291 - hpack.hpack - DEBUG - Encoding 4 with 6 bits
2025-04-24 06:16:30,291 - hpack.hpack - DEBUG - Encoding 19 with 7 bits
2025-04-24 06:16:30,291 - hpack.hpack - DEBUG - Adding (b'accept', b'*/*') to the header table, sensitive:False, huffman:True
2025-04-24 06:16:30,291 - hpack.hpack - DEBUG - Encoding 72 with 7 bits
2025-04-24 06:16:30,291 - hpack.hpack - DEBUG - Adding (b'accept-encoding', b'gzip, deflate, zstd') to the header table, sensitive:False, huffman:True
2025-04-24 06:16:30,291 - hpack.hpack - DEBUG - Encoding 71 with 7 bits
2025-04-24 06:16:30,291 - hpack.hpack - DEBUG - Adding (b'user-agent', b'python-httpx/0.28.1') to the header table, sensitive:False, huffman:True
2025-04-24 06:16:30,291 - hpack.hpack - DEBUG - Encoding 70 with 7 bits
2025-04-24 06:16:30,291 - hpack.hpack - DEBUG - Adding (b'x-client-info', b'supabase-py/2.15.0') to the header table, sensitive:False, huffman:True
2025-04-24 06:16:30,291 - hpack.hpack - DEBUG - Encoding 69 with 7 bits
2025-04-24 06:16:30,291 - hpack.hpack - DEBUG - Adding (b'apikey', b'eyJhbGciOiJIUzI1NiIsInR5cCI6IkpXVCJ9.eyJpc3MiOiJzdXBhYmFzZSIsInJlZiI6Im92dXlncWZrcGlma3RjZ3NscXZpIiwicm9sZSI6ImFub24iLCJpYXQiOjE3NDQ4NDYxOTQsImV4cCI6MjA2MDQyMjE5NH0.XM6UO8tT_eSaGotwzQrbaSI2ccDt3tPdKkWSA0BtEjE') to the header table, sensitive:False, huffman:True
2025-04-24 06:16:30,291 - hpack.hpack - DEBUG - Encoding 68 with 7 bits
2025-04-24 06:16:30,291 - hpack.hpack - DEBUG - Adding (b'authorization', b'Bearer eyJhbGciOiJIUzI1NiIsImtpZCI6InBoVlcwNEg1OXFSWUJmMmsiLCJ0eXAiOiJKV1QifQ.eyJpc3MiOiJodHRwczovL292dXlncWZrcGlma3RjZ3NscXZpLnN1cGFiYXNlLmNvL2F1dGgvdjEiLCJzdWIiOiJmY2JiNmMyOS1iODNmLTQ0OGUtOWExMy1mZTcxNmY4N2MwYWYiLCJhdWQiOiJhdXRoZW50aWNhdGVkIiwiZXhwIjoxNzQ1NDkzMzM2LCJpYXQiOjE3NDU0ODk3MzYsImVtYWlsIjoidGVzdEBnbWFpbC5jb20iLCJwaG9uZSI6IiIsImFwcF9tZXRhZGF0YSI6eyJwcm92aWRlciI6ImVtYWlsIiwicHJvdmlkZXJzIjpbImVtYWlsIl19LCJ1c2VyX21ldGFkYXRhIjp7ImVtYWlsX3ZlcmlmaWVkIjp0cnVlfSwicm9sZSI6ImF1dGhlbnRpY2F0ZWQiLCJhYWwiOiJhYWwxIiwiYW1yIjpbeyJtZXRob2QiOiJwYXNzd29yZCIsInRpbWVzdGFtcCI6MTc0NTQ4OTczNn1dLCJzZXNzaW9uX2lkIjoiZmY1MmRjYTQtNjg2OC00NGEyLWIwMzMtNGEyYmM1YWUxODkxIiwiaXNfYW5vbnltb3VzIjpmYWxzZX0.2avt9q-bOhnWuQwEwmaSbaMiIhRG3I6heh7Vp6vcUVw') to the header table, sensitive:True, huffman:True
2025-04-24 06:16:30,291 - hpack.hpack - DEBUG - Encoding 23 with 4 bits
2025-04-24 06:16:30,291 - hpack.hpack - DEBUG - Encoding 584 with 7 bits
2025-04-24 06:16:30,291 - hpack.hpack - DEBUG - Adding (b'accept-profile', b'public') to the header table, sensitive:False, huffman:True
2025-04-24 06:16:30,291 - hpack.hpack - DEBUG - Encoding 67 with 7 bits
2025-04-24 06:16:30,291 - hpack.hpack - DEBUG - Adding (b'content-profile', b'public') to the header table, sensitive:False, huffman:True
2025-04-24 06:16:30,291 - hpack.hpack - DEBUG - Encoding 66 with 7 bits
2025-04-24 06:16:30,291 - hpack.hpack - DEBUG - Adding (b'prefer', b'return=representation') to the header table, sensitive:False, huffman:True
2025-04-24 06:16:30,292 - hpack.hpack - DEBUG - Encoding 65 with 6 bits
2025-04-24 06:16:30,292 - hpack.hpack - DEBUG - Encoding 15 with 7 bits
2025-04-24 06:16:30,292 - hpack.hpack - DEBUG - Adding (b'content-length', b'380') to the header table, sensitive:False, huffman:True
2025-04-24 06:16:30,292 - hpack.hpack - DEBUG - Encoding 28 with 6 bits
2025-04-24 06:16:30,292 - hpack.hpack - DEBUG - Encoding 3 with 7 bits
2025-04-24 06:16:30,292 - hpack.hpack - DEBUG - Adding (b'content-type', b'application/json') to the header table, sensitive:False, huffman:True
2025-04-24 06:16:30,292 - hpack.hpack - DEBUG - Encoding 65 with 7 bits
2025-04-24 06:16:30,292 - hpack.hpack - DEBUG - Encoded header block to b'\x83\xc9\x87D\x93b\xc2\xa1,w\x0b\x03\xae\xba\x0cA\xa4\xc7\xaa#!\x16\x95\x1f\xc8\xc7\xc6\xc5\xc4\x1f\x08\xff\xc9\x03\xbaQ\xd8[\x14/\xac\xb3\xc7\x88\x86\xd4l\xb98{\xc8\x1d&\xc8\x8c\x94\xa6\xbf\xdb\xd9\x1c\xc9U\xd3\xf1\xa0\x9e4\xe0\x98:\xbf0\xee\xe5\xc3-:)A\xb3\xde\xca\x02\xfeBmF\xcb\x9b\x88v\x1a]\x8b\x97\xd6Z\xc8\xce\x83j6S\xc9\x8fo\x82{?|\xe2|R~QQ9~\xd8LTR6v\xf4\xfdgJ\t\xf9\xfb^z\xb4\x84\x98\xb0\x9b\x9f\xe6\x9a3\xd3\xa7\xbeqa\x0c\x98\xa6\xef\'L\x06\xcf{/\xb99d6\xa3e\xa7\x98\xb2\x9bM:=j\xdc\x13j\xbf\xa6\x9c\xfb\xf6\x03V.\t\xd5\xcb\x07\x9d\x1e\x83O\xee\xf2y\xd3O6\xb4\x8bG\x8e|\xb9\x9b=\xec\xb3\xc9\xcba\xb5\x1b,\xf2~m?\xef&\xc0>Zg\x93\x17\x1e\xb9\r\xe0\xdf\xbf\x93\xf8\xc9\xd0\xfet\xfb\xd8\x1d7\xfa\xfb\xd1\xef@\xb3\xde\xcb_?\xcd\x86\xd5\xd3\x03:o\xf0\x06\xab\xfdY\xd1\xef\x9a2S\xc5<\xf9P\x8c\x9d\x0ei1q\xf7&\x0b\xb5G\xcb\rq\xdeo\xa4b\x01\xb3\xde\xcb\xe0x\x9f\xb7\xf7vG2\x1b"2S\x87\xc10\xbe\x9f\xdf\xcd\xb3\xfe\xe2\xc2\x0e{\xb28_Y|\x12\x97\xc4>[h!\xb29\x92\x9e)\xe7\xca\x84d7\x83\x13\x1e^\xf2SG_\xdf\xcc\xbe\xf2t\xae<\x94\xf1O>T#%\x01\x7f=\xec\xa1 \xb8\xfa\xfc\x10h\x93\x16\x1e\xbc\xff6\xcf\x93\xa5n\xe4\xa7\x8ay\xf2\xa1\x1f\x8c\xfe\xd0Jh\xa4|\xb8\xf5\xc9\xd2\xb0\x12\xae4K\xbb\xc1\x89K\xe8\xfd\xdd\x91\xcc\x94\xe1\x0c\x98\xa7\xa2:\xb6\xd7\xccXA\xfb\xcba\xb3\xde\xcb?>^\r\xa8\xd9g\xe7\xcb\xc7\x9c\x86\xf0n|\x83\xeb\'J\xe3/\xac\xa9\xfd\xfc\xdax\xc5\xb0\xda\x8d\x97\xc7?\xcd>\xe4\x13\xfe\xbfodFJ\xb6\xd7\x1f.>\xe4\xc5\x85$\xbd\x91\xcd\x1b\xc8\r;\xf65\xaby=\xe9\xa82g\xbd\x97\xdf\xef\xe6\x9fc\xe4\xfd\xbf\x82\xa3\xaeN\x877\xed<\xc3\xa2\x9d\xbd9\xef\xd8\x9d=&\x16\xab\xc0\x06\x9cX=g\xe5\x93\xc6\x8fz\x13\xa7\x16\x0f\\\xe9\xd0\x1e|\xb8y\xd5\x7f\xaf\x9c\x86\xf0a\xfei\x97\x9f&\xfb\xc7U\t\x8d\x9e>\xf2t\xae\x9e|\xbc\xfb\xfd\xfc\x02\xe2\x1ft\xbf\xd9h\xf5OW+vx\xc1\xe2\x91\xee\x8cz\r\x92}\xb8\x99\xc8\xe4\xe5\x9d\xde5\xb9\xdc\x9c8\xf8\xc3\xc2\x7f\x02\x8f\xb0\xa9\xb6\xca\xa0\xb0\xb5\xd8T\x16\xa4\x8d&=_\\\x83e\xe0\x7f\xc1'
2025-04-24 06:16:30,292 - httpcore.http2 - DEBUG - send_request_headers.complete
2025-04-24 06:16:30,292 - httpcore.http2 - DEBUG - send_request_body.started request=<Request [b'POST']> stream_id=3
2025-04-24 06:16:30,292 - httpcore.http2 - DEBUG - send_request_body.complete
2025-04-24 06:16:30,292 - httpcore.http2 - DEBUG - receive_response_headers.started request=<Request [b'POST']> stream_id=3
2025-04-24 06:16:30,375 - hpack.hpack - DEBUG - Decoding b'\xcf\xce\xcd\xcc\x7f\x0c\x8f}\x96\xda\x91\xe7\\n2\xc61\x95\xc5\xb9\xf3\xfd\xcb\xca\xc9\xc8\xc7\x7f\x07\x8f\xb0\xa9\xb6\xca\xa0\xb0\xb5\xd8T\x16\xa4\x8d&=_\xc6\xc5\xc4\xc3\x7f\x03\x0229\xc2\xc1'
2025-04-24 06:16:30,376 - hpack.hpack - DEBUG - Decoded 79, consumed 1 bytes
2025-04-24 06:16:30,376 - hpack.hpack - DEBUG - Decoded (b':status', b'201'), consumed 1
2025-04-24 06:16:30,376 - hpack.hpack - DEBUG - Decoded 78, consumed 1 bytes
2025-04-24 06:16:30,376 - hpack.hpack - DEBUG - Decoded (b'date', b'Thu, 24 Apr 2025 10:16:30 GMT'), consumed 1
2025-04-24 06:16:30,376 - hpack.hpack - DEBUG - Decoded 77, consumed 1 bytes
2025-04-24 06:16:30,376 - hpack.hpack - DEBUG - Decoded (b'content-type', b'application/json; charset=utf-8'), consumed 1
2025-04-24 06:16:30,377 - hpack.hpack - DEBUG - Decoded 76, consumed 1 bytes
2025-04-24 06:16:30,377 - hpack.hpack - DEBUG - Decoded (b'content-range', <memory at 0x10540bb80>), consumed 1
2025-04-24 06:16:30,377 - hpack.hpack - DEBUG - Decoded 75, consumed 2 bytes
2025-04-24 06:16:30,377 - hpack.hpack - DEBUG - Decoded 15, consumed 1 bytes
2025-04-24 06:16:30,377 - hpack.hpack - DEBUG - Decoded (b'cf-ray', b'9354d8765bebaae6-YYZ'), total consumed 18 bytes, indexed True
2025-04-24 06:16:30,377 - hpack.hpack - DEBUG - Decoded 75, consumed 1 bytes
2025-04-24 06:16:30,377 - hpack.hpack - DEBUG - Decoded (b'cf-cache-status', b'DYNAMIC'), consumed 1
2025-04-24 06:16:30,377 - hpack.hpack - DEBUG - Decoded 74, consumed 1 bytes
2025-04-24 06:16:30,377 - hpack.hpack - DEBUG - Decoded (b'content-encoding', b'gzip'), consumed 1
2025-04-24 06:16:30,377 - hpack.hpack - DEBUG - Decoded 73, consumed 1 bytes
2025-04-24 06:16:30,377 - hpack.hpack - DEBUG - Decoded (b'strict-transport-security', b'max-age=31536000; includeSubDomains; preload'), consumed 1
2025-04-24 06:16:30,378 - hpack.hpack - DEBUG - Decoded 72, consumed 1 bytes
2025-04-24 06:16:30,378 - hpack.hpack - DEBUG - Decoded (b'vary', b'Accept-Encoding'), consumed 1
2025-04-24 06:16:30,378 - hpack.hpack - DEBUG - Decoded 71, consumed 1 bytes
2025-04-24 06:16:30,378 - hpack.hpack - DEBUG - Decoded (b'content-profile', b'public'), consumed 1
2025-04-24 06:16:30,378 - hpack.hpack - DEBUG - Decoded 70, consumed 2 bytes
2025-04-24 06:16:30,378 - hpack.hpack - DEBUG - Decoded 15, consumed 1 bytes
2025-04-24 06:16:30,378 - hpack.hpack - DEBUG - Decoded (b'preference-applied', b'return=representation'), total consumed 18 bytes, indexed True
2025-04-24 06:16:30,378 - hpack.hpack - DEBUG - Decoded 70, consumed 1 bytes
2025-04-24 06:16:30,378 - hpack.hpack - DEBUG - Decoded (b'sb-gateway-version', <memory at 0x10540bac0>), consumed 1
2025-04-24 06:16:30,378 - hpack.hpack - DEBUG - Decoded 69, consumed 1 bytes
2025-04-24 06:16:30,378 - hpack.hpack - DEBUG - Decoded (b'sb-project-ref', b'ovuygqfkpifktcgslqvi'), consumed 1
2025-04-24 06:16:30,378 - hpack.hpack - DEBUG - Decoded 68, consumed 1 bytes
2025-04-24 06:16:30,378 - hpack.hpack - DEBUG - Decoded (b'x-content-type-options', b'nosniff'), consumed 1
2025-04-24 06:16:30,378 - hpack.hpack - DEBUG - Decoded 67, consumed 1 bytes
2025-04-24 06:16:30,378 - hpack.hpack - DEBUG - Decoded (b'x-envoy-attempt-count', <memory at 0x10540bc40>), consumed 1
2025-04-24 06:16:30,378 - hpack.hpack - DEBUG - Decoded 66, consumed 2 bytes
2025-04-24 06:16:30,378 - hpack.hpack - DEBUG - Decoded 2, consumed 1 bytes
2025-04-24 06:16:30,378 - hpack.hpack - DEBUG - Decoded (b'x-envoy-upstream-service-time', <memory at 0x105644040>), total consumed 5 bytes, indexed True
2025-04-24 06:16:30,379 - hpack.hpack - DEBUG - Decoded 66, consumed 1 bytes
2025-04-24 06:16:30,379 - hpack.hpack - DEBUG - Decoded (b'server', b'cloudflare'), consumed 1
2025-04-24 06:16:30,379 - hpack.hpack - DEBUG - Decoded 65, consumed 1 bytes
2025-04-24 06:16:30,379 - hpack.hpack - DEBUG - Decoded (b'alt-svc', b'h3=":443"; ma=86400'), consumed 1
2025-04-24 06:16:30,379 - httpcore.http2 - DEBUG - receive_response_headers.complete return_value=(201, [(b'date', b'Thu, 24 Apr 2025 10:16:30 GMT'), (b'content-type', b'application/json; charset=utf-8'), (b'content-range', b'*/*'), (b'cf-ray', b'9354d8765bebaae6-YYZ'), (b'cf-cache-status', b'DYNAMIC'), (b'content-encoding', b'gzip'), (b'strict-transport-security', b'max-age=31536000; includeSubDomains; preload'), (b'vary', b'Accept-Encoding'), (b'content-profile', b'public'), (b'preference-applied', b'return=representation'), (b'sb-gateway-version', b'1'), (b'sb-project-ref', b'ovuygqfkpifktcgslqvi'), (b'x-content-type-options', b'nosniff'), (b'x-envoy-attempt-count', b'1'), (b'x-envoy-upstream-service-time', b'29'), (b'server', b'cloudflare'), (b'alt-svc', b'h3=":443"; ma=86400')])
2025-04-24 06:16:30,379 - httpx - INFO - HTTP Request: POST https://ovuygqfkpifktcgslqvi.supabase.co/rest/v1/application_issues "HTTP/2 201 Created"
2025-04-24 06:16:30,379 - httpcore.http2 - DEBUG - receive_response_body.started request=<Request [b'POST']> stream_id=3
2025-04-24 06:16:30,380 - httpcore.http2 - DEBUG - receive_response_body.complete
2025-04-24 06:16:30,380 - httpcore.http2 - DEBUG - response_closed.started stream_id=3
2025-04-24 06:16:30,380 - httpcore.http2 - DEBUG - response_closed.complete
2025-04-24 06:16:30,380 - user_assistance_mcp - DEBUG - Supabase application_issues response: data=[{'id': 'f59e56a1-cad9-4061-b5be-09bdd4cd2d99', 'user_id': 'fcbb6c29-b83f-448e-9a13-fe716f87c0af', 'application_id': 'db137089-94b9-4649-ab7f-38ecf028b6ff', 'company': 'LinkedIn', 'position': 'Various', 'issue_type': 'technical_barrier', 'issue_details': 'Missing login credentials required for accessing LinkedIn job board. Unable to proceed with job search and application.', 'status': 'pending', 'created_at': '2025-04-24T06:16:30.290864+00:00', 'resolved_at': None, 'resolution_note': None}] count=None
2025-04-24 06:16:30,380 - user_assistance_mcp - INFO - Issue logged successfully with ID: f59e56a1-cad9-4061-b5be-09bdd4cd2d99
2025-04-24 06:16:30,381 - mcp.server.lowlevel.server - DEBUG - Response sent
2025-04-24 06:16:30,382 - mcp.server.lowlevel.server - DEBUG - Received message: <mcp.shared.session.RequestResponder object at 0x105456780>
2025-04-24 06:16:30,382 - mcp.server.lowlevel.server - INFO - Processing request of type CallToolRequest
2025-04-24 06:16:30,382 - mcp.server.lowlevel.server - DEBUG - Dispatching request of type CallToolRequest
2025-04-24 06:16:30,382 - user_assistance_mcp - INFO - send_simple_notification called with title: LinkedIn Authentication Issue
2025-04-24 06:16:30,382 - user_assistance_mcp - INFO - send_application_notification called with: user_id=fcbb6c29-b83f-448e-9a13-fe716f87c0af, title=LinkedIn Authentication Issue, type=alert
2025-04-24 06:16:30,382 - user_assistance_mcp - INFO - Notification message: Missing login credentials for LinkedIn. Unable to proceed with job search and applications on LinkedIn.
2025-04-24 06:16:30,383 - user_assistance_mcp - DEBUG - Preparing to insert notification into notifications table
2025-04-24 06:16:30,383 - user_assistance_mcp - DEBUG - Insert data: {'user_id': 'fcbb6c29-b83f-448e-9a13-fe716f87c0af', 'title': 'LinkedIn Authentication Issue', 'content': 'Missing login credentials for LinkedIn. Unable to proceed with job search and applications on LinkedIn.', 'type': 'alert', 'read': False, 'created_at': '2025-04-24T06:16:30.383040'}
2025-04-24 06:16:30,383 - user_assistance_mcp - DEBUG - Executing supabase insert for notifications
2025-04-24 06:16:30,383 - httpcore.http2 - DEBUG - send_request_headers.started request=<Request [b'POST']> stream_id=5
2025-04-24 06:16:30,383 - hpack.hpack - DEBUG - Adding (b':method', b'POST') to the header table, sensitive:False, huffman:True
2025-04-24 06:16:30,384 - hpack.hpack - DEBUG - Encoding 3 with 7 bits
2025-04-24 06:16:30,384 - hpack.hpack - DEBUG - Adding (b':authority', b'ovuygqfkpifktcgslqvi.supabase.co') to the header table, sensitive:False, huffman:True
2025-04-24 06:16:30,384 - hpack.hpack - DEBUG - Encoding 76 with 7 bits
2025-04-24 06:16:30,384 - hpack.hpack - DEBUG - Adding (b':scheme', b'https') to the header table, sensitive:False, huffman:True
2025-04-24 06:16:30,384 - hpack.hpack - DEBUG - Encoding 7 with 7 bits
2025-04-24 06:16:30,384 - hpack.hpack - DEBUG - Adding (b':path', b'/rest/v1/notifications') to the header table, sensitive:False, huffman:True
2025-04-24 06:16:30,384 - hpack.hpack - DEBUG - Encoding 4 with 6 bits
2025-04-24 06:16:30,384 - hpack.hpack - DEBUG - Encoding 15 with 7 bits
2025-04-24 06:16:30,384 - hpack.hpack - DEBUG - Adding (b'accept', b'*/*') to the header table, sensitive:False, huffman:True
2025-04-24 06:16:30,384 - hpack.hpack - DEBUG - Encoding 75 with 7 bits
2025-04-24 06:16:30,384 - hpack.hpack - DEBUG - Adding (b'accept-encoding', b'gzip, deflate, zstd') to the header table, sensitive:False, huffman:True
2025-04-24 06:16:30,384 - hpack.hpack - DEBUG - Encoding 74 with 7 bits
2025-04-24 06:16:30,384 - hpack.hpack - DEBUG - Adding (b'user-agent', b'python-httpx/0.28.1') to the header table, sensitive:False, huffman:True
2025-04-24 06:16:30,384 - hpack.hpack - DEBUG - Encoding 73 with 7 bits
2025-04-24 06:16:30,384 - hpack.hpack - DEBUG - Adding (b'x-client-info', b'supabase-py/2.15.0') to the header table, sensitive:False, huffman:True
2025-04-24 06:16:30,384 - hpack.hpack - DEBUG - Encoding 72 with 7 bits
2025-04-24 06:16:30,384 - hpack.hpack - DEBUG - Adding (b'apikey', b'eyJhbGciOiJIUzI1NiIsInR5cCI6IkpXVCJ9.eyJpc3MiOiJzdXBhYmFzZSIsInJlZiI6Im92dXlncWZrcGlma3RjZ3NscXZpIiwicm9sZSI6ImFub24iLCJpYXQiOjE3NDQ4NDYxOTQsImV4cCI6MjA2MDQyMjE5NH0.XM6UO8tT_eSaGotwzQrbaSI2ccDt3tPdKkWSA0BtEjE') to the header table, sensitive:False, huffman:True
2025-04-24 06:16:30,384 - hpack.hpack - DEBUG - Encoding 71 with 7 bits
2025-04-24 06:16:30,384 - hpack.hpack - DEBUG - Adding (b'authorization', b'Bearer eyJhbGciOiJIUzI1NiIsImtpZCI6InBoVlcwNEg1OXFSWUJmMmsiLCJ0eXAiOiJKV1QifQ.eyJpc3MiOiJodHRwczovL292dXlncWZrcGlma3RjZ3NscXZpLnN1cGFiYXNlLmNvL2F1dGgvdjEiLCJzdWIiOiJmY2JiNmMyOS1iODNmLTQ0OGUtOWExMy1mZTcxNmY4N2MwYWYiLCJhdWQiOiJhdXRoZW50aWNhdGVkIiwiZXhwIjoxNzQ1NDkzMzM2LCJpYXQiOjE3NDU0ODk3MzYsImVtYWlsIjoidGVzdEBnbWFpbC5jb20iLCJwaG9uZSI6IiIsImFwcF9tZXRhZGF0YSI6eyJwcm92aWRlciI6ImVtYWlsIiwicHJvdmlkZXJzIjpbImVtYWlsIl19LCJ1c2VyX21ldGFkYXRhIjp7ImVtYWlsX3ZlcmlmaWVkIjp0cnVlfSwicm9sZSI6ImF1dGhlbnRpY2F0ZWQiLCJhYWwiOiJhYWwxIiwiYW1yIjpbeyJtZXRob2QiOiJwYXNzd29yZCIsInRpbWVzdGFtcCI6MTc0NTQ4OTczNn1dLCJzZXNzaW9uX2lkIjoiZmY1MmRjYTQtNjg2OC00NGEyLWIwMzMtNGEyYmM1YWUxODkxIiwiaXNfYW5vbnltb3VzIjpmYWxzZX0.2avt9q-bOhnWuQwEwmaSbaMiIhRG3I6heh7Vp6vcUVw') to the header table, sensitive:True, huffman:True
2025-04-24 06:16:30,385 - hpack.hpack - DEBUG - Encoding 23 with 4 bits
2025-04-24 06:16:30,385 - hpack.hpack - DEBUG - Encoding 584 with 7 bits
2025-04-24 06:16:30,385 - hpack.hpack - DEBUG - Adding (b'accept-profile', b'public') to the header table, sensitive:False, huffman:True
2025-04-24 06:16:30,385 - hpack.hpack - DEBUG - Encoding 70 with 7 bits
2025-04-24 06:16:30,385 - hpack.hpack - DEBUG - Adding (b'content-profile', b'public') to the header table, sensitive:False, huffman:True
2025-04-24 06:16:30,385 - hpack.hpack - DEBUG - Encoding 69 with 7 bits
2025-04-24 06:16:30,385 - hpack.hpack - DEBUG - Adding (b'prefer', b'return=representation') to the header table, sensitive:False, huffman:True
2025-04-24 06:16:30,385 - hpack.hpack - DEBUG - Encoding 64 with 7 bits
2025-04-24 06:16:30,385 - hpack.hpack - DEBUG - Adding (b'content-length', b'276') to the header table, sensitive:False, huffman:True
2025-04-24 06:16:30,385 - hpack.hpack - DEBUG - Encoding 28 with 6 bits
2025-04-24 06:16:30,385 - hpack.hpack - DEBUG - Encoding 3 with 7 bits
2025-04-24 06:16:30,385 - hpack.hpack - DEBUG - Adding (b'content-type', b'application/json') to the header table, sensitive:False, huffman:True
2025-04-24 06:16:30,385 - hpack.hpack - DEBUG - Encoding 67 with 7 bits
2025-04-24 06:16:30,385 - hpack.hpack - DEBUG - Encoded header block to b'\x83\xcc\x87D\x8fb\xc2\xa1,w\x0b\x15\x1d&\x94\xc4\x1aLz\x91\xcb\xca\xc9\xc8\xc7\x1f\x08\xff\xc9\x03\xbaQ\xd8[\x14/\xac\xb3\xc7\x88\x86\xd4l\xb98{\xc8\x1d&\xc8\x8c\x94\xa6\xbf\xdb\xd9\x1c\xc9U\xd3\xf1\xa0\x9e4\xe0\x98:\xbf0\xee\xe5\xc3-:)A\xb3\xde\xca\x02\xfeBmF\xcb\x9b\x88v\x1a]\x8b\x97\xd6Z\xc8\xce\x83j6S\xc9\x8fo\x82{?|\xe2|R~QQ9~\xd8LTR6v\xf4\xfdgJ\t\xf9\xfb^z\xb4\x84\x98\xb0\x9b\x9f\xe6\x9a3\xd3\xa7\xbeqa\x0c\x98\xa6\xef\'L\x06\xcf{/\xb99d6\xa3e\xa7\x98\xb2\x9bM:=j\xdc\x13j\xbf\xa6\x9c\xfb\xf6\x03V.\t\xd5\xcb\x07\x9d\x1e\x83O\xee\xf2y\xd3O6\xb4\x8bG\x8e|\xb9\x9b=\xec\xb3\xc9\xcba\xb5\x1b,\xf2~m?\xef&\xc0>Zg\x93\x17\x1e\xb9\r\xe0\xdf\xbf\x93\xf8\xc9\xd0\xfet\xfb\xd8\x1d7\xfa\xfb\xd1\xef@\xb3\xde\xcb_?\xcd\x86\xd5\xd3\x03:o\xf0\x06\xab\xfdY\xd1\xef\x9a2S\xc5<\xf9P\x8c\x9d\x0ei1q\xf7&\x0b\xb5G\xcb\rq\xdeo\xa4b\x01\xb3\xde\xcb\xe0x\x9f\xb7\xf7vG2\x1b"2S\x87\xc10\xbe\x9f\xdf\xcd\xb3\xfe\xe2\xc2\x0e{\xb28_Y|\x12\x97\xc4>[h!\xb29\x92\x9e)\xe7\xca\x84d7\x83\x13\x1e^\xf2SG_\xdf\xcc\xbe\xf2t\xae<\x94\xf1O>T#%\x01\x7f=\xec\xa1 \xb8\xfa\xfc\x10h\x93\x16\x1e\xbc\xff6\xcf\x93\xa5n\xe4\xa7\x8ay\xf2\xa1\x1f\x8c\xfe\xd0Jh\xa4|\xb8\xf5\xc9\xd2\xb0\x12\xae4K\xbb\xc1\x89K\xe8\xfd\xdd\x91\xcc\x94\xe1\x0c\x98\xa7\xa2:\xb6\xd7\xccXA\xfb\xcba\xb3\xde\xcb?>^\r\xa8\xd9g\xe7\xcb\xc7\x9c\x86\xf0n|\x83\xeb\'J\xe3/\xac\xa9\xfd\xfc\xdax\xc5\xb0\xda\x8d\x97\xc7?\xcd>\xe4\x13\xfe\xbfodFJ\xb6\xd7\x1f.>\xe4\xc5\x85$\xbd\x91\xcd\x1b\xc8\r;\xf65\xaby=\xe9\xa82g\xbd\x97\xdf\xef\xe6\x9fc\xe4\xfd\xbf\x82\xa3\xaeN\x877\xed<\xc3\xa2\x9d\xbd9\xef\xd8\x9d=&\x16\xab\xc0\x06\x9cX=g\xe5\x93\xc6\x8fz\x13\xa7\x16\x0f\\\xe9\xd0\x1e|\xb8y\xd5\x7f\xaf\x9c\x86\xf0a\xfei\x97\x9f&\xfb\xc7U\t\x8d\x9e>\xf2t\xae\x9e|\xbc\xfb\xfd\xfc\x02\xe2\x1ft\xbf\xd9h\xf5OW+vx\xc1\xe2\x91\xee\x8cz\r\x92}\xb8\x99\xc8\xe4\xe5\x9d\xde5\xb9\xdc\x9c8\xf8\xc6\xc5\xc0\\\x83\x13\xae\x7f\xc3'
2025-04-24 06:16:30,386 - httpcore.http2 - DEBUG - send_request_headers.complete
2025-04-24 06:16:30,386 - httpcore.http2 - DEBUG - send_request_body.started request=<Request [b'POST']> stream_id=5
2025-04-24 06:16:30,386 - httpcore.http2 - DEBUG - send_request_body.complete
2025-04-24 06:16:30,386 - httpcore.http2 - DEBUG - receive_response_headers.started request=<Request [b'POST']> stream_id=5
2025-04-24 06:16:30,457 - hpack.hpack - DEBUG - Decoding b'\xd2\xd1\xd0\xcf\x7f\x0f\x8f}\x96\xda\x91\xe7\\)\x1b\x8cc+\x8bs\xe7\xfb\xce\xcd\xcc\xcb\xca\xc0\xc8\xc7\xc6\xc5\x7f\x05\x0226\xc4\xc3'
2025-04-24 06:16:30,457 - hpack.hpack - DEBUG - Decoded 82, consumed 1 bytes
2025-04-24 06:16:30,457 - hpack.hpack - DEBUG - Decoded (b':status', b'201'), consumed 1
2025-04-24 06:16:30,458 - hpack.hpack - DEBUG - Decoded 81, consumed 1 bytes
2025-04-24 06:16:30,458 - hpack.hpack - DEBUG - Decoded (b'date', b'Thu, 24 Apr 2025 10:16:30 GMT'), consumed 1
2025-04-24 06:16:30,458 - hpack.hpack - DEBUG - Decoded 80, consumed 1 bytes
2025-04-24 06:16:30,458 - hpack.hpack - DEBUG - Decoded (b'content-type', b'application/json; charset=utf-8'), consumed 1
2025-04-24 06:16:30,458 - hpack.hpack - DEBUG - Decoded 79, consumed 1 bytes
2025-04-24 06:16:30,459 - hpack.hpack - DEBUG - Decoded (b'content-range', <memory at 0x10540bb80>), consumed 1
2025-04-24 06:16:30,459 - hpack.hpack - DEBUG - Decoded 78, consumed 2 bytes
2025-04-24 06:16:30,459 - hpack.hpack - DEBUG - Decoded 15, consumed 1 bytes
2025-04-24 06:16:30,459 - hpack.hpack - DEBUG - Decoded (b'cf-ray', b'9354d876ec5baae6-YYZ'), total consumed 18 bytes, indexed True
2025-04-24 06:16:30,459 - hpack.hpack - DEBUG - Decoded 78, consumed 1 bytes
2025-04-24 06:16:30,459 - hpack.hpack - DEBUG - Decoded (b'cf-cache-status', b'DYNAMIC'), consumed 1
2025-04-24 06:16:30,459 - hpack.hpack - DEBUG - Decoded 77, consumed 1 bytes
2025-04-24 06:16:30,459 - hpack.hpack - DEBUG - Decoded (b'content-encoding', b'gzip'), consumed 1
2025-04-24 06:16:30,460 - hpack.hpack - DEBUG - Decoded 76, consumed 1 bytes
2025-04-24 06:16:30,460 - hpack.hpack - DEBUG - Decoded (b'strict-transport-security', b'max-age=31536000; includeSubDomains; preload'), consumed 1
2025-04-24 06:16:30,460 - hpack.hpack - DEBUG - Decoded 75, consumed 1 bytes
2025-04-24 06:16:30,460 - hpack.hpack - DEBUG - Decoded (b'vary', b'Accept-Encoding'), consumed 1
2025-04-24 06:16:30,460 - hpack.hpack - DEBUG - Decoded 74, consumed 1 bytes
2025-04-24 06:16:30,460 - hpack.hpack - DEBUG - Decoded (b'content-profile', b'public'), consumed 1
2025-04-24 06:16:30,460 - hpack.hpack - DEBUG - Decoded 64, consumed 1 bytes
2025-04-24 06:16:30,460 - hpack.hpack - DEBUG - Decoded (b'preference-applied', b'return=representation'), consumed 1
2025-04-24 06:16:30,460 - hpack.hpack - DEBUG - Decoded 72, consumed 1 bytes
2025-04-24 06:16:30,460 - hpack.hpack - DEBUG - Decoded (b'sb-gateway-version', <memory at 0x10540bac0>), consumed 1
2025-04-24 06:16:30,460 - hpack.hpack - DEBUG - Decoded 71, consumed 1 bytes
2025-04-24 06:16:30,460 - hpack.hpack - DEBUG - Decoded (b'sb-project-ref', b'ovuygqfkpifktcgslqvi'), consumed 1
2025-04-24 06:16:30,461 - hpack.hpack - DEBUG - Decoded 70, consumed 1 bytes
2025-04-24 06:16:30,461 - hpack.hpack - DEBUG - Decoded (b'x-content-type-options', b'nosniff'), consumed 1
2025-04-24 06:16:30,461 - hpack.hpack - DEBUG - Decoded 69, consumed 1 bytes
2025-04-24 06:16:30,461 - hpack.hpack - DEBUG - Decoded (b'x-envoy-attempt-count', <memory at 0x10540bc40>), consumed 1
2025-04-24 06:16:30,461 - hpack.hpack - DEBUG - Decoded 68, consumed 2 bytes
2025-04-24 06:16:30,461 - hpack.hpack - DEBUG - Decoded 2, consumed 1 bytes
2025-04-24 06:16:30,461 - hpack.hpack - DEBUG - Decoded (b'x-envoy-upstream-service-time', <memory at 0x10540a500>), total consumed 5 bytes, indexed True
2025-04-24 06:16:30,461 - hpack.hpack - DEBUG - Decoded 68, consumed 1 bytes
2025-04-24 06:16:30,461 - hpack.hpack - DEBUG - Decoded (b'server', b'cloudflare'), consumed 1
2025-04-24 06:16:30,461 - hpack.hpack - DEBUG - Decoded 67, consumed 1 bytes
2025-04-24 06:16:30,461 - hpack.hpack - DEBUG - Decoded (b'alt-svc', b'h3=":443"; ma=86400'), consumed 1
2025-04-24 06:16:30,461 - httpcore.http2 - DEBUG - receive_response_headers.complete return_value=(201, [(b'date', b'Thu, 24 Apr 2025 10:16:30 GMT'), (b'content-type', b'application/json; charset=utf-8'), (b'content-range', b'*/*'), (b'cf-ray', b'9354d876ec5baae6-YYZ'), (b'cf-cache-status', b'DYNAMIC'), (b'content-encoding', b'gzip'), (b'strict-transport-security', b'max-age=31536000; includeSubDomains; preload'), (b'vary', b'Accept-Encoding'), (b'content-profile', b'public'), (b'preference-applied', b'return=representation'), (b'sb-gateway-version', b'1'), (b'sb-project-ref', b'ovuygqfkpifktcgslqvi'), (b'x-content-type-options', b'nosniff'), (b'x-envoy-attempt-count', b'1'), (b'x-envoy-upstream-service-time', b'26'), (b'server', b'cloudflare'), (b'alt-svc', b'h3=":443"; ma=86400')])
2025-04-24 06:16:30,462 - httpx - INFO - HTTP Request: POST https://ovuygqfkpifktcgslqvi.supabase.co/rest/v1/notifications "HTTP/2 201 Created"
2025-04-24 06:16:30,462 - httpcore.http2 - DEBUG - receive_response_body.started request=<Request [b'POST']> stream_id=5
2025-04-24 06:16:30,462 - httpcore.http2 - DEBUG - receive_response_body.complete
2025-04-24 06:16:30,462 - httpcore.http2 - DEBUG - response_closed.started stream_id=5
2025-04-24 06:16:30,463 - httpcore.http2 - DEBUG - response_closed.complete
2025-04-24 06:16:30,465 - user_assistance_mcp - DEBUG - Supabase notifications response: data=[{'id': '841ae96f-1d2b-447a-b081-1a31178be1cd', 'user_id': 'fcbb6c29-b83f-448e-9a13-fe716f87c0af', 'title': 'LinkedIn Authentication Issue', 'content': 'Missing login credentials for LinkedIn. Unable to proceed with job search and applications on LinkedIn.', 'type': 'alert', 'read': False, 'created_at': '2025-04-24T06:16:30.38304+00:00', 'reference_id': None, 'reference_type': None}] count=None
2025-04-24 06:16:30,465 - user_assistance_mcp - INFO - Notification sent successfully
2025-04-24 06:16:30,466 - mcp.server.lowlevel.server - DEBUG - Response sent
2025-04-24 06:16:56,760 - mcp.server.lowlevel.server - DEBUG - Received message: <mcp.shared.session.RequestResponder object at 0x105607e00>
2025-04-24 06:16:56,762 - mcp.server.lowlevel.server - INFO - Processing request of type ListToolsRequest
2025-04-24 06:16:56,762 - mcp.server.lowlevel.server - DEBUG - Dispatching request of type ListToolsRequest
2025-04-24 06:16:56,763 - mcp.server.lowlevel.server - DEBUG - Response sent
2025-04-24 06:16:58,729 - mcp.server.lowlevel.server - DEBUG - Received message: <mcp.shared.session.RequestResponder object at 0x105456540>
2025-04-24 06:16:58,729 - mcp.server.lowlevel.server - INFO - Processing request of type CallToolRequest
2025-04-24 06:16:58,729 - mcp.server.lowlevel.server - DEBUG - Dispatching request of type CallToolRequest
2025-04-24 06:16:58,729 - user_assistance_mcp - INFO - log_simple_issue called for Senior Full Stack Developer at Zammad
2025-04-24 06:16:58,729 - user_assistance_mcp - INFO - Generated application_id: 3afbf8b3-42f8-4aac-8176-afd7199d8712
2025-04-24 06:16:58,729 - user_assistance_mcp - INFO - log_application_issue called with: user_id=fcbb6c29-b83f-448e-9a13-fe716f87c0af, application_id=3afbf8b3-42f8-4aac-8176-afd7199d8712, company=Zammad, position=Senior Full Stack Developer, issue_type=technical_barrier
2025-04-24 06:16:58,729 - user_assistance_mcp - INFO - Issue details: Failed to navigate to apply page due to element being detached on RemoteOK.
2025-04-24 06:16:58,729 - user_assistance_mcp - DEBUG - Upserting basic application record for application_id: 3afbf8b3-42f8-4aac-8176-afd7199d8712
2025-04-24 06:16:58,729 - httpcore.connection - DEBUG - close.started
2025-04-24 06:16:58,730 - httpcore.connection - DEBUG - close.complete
2025-04-24 06:16:58,730 - httpcore.connection - DEBUG - connect_tcp.started host='ovuygqfkpifktcgslqvi.supabase.co' port=443 local_address=None timeout=120 socket_options=None
2025-04-24 06:16:58,775 - httpcore.connection - DEBUG - connect_tcp.complete return_value=<httpcore._backends.sync.SyncStream object at 0x1056301a0>
2025-04-24 06:16:58,775 - httpcore.connection - DEBUG - start_tls.started ssl_context=<ssl.SSLContext object at 0x105629750> server_hostname='ovuygqfkpifktcgslqvi.supabase.co' timeout=120
2025-04-24 06:16:58,785 - httpcore.connection - DEBUG - start_tls.complete return_value=<httpcore._backends.sync.SyncStream object at 0x105630170>
2025-04-24 06:16:58,785 - httpcore.http2 - DEBUG - send_connection_init.started request=<Request [b'POST']>
2025-04-24 06:16:58,786 - httpcore.http2 - DEBUG - send_connection_init.complete
2025-04-24 06:16:58,786 - httpcore.http2 - DEBUG - send_request_headers.started request=<Request [b'POST']> stream_id=1
2025-04-24 06:16:58,786 - hpack.hpack - DEBUG - Adding (b':method', b'POST') to the header table, sensitive:False, huffman:True
2025-04-24 06:16:58,786 - hpack.hpack - DEBUG - Encoding 3 with 7 bits
2025-04-24 06:16:58,786 - hpack.hpack - DEBUG - Adding (b':authority', b'ovuygqfkpifktcgslqvi.supabase.co') to the header table, sensitive:False, huffman:True
2025-04-24 06:16:58,786 - hpack.hpack - DEBUG - Encoding 1 with 6 bits
2025-04-24 06:16:58,786 - hpack.hpack - DEBUG - Encoding 24 with 7 bits
2025-04-24 06:16:58,786 - hpack.hpack - DEBUG - Adding (b':scheme', b'https') to the header table, sensitive:False, huffman:True
2025-04-24 06:16:58,786 - hpack.hpack - DEBUG - Encoding 7 with 7 bits
2025-04-24 06:16:58,786 - hpack.hpack - DEBUG - Adding (b':path', b'/rest/v1/applications') to the header table, sensitive:False, huffman:True
2025-04-24 06:16:58,786 - hpack.hpack - DEBUG - Encoding 4 with 6 bits
2025-04-24 06:16:58,786 - hpack.hpack - DEBUG - Encoding 15 with 7 bits
2025-04-24 06:16:58,786 - hpack.hpack - DEBUG - Adding (b'accept', b'*/*') to the header table, sensitive:False, huffman:True
2025-04-24 06:16:58,786 - hpack.hpack - DEBUG - Encoding 19 with 6 bits
2025-04-24 06:16:58,786 - hpack.hpack - DEBUG - Encoding 3 with 7 bits
2025-04-24 06:16:58,786 - hpack.hpack - DEBUG - Adding (b'accept-encoding', b'gzip, deflate, zstd') to the header table, sensitive:False, huffman:True
2025-04-24 06:16:58,786 - hpack.hpack - DEBUG - Encoding 16 with 6 bits
2025-04-24 06:16:58,786 - hpack.hpack - DEBUG - Encoding 15 with 7 bits
2025-04-24 06:16:58,786 - hpack.hpack - DEBUG - Adding (b'user-agent', b'python-httpx/0.28.1') to the header table, sensitive:False, huffman:True
2025-04-24 06:16:58,786 - hpack.hpack - DEBUG - Encoding 58 with 6 bits
2025-04-24 06:16:58,786 - hpack.hpack - DEBUG - Encoding 14 with 7 bits
2025-04-24 06:16:58,786 - hpack.hpack - DEBUG - Adding (b'x-client-info', b'supabase-py/2.15.0') to the header table, sensitive:False, huffman:True
2025-04-24 06:16:58,786 - hpack.hpack - DEBUG - Encoding 10 with 7 bits
2025-04-24 06:16:58,786 - hpack.hpack - DEBUG - Encoding 13 with 7 bits
2025-04-24 06:16:58,786 - hpack.hpack - DEBUG - Adding (b'apikey', b'eyJhbGciOiJIUzI1NiIsInR5cCI6IkpXVCJ9.eyJpc3MiOiJzdXBhYmFzZSIsInJlZiI6Im92dXlncWZrcGlma3RjZ3NscXZpIiwicm9sZSI6ImFub24iLCJpYXQiOjE3NDQ4NDYxOTQsImV4cCI6MjA2MDQyMjE5NH0.XM6UO8tT_eSaGotwzQrbaSI2ccDt3tPdKkWSA0BtEjE') to the header table, sensitive:False, huffman:True
2025-04-24 06:16:58,786 - hpack.hpack - DEBUG - Encoding 5 with 7 bits
2025-04-24 06:16:58,786 - hpack.hpack - DEBUG - Encoding 167 with 7 bits
2025-04-24 06:16:58,786 - hpack.hpack - DEBUG - Adding (b'authorization', b'Bearer eyJhbGciOiJIUzI1NiIsImtpZCI6InBoVlcwNEg1OXFSWUJmMmsiLCJ0eXAiOiJKV1QifQ.eyJpc3MiOiJodHRwczovL292dXlncWZrcGlma3RjZ3NscXZpLnN1cGFiYXNlLmNvL2F1dGgvdjEiLCJzdWIiOiJmY2JiNmMyOS1iODNmLTQ0OGUtOWExMy1mZTcxNmY4N2MwYWYiLCJhdWQiOiJhdXRoZW50aWNhdGVkIiwiZXhwIjoxNzQ1NDkzMzM2LCJpYXQiOjE3NDU0ODk3MzYsImVtYWlsIjoidGVzdEBnbWFpbC5jb20iLCJwaG9uZSI6IiIsImFwcF9tZXRhZGF0YSI6eyJwcm92aWRlciI6ImVtYWlsIiwicHJvdmlkZXJzIjpbImVtYWlsIl19LCJ1c2VyX21ldGFkYXRhIjp7ImVtYWlsX3ZlcmlmaWVkIjp0cnVlfSwicm9sZSI6ImF1dGhlbnRpY2F0ZWQiLCJhYWwiOiJhYWwxIiwiYW1yIjpbeyJtZXRob2QiOiJwYXNzd29yZCIsInRpbWVzdGFtcCI6MTc0NTQ4OTczNn1dLCJzZXNzaW9uX2lkIjoiZmY1MmRjYTQtNjg2OC00NGEyLWIwMzMtNGEyYmM1YWUxODkxIiwiaXNfYW5vbnltb3VzIjpmYWxzZX0.2avt9q-bOhnWuQwEwmaSbaMiIhRG3I6heh7Vp6vcUVw') to the header table, sensitive:True, huffman:True
2025-04-24 06:16:58,786 - hpack.hpack - DEBUG - Encoding 23 with 4 bits
2025-04-24 06:16:58,787 - hpack.hpack - DEBUG - Encoding 584 with 7 bits
2025-04-24 06:16:58,787 - hpack.hpack - DEBUG - Adding (b'accept-profile', b'public') to the header table, sensitive:False, huffman:True
2025-04-24 06:16:58,787 - hpack.hpack - DEBUG - Encoding 10 with 7 bits
2025-04-24 06:16:58,787 - hpack.hpack - DEBUG - Encoding 5 with 7 bits
2025-04-24 06:16:58,787 - hpack.hpack - DEBUG - Adding (b'content-profile', b'public') to the header table, sensitive:False, huffman:True
2025-04-24 06:16:58,787 - hpack.hpack - DEBUG - Encoding 11 with 7 bits
2025-04-24 06:16:58,787 - hpack.hpack - DEBUG - Encoding 5 with 7 bits
2025-04-24 06:16:58,787 - hpack.hpack - DEBUG - Adding (b'prefer', b'return=representation,resolution=merge-duplicates') to the header table, sensitive:False, huffman:True
2025-04-24 06:16:58,787 - hpack.hpack - DEBUG - Encoding 5 with 7 bits
2025-04-24 06:16:58,787 - hpack.hpack - DEBUG - Encoding 34 with 7 bits
2025-04-24 06:16:58,787 - hpack.hpack - DEBUG - Adding (b'content-length', b'371') to the header table, sensitive:False, huffman:True
2025-04-24 06:16:58,787 - hpack.hpack - DEBUG - Encoding 28 with 6 bits
2025-04-24 06:16:58,787 - hpack.hpack - DEBUG - Encoding 3 with 7 bits
2025-04-24 06:16:58,787 - hpack.hpack - DEBUG - Adding (b'content-type', b'application/json') to the header table, sensitive:False, huffman:True
2025-04-24 06:16:58,787 - hpack.hpack - DEBUG - Encoding 31 with 6 bits
2025-04-24 06:16:58,787 - hpack.hpack - DEBUG - Encoding 11 with 7 bits
2025-04-24 06:16:58,787 - hpack.hpack - DEBUG - Encoded header block to b'\x83A\x98?{}M\xda^\xb5\x9a^\xa9$\xc8\xa3\xb7s.\x8bk\x1ccAW!\xff\x87D\x8fb\xc2\xa1,w\x0b\x03\xae\xba\x0cA\xa4\xc7\xa9\x1fS\x83\xf9c\xe7P\x8f\x9b\xd9\xab\xfaRB\xcb@\xd2_\xa5=\xa12\x7fz\x8e\xaf\xd2g=KN\x94\xd7\xe5\x80.\'\x97\x0f@\x8a\xf2\xb1(1jJ\xc6\xaaS\xff\x8dE\xb5\x8e1\xa0\xabW\xe9\x81.\x16\xd7\x07@\x85\x1df\xea__\xff(/\xac\xb3\xc7\x88\x86\xd4l\xb98{\xc8\x1d&\xc8\x8c\x95ml\x97\xb29\x93\xad\x7f\x9coe}r\xfa\xcbY\x19\xd0mF\xcb\xeeO\xcb\xb3\xf3\xa7\x0f\xbf\xdd\xd9\x11\x92\xac\xb4~\x9b#\x99)|R~QQ9~\xd8LTR6v\xf4\xfdgJ\t\xf9\xfb^Cx1)}\x1f\xbb\xb29\x92\x9c6\xc6&\x8d\x9e\xf6Z\xf9\xfel6\xae\x98\x19\xd3\x7fcZo\xf3\xf3\xab~\xc4d\xa7\x8bD\xbd\x91\xcd\x1d!\x16\x8b\xfb=h\xe9\x81\xbd8\xc0\xbf\xe6\x878jy;\xe2.\xe1\xe2:|{\xd9dc\xdd\x90D%\xf4\xb2\x9drf\xeb\xcbt \xba\x9c\x1d0\x7f\x1f\x08\xff\xc9\x03\xbaQ\xd8[\x14/\xac\xb3\xc7\x88\x86\xd4l\xb98{\xc8\x1d&\xc8\x8c\x94\xa6\xbf\xdb\xd9\x1c\xc9U\xd3\xf1\xa0\x9e4\xe0\x98:\xbf0\xee\xe5\xc3-:)A\xb3\xde\xca\x02\xfeBmF\xcb\x9b\x88v\x1a]\x8b\x97\xd6Z\xc8\xce\x83j6S\xc9\x8fo\x82{?|\xe2|R~QQ9~\xd8LTR6v\xf4\xfdgJ\t\xf9\xfb^z\xb4\x84\x98\xb0\x9b\x9f\xe6\x9a3\xd3\xa7\xbeqa\x0c\x98\xa6\xef\'L\x06\xcf{/\xb99d6\xa3e\xa7\x98\xb2\x9bM:=j\xdc\x13j\xbf\xa6\x9c\xfb\xf6\x03V.\t\xd5\xcb\x07\x9d\x1e\x83O\xee\xf2y\xd3O6\xb4\x8bG\x8e|\xb9\x9b=\xec\xb3\xc9\xcba\xb5\x1b,\xf2~m?\xef&\xc0>Zg\x93\x17\x1e\xb9\r\xe0\xdf\xbf\x93\xf8\xc9\xd0\xfet\xfb\xd8\x1d7\xfa\xfb\xd1\xef@\xb3\xde\xcb_?\xcd\x86\xd5\xd3\x03:o\xf0\x06\xab\xfdY\xd1\xef\x9a2S\xc5<\xf9P\x8c\x9d\x0ei1q\xf7&\x0b\xb5G\xcb\rq\xdeo\xa4b\x01\xb3\xde\xcb\xe0x\x9f\xb7\xf7vG2\x1b"2S\x87\xc10\xbe\x9f\xdf\xcd\xb3\xfe\xe2\xc2\x0e{\xb28_Y|\x12\x97\xc4>[h!\xb29\x92\x9e)\xe7\xca\x84d7\x83\x13\x1e^\xf2SG_\xdf\xcc\xbe\xf2t\xae<\x94\xf1O>T#%\x01\x7f=\xec\xa1 \xb8\xfa\xfc\x10h\x93\x16\x1e\xbc\xff6\xcf\x93\xa5n\xe4\xa7\x8ay\xf2\xa1\x1f\x8c\xfe\xd0Jh\xa4|\xb8\xf5\xc9\xd2\xb0\x12\xae4K\xbb\xc1\x89K\xe8\xfd\xdd\x91\xcc\x94\xe1\x0c\x98\xa7\xa2:\xb6\xd7\xccXA\xfb\xcba\xb3\xde\xcb?>^\r\xa8\xd9g\xe7\xcb\xc7\x9c\x86\xf0n|\x83\xeb\'J\xe3/\xac\xa9\xfd\xfc\xdax\xc5\xb0\xda\x8d\x97\xc7?\xcd>\xe4\x13\xfe\xbfodFJ\xb6\xd7\x1f.>\xe4\xc5\x85$\xbd\x91\xcd\x1b\xc8\r;\xf65\xaby=\xe9\xa82g\xbd\x97\xdf\xef\xe6\x9fc\xe4\xfd\xbf\x82\xa3\xaeN\x877\xed<\xc3\xa2\x9d\xbd9\xef\xd8\x9d=&\x16\xab\xc0\x06\x9cX=g\xe5\x93\xc6\x8fz\x13\xa7\x16\x0f\\\xe9\xd0\x1e|\xb8y\xd5\x7f\xaf\x9c\x86\xf0a\xfei\x97\x9f&\xfb\xc7U\t\x8d\x9e>\xf2t\xae\x9e|\xbc\xfb\xfd\xfc\x02\xe2\x1ft\xbf\xd9h\xf5OW+vx\xc1\xe2\x91\xee\x8cz\r\x92}\xb8\x99\xc8\xe4\xe5\x9d\xde5\xb9\xdc\x9c8\xf8@\x8a\x19\x08Z\xd2\xb5v\x1eSP_\x85\xae\xd8\xe81?@\x8b!\xeaIjJ\xd5\xd8yMA\x7f\x85\xae\xd8\xe81?@\x85\xae\xc2\xca[?\xa2\xb0\xa9\xb6\xca\xa0\xb0\xb5\xd8T\x16\xa4\x8d&=_V\x15\x07\xa2\xd4\x98\xf5AIl\x98\xabImt\x18\x83IQ\\\x83e\xd0\xff_\x8b\x1du\xd0b\r&=LtA\xea'
2025-04-24 06:16:58,787 - httpcore.http2 - DEBUG - send_request_headers.complete
2025-04-24 06:16:58,787 - httpcore.http2 - DEBUG - send_request_body.started request=<Request [b'POST']> stream_id=1
2025-04-24 06:16:58,787 - httpcore.http2 - DEBUG - send_request_body.complete
2025-04-24 06:16:58,787 - httpcore.http2 - DEBUG - receive_response_headers.started request=<Request [b'POST']> stream_id=1
2025-04-24 06:16:58,800 - httpcore.http2 - DEBUG - receive_remote_settings.started
2025-04-24 06:16:58,800 - httpcore.http2 - DEBUG - receive_remote_settings.complete return_value=<RemoteSettingsChanged changed_settings:{ChangedSetting(setting=3, original_value=None, new_value=100), ChangedSetting(setting=4, original_value=65535, new_value=65536), ChangedSetting(setting=5, original_value=16384, new_value=16777215)}>
2025-04-24 06:16:58,857 - hpack.hpack - DEBUG - Decoding b'?\xe1\x1fN\x82\x10\x03a\x96\xdf=\xbfJ\t\xa5!\xae\xc5\x04\x016\xa0Ap.\\m\xf51h\xdf_\x96\x1du\xd0b\r&=LtA\xea\xfbP\x93\x8e\xc4\x150Z\x99V{^\x03*/*@\x85$\xabX?_\x8f}\x96\xda\x91\xf1<\xe4`(\xc7(V\xe7\xcf\xf7@\x8a$\xab\x10d\x9c\xab!#M\xa8\x86\xbf\xcfL:2^Z\x83\x9b\xd9\xabx\xa0\xa4~V\x1c\xc5\x81\x90\xb6\xcb\x80\x00>\xd45D\xa2\xd9\x0b\xba\xd8\xef\x9e\x91\x9a\xa4}\xa9]\x85\xa0\xe3\x93{\x8b\x84\x84-i[\x05D<\x86\xaao@\x8b!\xeaIjJ\xd5\xd8yMA\x7f\x85\xae\xd8\xe81?@\x8d\xae\xc2\xca[\x0bQ\n\xb0\xeb\xae\x83\x16O\xa3\xb0\xa8=\x16\xa4\xc7\xaa\nKd\xc5ZKk\xa0\xc4\x1aJ\x8f\xa5,*m\xb2\xa8,-v\x15\x05\xa9#I\x8fW@\x8dDkL4\x97\xc0\xfd-\xdc\xb6 \xc7\xab\x011@\x8aDkWa\xfa\x14\x89Z\xc2\xcb\x90?{}M\xda^\xb5\x9a^\xa9$\xc8\xa3\xb7s\x7f@\x90\xf2\xb1\x0fRKRVO\xaa\xca\xb1\xebI\x8fR?\x85\xa8\xe8\xa8\xd2\xcb@\x8f\xf2\xb1j\xee\x7fK\r)-5\xa5b\x1e\xda\x93\x011@\x95\xf2\xb1j\xee\x7fK[Z\x13aGJ\xc8-\x9d\xccB\xac\x93R_\x0210v\x87%\x07\xb6Ih\x1d\x85@\x85\x1d\tY\x1d\xc9\x90\x9d\x98?\x9b\x8d4\xcf\xf3\xf6\xa5#\x81\xe7\x1a\x00?'
2025-04-24 06:16:58,857 - hpack.hpack - DEBUG - Decoded 4096, consumed 3 bytes
2025-04-24 06:16:58,857 - hpack.table - DEBUG - Resizing header table to 4096 from 4096
2025-04-24 06:16:58,857 - hpack.hpack - DEBUG - Decoded 14, consumed 1 bytes
2025-04-24 06:16:58,857 - hpack.hpack - DEBUG - Decoded 2, consumed 1 bytes
2025-04-24 06:16:58,857 - hpack.hpack - DEBUG - Decoded (b':status', b'201'), total consumed 4 bytes, indexed True
2025-04-24 06:16:58,857 - hpack.hpack - DEBUG - Decoded 33, consumed 1 bytes
2025-04-24 06:16:58,857 - hpack.hpack - DEBUG - Decoded 22, consumed 1 bytes
2025-04-24 06:16:58,857 - hpack.hpack - DEBUG - Decoded (b'date', b'Thu, 24 Apr 2025 10:16:59 GMT'), total consumed 24 bytes, indexed True
2025-04-24 06:16:58,857 - hpack.hpack - DEBUG - Decoded 31, consumed 1 bytes
2025-04-24 06:16:58,857 - hpack.hpack - DEBUG - Decoded 22, consumed 1 bytes
2025-04-24 06:16:58,857 - hpack.hpack - DEBUG - Decoded (b'content-type', b'application/json; charset=utf-8'), total consumed 24 bytes, indexed True
2025-04-24 06:16:58,857 - hpack.hpack - DEBUG - Decoded 30, consumed 1 bytes
2025-04-24 06:16:58,857 - hpack.hpack - DEBUG - Decoded 3, consumed 1 bytes
2025-04-24 06:16:58,857 - hpack.hpack - DEBUG - Decoded (b'content-range', <memory at 0x105644100>), total consumed 5 bytes, indexed True
2025-04-24 06:16:58,857 - hpack.hpack - DEBUG - Decoded 5, consumed 1 bytes
2025-04-24 06:16:58,857 - hpack.hpack - DEBUG - Decoded 15, consumed 1 bytes
2025-04-24 06:16:58,857 - hpack.hpack - DEBUG - Decoded (b'cf-ray', b'9354d9286b0eaaf1-YYZ'), total consumed 23 bytes, indexed True
2025-04-24 06:16:58,857 - hpack.hpack - DEBUG - Decoded 10, consumed 1 bytes
2025-04-24 06:16:58,857 - hpack.hpack - DEBUG - Decoded 6, consumed 1 bytes
2025-04-24 06:16:58,857 - hpack.hpack - DEBUG - Decoded (b'cf-cache-status', b'DYNAMIC'), total consumed 19 bytes, indexed True
2025-04-24 06:16:58,857 - hpack.hpack - DEBUG - Decoded 26, consumed 1 bytes
2025-04-24 06:16:58,857 - hpack.hpack - DEBUG - Decoded 3, consumed 1 bytes
2025-04-24 06:16:58,857 - hpack.hpack - DEBUG - Decoded (b'content-encoding', b'gzip'), total consumed 5 bytes, indexed True
2025-04-24 06:16:58,857 - hpack.hpack - DEBUG - Decoded 56, consumed 1 bytes
2025-04-24 06:16:58,857 - hpack.hpack - DEBUG - Decoded 32, consumed 1 bytes
2025-04-24 06:16:58,857 - hpack.hpack - DEBUG - Decoded (b'strict-transport-security', b'max-age=31536000; includeSubDomains; preload'), total consumed 34 bytes, indexed True
2025-04-24 06:16:58,857 - hpack.hpack - DEBUG - Decoded 59, consumed 1 bytes
2025-04-24 06:16:58,858 - hpack.hpack - DEBUG - Decoded 11, consumed 1 bytes
2025-04-24 06:16:58,858 - hpack.hpack - DEBUG - Decoded (b'vary', b'Accept-Encoding'), total consumed 13 bytes, indexed True
2025-04-24 06:16:58,858 - hpack.hpack - DEBUG - Decoded 11, consumed 1 bytes
2025-04-24 06:16:58,858 - hpack.hpack - DEBUG - Decoded 5, consumed 1 bytes
2025-04-24 06:16:58,858 - hpack.hpack - DEBUG - Decoded (b'content-profile', b'public'), total consumed 19 bytes, indexed True
2025-04-24 06:16:58,858 - hpack.hpack - DEBUG - Decoded 13, consumed 1 bytes
2025-04-24 06:16:58,858 - hpack.hpack - DEBUG - Decoded 35, consumed 1 bytes
2025-04-24 06:16:58,858 - hpack.hpack - DEBUG - Decoded (b'preference-applied', b'resolution=merge-duplicates, return=representation'), total consumed 51 bytes, indexed True
2025-04-24 06:16:58,858 - hpack.hpack - DEBUG - Decoded 13, consumed 1 bytes
2025-04-24 06:16:58,858 - hpack.hpack - DEBUG - Decoded 1, consumed 1 bytes
2025-04-24 06:16:58,858 - hpack.hpack - DEBUG - Decoded (b'sb-gateway-version', <memory at 0x1056441c0>), total consumed 17 bytes, indexed True
2025-04-24 06:16:58,858 - hpack.hpack - DEBUG - Decoded 10, consumed 1 bytes
2025-04-24 06:16:58,858 - hpack.hpack - DEBUG - Decoded 16, consumed 1 bytes
2025-04-24 06:16:58,858 - hpack.hpack - DEBUG - Decoded (b'sb-project-ref', b'ovuygqfkpifktcgslqvi'), total consumed 29 bytes, indexed True
2025-04-24 06:16:58,858 - hpack.hpack - DEBUG - Decoded 16, consumed 1 bytes
2025-04-24 06:16:58,858 - hpack.hpack - DEBUG - Decoded 5, consumed 1 bytes
2025-04-24 06:16:58,858 - hpack.hpack - DEBUG - Decoded (b'x-content-type-options', b'nosniff'), total consumed 24 bytes, indexed True
2025-04-24 06:16:58,858 - hpack.hpack - DEBUG - Decoded 15, consumed 1 bytes
2025-04-24 06:16:58,858 - hpack.hpack - DEBUG - Decoded 1, consumed 1 bytes
2025-04-24 06:16:58,858 - hpack.hpack - DEBUG - Decoded (b'x-envoy-attempt-count', <memory at 0x105644280>), total consumed 19 bytes, indexed True
2025-04-24 06:16:58,858 - hpack.hpack - DEBUG - Decoded 21, consumed 1 bytes
2025-04-24 06:16:58,858 - hpack.hpack - DEBUG - Decoded 2, consumed 1 bytes
2025-04-24 06:16:58,858 - hpack.hpack - DEBUG - Decoded (b'x-envoy-upstream-service-time', <memory at 0x105644340>), total consumed 26 bytes, indexed True
2025-04-24 06:16:58,858 - hpack.hpack - DEBUG - Decoded 54, consumed 1 bytes
2025-04-24 06:16:58,858 - hpack.hpack - DEBUG - Decoded 7, consumed 1 bytes
2025-04-24 06:16:58,858 - hpack.hpack - DEBUG - Decoded (b'server', b'cloudflare'), total consumed 9 bytes, indexed True
2025-04-24 06:16:58,858 - hpack.hpack - DEBUG - Decoded 5, consumed 1 bytes
2025-04-24 06:16:58,858 - hpack.hpack - DEBUG - Decoded 16, consumed 1 bytes
2025-04-24 06:16:58,858 - hpack.hpack - DEBUG - Decoded (b'alt-svc', b'h3=":443"; ma=86400'), total consumed 24 bytes, indexed True
2025-04-24 06:16:58,858 - httpcore.http2 - DEBUG - receive_response_headers.complete return_value=(201, [(b'date', b'Thu, 24 Apr 2025 10:16:59 GMT'), (b'content-type', b'application/json; charset=utf-8'), (b'content-range', b'*/*'), (b'cf-ray', b'9354d9286b0eaaf1-YYZ'), (b'cf-cache-status', b'DYNAMIC'), (b'content-encoding', b'gzip'), (b'strict-transport-security', b'max-age=31536000; includeSubDomains; preload'), (b'vary', b'Accept-Encoding'), (b'content-profile', b'public'), (b'preference-applied', b'resolution=merge-duplicates, return=representation'), (b'sb-gateway-version', b'1'), (b'sb-project-ref', b'ovuygqfkpifktcgslqvi'), (b'x-content-type-options', b'nosniff'), (b'x-envoy-attempt-count', b'1'), (b'x-envoy-upstream-service-time', b'10'), (b'server', b'cloudflare'), (b'alt-svc', b'h3=":443"; ma=86400')])
2025-04-24 06:16:58,858 - httpx - INFO - HTTP Request: POST https://ovuygqfkpifktcgslqvi.supabase.co/rest/v1/applications "HTTP/2 201 Created"
2025-04-24 06:16:58,858 - httpcore.http2 - DEBUG - receive_response_body.started request=<Request [b'POST']> stream_id=1
2025-04-24 06:16:58,858 - httpcore.http2 - DEBUG - receive_response_body.complete
2025-04-24 06:16:58,859 - httpcore.http2 - DEBUG - response_closed.started stream_id=1
2025-04-24 06:16:58,859 - httpcore.http2 - DEBUG - response_closed.complete
2025-04-24 06:16:58,859 - user_assistance_mcp - DEBUG - Successfully upserted application record for 3afbf8b3-42f8-4aac-8176-afd7199d8712
2025-04-24 06:16:58,859 - user_assistance_mcp - DEBUG - Preparing to insert issue into application_issues table
2025-04-24 06:16:58,859 - user_assistance_mcp - DEBUG - Issue Insert data: {'user_id': 'fcbb6c29-b83f-448e-9a13-fe716f87c0af', 'application_id': '3afbf8b3-42f8-4aac-8176-afd7199d8712', 'company': 'Zammad', 'position': 'Senior Full Stack Developer', 'issue_type': 'technical_barrier', 'issue_details': 'Failed to navigate to apply page due to element being detached on RemoteOK.', 'status': 'pending', 'created_at': '2025-04-24T06:16:58.859924'}
2025-04-24 06:16:58,859 - user_assistance_mcp - DEBUG - Executing supabase insert for application_issues
2025-04-24 06:16:58,860 - httpcore.http2 - DEBUG - send_request_headers.started request=<Request [b'POST']> stream_id=3
2025-04-24 06:16:58,861 - hpack.hpack - DEBUG - Adding (b':method', b'POST') to the header table, sensitive:False, huffman:True
2025-04-24 06:16:58,861 - hpack.hpack - DEBUG - Encoding 3 with 7 bits
2025-04-24 06:16:58,861 - hpack.hpack - DEBUG - Adding (b':authority', b'ovuygqfkpifktcgslqvi.supabase.co') to the header table, sensitive:False, huffman:True
2025-04-24 06:16:58,861 - hpack.hpack - DEBUG - Encoding 73 with 7 bits
2025-04-24 06:16:58,861 - hpack.hpack - DEBUG - Adding (b':scheme', b'https') to the header table, sensitive:False, huffman:True
2025-04-24 06:16:58,861 - hpack.hpack - DEBUG - Encoding 7 with 7 bits
2025-04-24 06:16:58,861 - hpack.hpack - DEBUG - Adding (b':path', b'/rest/v1/application_issues') to the header table, sensitive:False, huffman:True
2025-04-24 06:16:58,861 - hpack.hpack - DEBUG - Encoding 4 with 6 bits
2025-04-24 06:16:58,861 - hpack.hpack - DEBUG - Encoding 19 with 7 bits
2025-04-24 06:16:58,861 - hpack.hpack - DEBUG - Adding (b'accept', b'*/*') to the header table, sensitive:False, huffman:True
2025-04-24 06:16:58,861 - hpack.hpack - DEBUG - Encoding 72 with 7 bits
2025-04-24 06:16:58,861 - hpack.hpack - DEBUG - Adding (b'accept-encoding', b'gzip, deflate, zstd') to the header table, sensitive:False, huffman:True
2025-04-24 06:16:58,861 - hpack.hpack - DEBUG - Encoding 71 with 7 bits
2025-04-24 06:16:58,861 - hpack.hpack - DEBUG - Adding (b'user-agent', b'python-httpx/0.28.1') to the header table, sensitive:False, huffman:True
2025-04-24 06:16:58,861 - hpack.hpack - DEBUG - Encoding 70 with 7 bits
2025-04-24 06:16:58,861 - hpack.hpack - DEBUG - Adding (b'x-client-info', b'supabase-py/2.15.0') to the header table, sensitive:False, huffman:True
2025-04-24 06:16:58,861 - hpack.hpack - DEBUG - Encoding 69 with 7 bits
2025-04-24 06:16:58,861 - hpack.hpack - DEBUG - Adding (b'apikey', b'eyJhbGciOiJIUzI1NiIsInR5cCI6IkpXVCJ9.eyJpc3MiOiJzdXBhYmFzZSIsInJlZiI6Im92dXlncWZrcGlma3RjZ3NscXZpIiwicm9sZSI6ImFub24iLCJpYXQiOjE3NDQ4NDYxOTQsImV4cCI6MjA2MDQyMjE5NH0.XM6UO8tT_eSaGotwzQrbaSI2ccDt3tPdKkWSA0BtEjE') to the header table, sensitive:False, huffman:True
2025-04-24 06:16:58,861 - hpack.hpack - DEBUG - Encoding 68 with 7 bits
2025-04-24 06:16:58,861 - hpack.hpack - DEBUG - Adding (b'authorization', b'Bearer eyJhbGciOiJIUzI1NiIsImtpZCI6InBoVlcwNEg1OXFSWUJmMmsiLCJ0eXAiOiJKV1QifQ.eyJpc3MiOiJodHRwczovL292dXlncWZrcGlma3RjZ3NscXZpLnN1cGFiYXNlLmNvL2F1dGgvdjEiLCJzdWIiOiJmY2JiNmMyOS1iODNmLTQ0OGUtOWExMy1mZTcxNmY4N2MwYWYiLCJhdWQiOiJhdXRoZW50aWNhdGVkIiwiZXhwIjoxNzQ1NDkzMzM2LCJpYXQiOjE3NDU0ODk3MzYsImVtYWlsIjoidGVzdEBnbWFpbC5jb20iLCJwaG9uZSI6IiIsImFwcF9tZXRhZGF0YSI6eyJwcm92aWRlciI6ImVtYWlsIiwicHJvdmlkZXJzIjpbImVtYWlsIl19LCJ1c2VyX21ldGFkYXRhIjp7ImVtYWlsX3ZlcmlmaWVkIjp0cnVlfSwicm9sZSI6ImF1dGhlbnRpY2F0ZWQiLCJhYWwiOiJhYWwxIiwiYW1yIjpbeyJtZXRob2QiOiJwYXNzd29yZCIsInRpbWVzdGFtcCI6MTc0NTQ4OTczNn1dLCJzZXNzaW9uX2lkIjoiZmY1MmRjYTQtNjg2OC00NGEyLWIwMzMtNGEyYmM1YWUxODkxIiwiaXNfYW5vbnltb3VzIjpmYWxzZX0.2avt9q-bOhnWuQwEwmaSbaMiIhRG3I6heh7Vp6vcUVw') to the header table, sensitive:True, huffman:True
2025-04-24 06:16:58,861 - hpack.hpack - DEBUG - Encoding 23 with 4 bits
2025-04-24 06:16:58,861 - hpack.hpack - DEBUG - Encoding 584 with 7 bits
2025-04-24 06:16:58,861 - hpack.hpack - DEBUG - Adding (b'accept-profile', b'public') to the header table, sensitive:False, huffman:True
2025-04-24 06:16:58,861 - hpack.hpack - DEBUG - Encoding 67 with 7 bits
2025-04-24 06:16:58,861 - hpack.hpack - DEBUG - Adding (b'content-profile', b'public') to the header table, sensitive:False, huffman:True
2025-04-24 06:16:58,861 - hpack.hpack - DEBUG - Encoding 66 with 7 bits
2025-04-24 06:16:58,861 - hpack.hpack - DEBUG - Adding (b'prefer', b'return=representation') to the header table, sensitive:False, huffman:True
2025-04-24 06:16:58,861 - hpack.hpack - DEBUG - Encoding 65 with 6 bits
2025-04-24 06:16:58,861 - hpack.hpack - DEBUG - Encoding 15 with 7 bits
2025-04-24 06:16:58,861 - hpack.hpack - DEBUG - Adding (b'content-length', b'354') to the header table, sensitive:False, huffman:True
2025-04-24 06:16:58,861 - hpack.hpack - DEBUG - Encoding 28 with 6 bits
2025-04-24 06:16:58,861 - hpack.hpack - DEBUG - Encoding 3 with 7 bits
2025-04-24 06:16:58,861 - hpack.hpack - DEBUG - Adding (b'content-type', b'application/json') to the header table, sensitive:False, huffman:True
2025-04-24 06:16:58,861 - hpack.hpack - DEBUG - Encoding 65 with 7 bits
2025-04-24 06:16:58,861 - hpack.hpack - DEBUG - Encoded header block to b'\x83\xc9\x87D\x93b\xc2\xa1,w\x0b\x03\xae\xba\x0cA\xa4\xc7\xaa#!\x16\x95\x1f\xc8\xc7\xc6\xc5\xc4\x1f\x08\xff\xc9\x03\xbaQ\xd8[\x14/\xac\xb3\xc7\x88\x86\xd4l\xb98{\xc8\x1d&\xc8\x8c\x94\xa6\xbf\xdb\xd9\x1c\xc9U\xd3\xf1\xa0\x9e4\xe0\x98:\xbf0\xee\xe5\xc3-:)A\xb3\xde\xca\x02\xfeBmF\xcb\x9b\x88v\x1a]\x8b\x97\xd6Z\xc8\xce\x83j6S\xc9\x8fo\x82{?|\xe2|R~QQ9~\xd8LTR6v\xf4\xfdgJ\t\xf9\xfb^z\xb4\x84\x98\xb0\x9b\x9f\xe6\x9a3\xd3\xa7\xbeqa\x0c\x98\xa6\xef\'L\x06\xcf{/\xb99d6\xa3e\xa7\x98\xb2\x9bM:=j\xdc\x13j\xbf\xa6\x9c\xfb\xf6\x03V.\t\xd5\xcb\x07\x9d\x1e\x83O\xee\xf2y\xd3O6\xb4\x8bG\x8e|\xb9\x9b=\xec\xb3\xc9\xcba\xb5\x1b,\xf2~m?\xef&\xc0>Zg\x93\x17\x1e\xb9\r\xe0\xdf\xbf\x93\xf8\xc9\xd0\xfet\xfb\xd8\x1d7\xfa\xfb\xd1\xef@\xb3\xde\xcb_?\xcd\x86\xd5\xd3\x03:o\xf0\x06\xab\xfdY\xd1\xef\x9a2S\xc5<\xf9P\x8c\x9d\x0ei1q\xf7&\x0b\xb5G\xcb\rq\xdeo\xa4b\x01\xb3\xde\xcb\xe0x\x9f\xb7\xf7vG2\x1b"2S\x87\xc10\xbe\x9f\xdf\xcd\xb3\xfe\xe2\xc2\x0e{\xb28_Y|\x12\x97\xc4>[h!\xb29\x92\x9e)\xe7\xca\x84d7\x83\x13\x1e^\xf2SG_\xdf\xcc\xbe\xf2t\xae<\x94\xf1O>T#%\x01\x7f=\xec\xa1 \xb8\xfa\xfc\x10h\x93\x16\x1e\xbc\xff6\xcf\x93\xa5n\xe4\xa7\x8ay\xf2\xa1\x1f\x8c\xfe\xd0Jh\xa4|\xb8\xf5\xc9\xd2\xb0\x12\xae4K\xbb\xc1\x89K\xe8\xfd\xdd\x91\xcc\x94\xe1\x0c\x98\xa7\xa2:\xb6\xd7\xccXA\xfb\xcba\xb3\xde\xcb?>^\r\xa8\xd9g\xe7\xcb\xc7\x9c\x86\xf0n|\x83\xeb\'J\xe3/\xac\xa9\xfd\xfc\xdax\xc5\xb0\xda\x8d\x97\xc7?\xcd>\xe4\x13\xfe\xbfodFJ\xb6\xd7\x1f.>\xe4\xc5\x85$\xbd\x91\xcd\x1b\xc8\r;\xf65\xaby=\xe9\xa82g\xbd\x97\xdf\xef\xe6\x9fc\xe4\xfd\xbf\x82\xa3\xaeN\x877\xed<\xc3\xa2\x9d\xbd9\xef\xd8\x9d=&\x16\xab\xc0\x06\x9cX=g\xe5\x93\xc6\x8fz\x13\xa7\x16\x0f\\\xe9\xd0\x1e|\xb8y\xd5\x7f\xaf\x9c\x86\xf0a\xfei\x97\x9f&\xfb\xc7U\t\x8d\x9e>\xf2t\xae\x9e|\xbc\xfb\xfd\xfc\x02\xe2\x1ft\xbf\xd9h\xf5OW+vx\xc1\xe2\x91\xee\x8cz\r\x92}\xb8\x99\xc8\xe4\xe5\x9d\xde5\xb9\xdc\x9c8\xf8\xc3\xc2\x7f\x02\x8f\xb0\xa9\xb6\xca\xa0\xb0\xb5\xd8T\x16\xa4\x8d&=_\\\x83e\xb6\xbf\xc1'
2025-04-24 06:16:58,862 - httpcore.http2 - DEBUG - send_request_headers.complete
2025-04-24 06:16:58,862 - httpcore.http2 - DEBUG - send_request_body.started request=<Request [b'POST']> stream_id=3
2025-04-24 06:16:58,862 - httpcore.http2 - DEBUG - send_request_body.complete
2025-04-24 06:16:58,862 - httpcore.http2 - DEBUG - receive_response_headers.started request=<Request [b'POST']> stream_id=3
2025-04-24 06:16:58,994 - hpack.hpack - DEBUG - Decoding b'\xcf\xce\xcd\xcc\x7f\x0c\x8f}\x96\xda\x91\xf1<X\xdcpc\x94+s\xe7\xfb\xcb\xca\xc9\xc8\xc7\x7f\x07\x8f\xb0\xa9\xb6\xca\xa0\xb0\xb5\xd8T\x16\xa4\x8d&=_\xc6\xc5\xc4\xc3\x7f\x03\x0212\xc2\xc1'
2025-04-24 06:16:58,994 - hpack.hpack - DEBUG - Decoded 79, consumed 1 bytes
2025-04-24 06:16:58,994 - hpack.hpack - DEBUG - Decoded (b':status', b'201'), consumed 1
2025-04-24 06:16:58,994 - hpack.hpack - DEBUG - Decoded 78, consumed 1 bytes
2025-04-24 06:16:58,994 - hpack.hpack - DEBUG - Decoded (b'date', b'Thu, 24 Apr 2025 10:16:59 GMT'), consumed 1
2025-04-24 06:16:58,994 - hpack.hpack - DEBUG - Decoded 77, consumed 1 bytes
2025-04-24 06:16:58,994 - hpack.hpack - DEBUG - Decoded (b'content-type', b'application/json; charset=utf-8'), consumed 1
2025-04-24 06:16:58,994 - hpack.hpack - DEBUG - Decoded 76, consumed 1 bytes
2025-04-24 06:16:58,994 - hpack.hpack - DEBUG - Decoded (b'content-range', <memory at 0x105644100>), consumed 1
2025-04-24 06:16:58,994 - hpack.hpack - DEBUG - Decoded 75, consumed 2 bytes
2025-04-24 06:16:58,994 - hpack.hpack - DEBUG - Decoded 15, consumed 1 bytes
2025-04-24 06:16:58,994 - hpack.hpack - DEBUG - Decoded (b'cf-ray', b'9354d928eb66aaf1-YYZ'), total consumed 18 bytes, indexed True
2025-04-24 06:16:58,994 - hpack.hpack - DEBUG - Decoded 75, consumed 1 bytes
2025-04-24 06:16:58,994 - hpack.hpack - DEBUG - Decoded (b'cf-cache-status', b'DYNAMIC'), consumed 1
2025-04-24 06:16:58,994 - hpack.hpack - DEBUG - Decoded 74, consumed 1 bytes
2025-04-24 06:16:58,994 - hpack.hpack - DEBUG - Decoded (b'content-encoding', b'gzip'), consumed 1
2025-04-24 06:16:58,994 - hpack.hpack - DEBUG - Decoded 73, consumed 1 bytes
2025-04-24 06:16:58,994 - hpack.hpack - DEBUG - Decoded (b'strict-transport-security', b'max-age=31536000; includeSubDomains; preload'), consumed 1
2025-04-24 06:16:58,994 - hpack.hpack - DEBUG - Decoded 72, consumed 1 bytes
2025-04-24 06:16:58,994 - hpack.hpack - DEBUG - Decoded (b'vary', b'Accept-Encoding'), consumed 1
2025-04-24 06:16:58,994 - hpack.hpack - DEBUG - Decoded 71, consumed 1 bytes
2025-04-24 06:16:58,994 - hpack.hpack - DEBUG - Decoded (b'content-profile', b'public'), consumed 1
2025-04-24 06:16:58,994 - hpack.hpack - DEBUG - Decoded 70, consumed 2 bytes
2025-04-24 06:16:58,994 - hpack.hpack - DEBUG - Decoded 15, consumed 1 bytes
2025-04-24 06:16:58,994 - hpack.hpack - DEBUG - Decoded (b'preference-applied', b'return=representation'), total consumed 18 bytes, indexed True
2025-04-24 06:16:58,994 - hpack.hpack - DEBUG - Decoded 70, consumed 1 bytes
2025-04-24 06:16:58,994 - hpack.hpack - DEBUG - Decoded (b'sb-gateway-version', <memory at 0x1056441c0>), consumed 1
2025-04-24 06:16:58,994 - hpack.hpack - DEBUG - Decoded 69, consumed 1 bytes
2025-04-24 06:16:58,994 - hpack.hpack - DEBUG - Decoded (b'sb-project-ref', b'ovuygqfkpifktcgslqvi'), consumed 1
2025-04-24 06:16:58,994 - hpack.hpack - DEBUG - Decoded 68, consumed 1 bytes
2025-04-24 06:16:58,994 - hpack.hpack - DEBUG - Decoded (b'x-content-type-options', b'nosniff'), consumed 1
2025-04-24 06:16:58,994 - hpack.hpack - DEBUG - Decoded 67, consumed 1 bytes
2025-04-24 06:16:58,994 - hpack.hpack - DEBUG - Decoded (b'x-envoy-attempt-count', <memory at 0x105644280>), consumed 1
2025-04-24 06:16:58,994 - hpack.hpack - DEBUG - Decoded 66, consumed 2 bytes
2025-04-24 06:16:58,994 - hpack.hpack - DEBUG - Decoded 2, consumed 1 bytes
2025-04-24 06:16:58,994 - hpack.hpack - DEBUG - Decoded (b'x-envoy-upstream-service-time', <memory at 0x105644580>), total consumed 5 bytes, indexed True
2025-04-24 06:16:58,994 - hpack.hpack - DEBUG - Decoded 66, consumed 1 bytes
2025-04-24 06:16:58,994 - hpack.hpack - DEBUG - Decoded (b'server', b'cloudflare'), consumed 1
2025-04-24 06:16:58,994 - hpack.hpack - DEBUG - Decoded 65, consumed 1 bytes
2025-04-24 06:16:58,994 - hpack.hpack - DEBUG - Decoded (b'alt-svc', b'h3=":443"; ma=86400'), consumed 1
2025-04-24 06:16:58,994 - httpcore.http2 - DEBUG - receive_response_headers.complete return_value=(201, [(b'date', b'Thu, 24 Apr 2025 10:16:59 GMT'), (b'content-type', b'application/json; charset=utf-8'), (b'content-range', b'*/*'), (b'cf-ray', b'9354d928eb66aaf1-YYZ'), (b'cf-cache-status', b'DYNAMIC'), (b'content-encoding', b'gzip'), (b'strict-transport-security', b'max-age=31536000; includeSubDomains; preload'), (b'vary', b'Accept-Encoding'), (b'content-profile', b'public'), (b'preference-applied', b'return=representation'), (b'sb-gateway-version', b'1'), (b'sb-project-ref', b'ovuygqfkpifktcgslqvi'), (b'x-content-type-options', b'nosniff'), (b'x-envoy-attempt-count', b'1'), (b'x-envoy-upstream-service-time', b'12'), (b'server', b'cloudflare'), (b'alt-svc', b'h3=":443"; ma=86400')])
2025-04-24 06:16:58,995 - httpx - INFO - HTTP Request: POST https://ovuygqfkpifktcgslqvi.supabase.co/rest/v1/application_issues "HTTP/2 201 Created"
2025-04-24 06:16:58,995 - httpcore.http2 - DEBUG - receive_response_body.started request=<Request [b'POST']> stream_id=3
2025-04-24 06:16:58,995 - httpcore.http2 - DEBUG - receive_response_body.complete
2025-04-24 06:16:58,995 - httpcore.http2 - DEBUG - response_closed.started stream_id=3
2025-04-24 06:16:58,995 - httpcore.http2 - DEBUG - response_closed.complete
2025-04-24 06:16:58,995 - user_assistance_mcp - DEBUG - Supabase application_issues response: data=[{'id': '40e6faa2-5905-4248-a0aa-cdcb103d41ed', 'user_id': 'fcbb6c29-b83f-448e-9a13-fe716f87c0af', 'application_id': '3afbf8b3-42f8-4aac-8176-afd7199d8712', 'company': 'Zammad', 'position': 'Senior Full Stack Developer', 'issue_type': 'technical_barrier', 'issue_details': 'Failed to navigate to apply page due to element being detached on RemoteOK.', 'status': 'pending', 'created_at': '2025-04-24T06:16:58.859924+00:00', 'resolved_at': None, 'resolution_note': None}] count=None
2025-04-24 06:16:58,995 - user_assistance_mcp - INFO - Issue logged successfully with ID: 40e6faa2-5905-4248-a0aa-cdcb103d41ed
2025-04-24 06:16:58,995 - mcp.server.lowlevel.server - DEBUG - Response sent
2025-04-24 06:16:58,996 - mcp.server.lowlevel.server - DEBUG - Received message: <mcp.shared.session.RequestResponder object at 0x105607770>
2025-04-24 06:16:58,996 - mcp.server.lowlevel.server - INFO - Processing request of type CallToolRequest
2025-04-24 06:16:58,996 - mcp.server.lowlevel.server - DEBUG - Dispatching request of type CallToolRequest
2025-04-24 06:16:58,996 - user_assistance_mcp - INFO - send_simple_notification called with title: Application Error - Zammad
2025-04-24 06:16:58,996 - user_assistance_mcp - INFO - send_application_notification called with: user_id=fcbb6c29-b83f-448e-9a13-fe716f87c0af, title=Application Error - Zammad, type=alert
2025-04-24 06:16:58,996 - user_assistance_mcp - INFO - Notification message: The application for Senior Full Stack Developer at Zammad could not be completed due to a technical issue (element being detached). Please review the issue at your convenience.
2025-04-24 06:16:58,996 - user_assistance_mcp - DEBUG - Preparing to insert notification into notifications table
2025-04-24 06:16:58,996 - user_assistance_mcp - DEBUG - Insert data: {'user_id': 'fcbb6c29-b83f-448e-9a13-fe716f87c0af', 'title': 'Application Error - Zammad', 'content': 'The application for Senior Full Stack Developer at Zammad could not be completed due to a technical issue (element being detached). Please review the issue at your convenience.', 'type': 'alert', 'read': False, 'created_at': '2025-04-24T06:16:58.996367'}
2025-04-24 06:16:58,996 - user_assistance_mcp - DEBUG - Executing supabase insert for notifications
2025-04-24 06:16:58,996 - httpcore.http2 - DEBUG - send_request_headers.started request=<Request [b'POST']> stream_id=5
2025-04-24 06:16:58,996 - hpack.hpack - DEBUG - Adding (b':method', b'POST') to the header table, sensitive:False, huffman:True
2025-04-24 06:16:58,996 - hpack.hpack - DEBUG - Encoding 3 with 7 bits
2025-04-24 06:16:58,996 - hpack.hpack - DEBUG - Adding (b':authority', b'ovuygqfkpifktcgslqvi.supabase.co') to the header table, sensitive:False, huffman:True
2025-04-24 06:16:58,996 - hpack.hpack - DEBUG - Encoding 76 with 7 bits
2025-04-24 06:16:58,996 - hpack.hpack - DEBUG - Adding (b':scheme', b'https') to the header table, sensitive:False, huffman:True
2025-04-24 06:16:58,996 - hpack.hpack - DEBUG - Encoding 7 with 7 bits
2025-04-24 06:16:58,996 - hpack.hpack - DEBUG - Adding (b':path', b'/rest/v1/notifications') to the header table, sensitive:False, huffman:True
2025-04-24 06:16:58,996 - hpack.hpack - DEBUG - Encoding 4 with 6 bits
2025-04-24 06:16:58,996 - hpack.hpack - DEBUG - Encoding 15 with 7 bits
2025-04-24 06:16:58,996 - hpack.hpack - DEBUG - Adding (b'accept', b'*/*') to the header table, sensitive:False, huffman:True
2025-04-24 06:16:58,996 - hpack.hpack - DEBUG - Encoding 75 with 7 bits
2025-04-24 06:16:58,996 - hpack.hpack - DEBUG - Adding (b'accept-encoding', b'gzip, deflate, zstd') to the header table, sensitive:False, huffman:True
2025-04-24 06:16:58,996 - hpack.hpack - DEBUG - Encoding 74 with 7 bits
2025-04-24 06:16:58,996 - hpack.hpack - DEBUG - Adding (b'user-agent', b'python-httpx/0.28.1') to the header table, sensitive:False, huffman:True
2025-04-24 06:16:58,996 - hpack.hpack - DEBUG - Encoding 73 with 7 bits
2025-04-24 06:16:58,996 - hpack.hpack - DEBUG - Adding (b'x-client-info', b'supabase-py/2.15.0') to the header table, sensitive:False, huffman:True
2025-04-24 06:16:58,996 - hpack.hpack - DEBUG - Encoding 72 with 7 bits
2025-04-24 06:16:58,996 - hpack.hpack - DEBUG - Adding (b'apikey', b'eyJhbGciOiJIUzI1NiIsInR5cCI6IkpXVCJ9.eyJpc3MiOiJzdXBhYmFzZSIsInJlZiI6Im92dXlncWZrcGlma3RjZ3NscXZpIiwicm9sZSI6ImFub24iLCJpYXQiOjE3NDQ4NDYxOTQsImV4cCI6MjA2MDQyMjE5NH0.XM6UO8tT_eSaGotwzQrbaSI2ccDt3tPdKkWSA0BtEjE') to the header table, sensitive:False, huffman:True
2025-04-24 06:16:58,996 - hpack.hpack - DEBUG - Encoding 71 with 7 bits
2025-04-24 06:16:58,996 - hpack.hpack - DEBUG - Adding (b'authorization', b'Bearer eyJhbGciOiJIUzI1NiIsImtpZCI6InBoVlcwNEg1OXFSWUJmMmsiLCJ0eXAiOiJKV1QifQ.eyJpc3MiOiJodHRwczovL292dXlncWZrcGlma3RjZ3NscXZpLnN1cGFiYXNlLmNvL2F1dGgvdjEiLCJzdWIiOiJmY2JiNmMyOS1iODNmLTQ0OGUtOWExMy1mZTcxNmY4N2MwYWYiLCJhdWQiOiJhdXRoZW50aWNhdGVkIiwiZXhwIjoxNzQ1NDkzMzM2LCJpYXQiOjE3NDU0ODk3MzYsImVtYWlsIjoidGVzdEBnbWFpbC5jb20iLCJwaG9uZSI6IiIsImFwcF9tZXRhZGF0YSI6eyJwcm92aWRlciI6ImVtYWlsIiwicHJvdmlkZXJzIjpbImVtYWlsIl19LCJ1c2VyX21ldGFkYXRhIjp7ImVtYWlsX3ZlcmlmaWVkIjp0cnVlfSwicm9sZSI6ImF1dGhlbnRpY2F0ZWQiLCJhYWwiOiJhYWwxIiwiYW1yIjpbeyJtZXRob2QiOiJwYXNzd29yZCIsInRpbWVzdGFtcCI6MTc0NTQ4OTczNn1dLCJzZXNzaW9uX2lkIjoiZmY1MmRjYTQtNjg2OC00NGEyLWIwMzMtNGEyYmM1YWUxODkxIiwiaXNfYW5vbnltb3VzIjpmYWxzZX0.2avt9q-bOhnWuQwEwmaSbaMiIhRG3I6heh7Vp6vcUVw') to the header table, sensitive:True, huffman:True
2025-04-24 06:16:58,996 - hpack.hpack - DEBUG - Encoding 23 with 4 bits
2025-04-24 06:16:58,997 - hpack.hpack - DEBUG - Encoding 584 with 7 bits
2025-04-24 06:16:58,997 - hpack.hpack - DEBUG - Adding (b'accept-profile', b'public') to the header table, sensitive:False, huffman:True
2025-04-24 06:16:58,997 - hpack.hpack - DEBUG - Encoding 70 with 7 bits
2025-04-24 06:16:58,997 - hpack.hpack - DEBUG - Adding (b'content-profile', b'public') to the header table, sensitive:False, huffman:True
2025-04-24 06:16:58,997 - hpack.hpack - DEBUG - Encoding 69 with 7 bits
2025-04-24 06:16:58,997 - hpack.hpack - DEBUG - Adding (b'prefer', b'return=representation') to the header table, sensitive:False, huffman:True
2025-04-24 06:16:58,997 - hpack.hpack - DEBUG - Encoding 64 with 7 bits
2025-04-24 06:16:58,997 - hpack.hpack - DEBUG - Adding (b'content-length', b'346') to the header table, sensitive:False, huffman:True
2025-04-24 06:16:58,997 - hpack.hpack - DEBUG - Encoding 28 with 6 bits
2025-04-24 06:16:58,997 - hpack.hpack - DEBUG - Encoding 3 with 7 bits
2025-04-24 06:16:58,997 - hpack.hpack - DEBUG - Adding (b'content-type', b'application/json') to the header table, sensitive:False, huffman:True
2025-04-24 06:16:58,997 - hpack.hpack - DEBUG - Encoding 67 with 7 bits
2025-04-24 06:16:58,997 - hpack.hpack - DEBUG - Encoded header block to b'\x83\xcc\x87D\x8fb\xc2\xa1,w\x0b\x15\x1d&\x94\xc4\x1aLz\x91\xcb\xca\xc9\xc8\xc7\x1f\x08\xff\xc9\x03\xbaQ\xd8[\x14/\xac\xb3\xc7\x88\x86\xd4l\xb98{\xc8\x1d&\xc8\x8c\x94\xa6\xbf\xdb\xd9\x1c\xc9U\xd3\xf1\xa0\x9e4\xe0\x98:\xbf0\xee\xe5\xc3-:)A\xb3\xde\xca\x02\xfeBmF\xcb\x9b\x88v\x1a]\x8b\x97\xd6Z\xc8\xce\x83j6S\xc9\x8fo\x82{?|\xe2|R~QQ9~\xd8LTR6v\xf4\xfdgJ\t\xf9\xfb^z\xb4\x84\x98\xb0\x9b\x9f\xe6\x9a3\xd3\xa7\xbeqa\x0c\x98\xa6\xef\'L\x06\xcf{/\xb99d6\xa3e\xa7\x98\xb2\x9bM:=j\xdc\x13j\xbf\xa6\x9c\xfb\xf6\x03V.\t\xd5\xcb\x07\x9d\x1e\x83O\xee\xf2y\xd3O6\xb4\x8bG\x8e|\xb9\x9b=\xec\xb3\xc9\xcba\xb5\x1b,\xf2~m?\xef&\xc0>Zg\x93\x17\x1e\xb9\r\xe0\xdf\xbf\x93\xf8\xc9\xd0\xfet\xfb\xd8\x1d7\xfa\xfb\xd1\xef@\xb3\xde\xcb_?\xcd\x86\xd5\xd3\x03:o\xf0\x06\xab\xfdY\xd1\xef\x9a2S\xc5<\xf9P\x8c\x9d\x0ei1q\xf7&\x0b\xb5G\xcb\rq\xdeo\xa4b\x01\xb3\xde\xcb\xe0x\x9f\xb7\xf7vG2\x1b"2S\x87\xc10\xbe\x9f\xdf\xcd\xb3\xfe\xe2\xc2\x0e{\xb28_Y|\x12\x97\xc4>[h!\xb29\x92\x9e)\xe7\xca\x84d7\x83\x13\x1e^\xf2SG_\xdf\xcc\xbe\xf2t\xae<\x94\xf1O>T#%\x01\x7f=\xec\xa1 \xb8\xfa\xfc\x10h\x93\x16\x1e\xbc\xff6\xcf\x93\xa5n\xe4\xa7\x8ay\xf2\xa1\x1f\x8c\xfe\xd0Jh\xa4|\xb8\xf5\xc9\xd2\xb0\x12\xae4K\xbb\xc1\x89K\xe8\xfd\xdd\x91\xcc\x94\xe1\x0c\x98\xa7\xa2:\xb6\xd7\xccXA\xfb\xcba\xb3\xde\xcb?>^\r\xa8\xd9g\xe7\xcb\xc7\x9c\x86\xf0n|\x83\xeb\'J\xe3/\xac\xa9\xfd\xfc\xdax\xc5\xb0\xda\x8d\x97\xc7?\xcd>\xe4\x13\xfe\xbfodFJ\xb6\xd7\x1f.>\xe4\xc5\x85$\xbd\x91\xcd\x1b\xc8\r;\xf65\xaby=\xe9\xa82g\xbd\x97\xdf\xef\xe6\x9fc\xe4\xfd\xbf\x82\xa3\xaeN\x877\xed<\xc3\xa2\x9d\xbd9\xef\xd8\x9d=&\x16\xab\xc0\x06\x9cX=g\xe5\x93\xc6\x8fz\x13\xa7\x16\x0f\\\xe9\xd0\x1e|\xb8y\xd5\x7f\xaf\x9c\x86\xf0a\xfei\x97\x9f&\xfb\xc7U\t\x8d\x9e>\xf2t\xae\x9e|\xbc\xfb\xfd\xfc\x02\xe2\x1ft\xbf\xd9h\xf5OW+vx\xc1\xe2\x91\xee\x8cz\r\x92}\xb8\x99\xc8\xe4\xe5\x9d\xde5\xb9\xdc\x9c8\xf8\xc6\xc5\xc0\\\x83e\xa7?\xc3'
2025-04-24 06:16:58,997 - httpcore.http2 - DEBUG - send_request_headers.complete
2025-04-24 06:16:58,997 - httpcore.http2 - DEBUG - send_request_body.started request=<Request [b'POST']> stream_id=5
2025-04-24 06:16:58,997 - httpcore.http2 - DEBUG - send_request_body.complete
2025-04-24 06:16:58,997 - httpcore.http2 - DEBUG - receive_response_headers.started request=<Request [b'POST']> stream_id=5
2025-04-24 06:16:59,059 - hpack.hpack - DEBUG - Decoding b'\xd2\xd1\xd0\xcf\x7f\x0f\x8f}\x96\xda\x91\xf1?\x19\x00\xd8\xc7(V\xe7\xcf\xf7\xce\xcd\xcc\xcb\xca\xc0\xc8\xc7\xc6\xc5\xc4\xc3\xc2'
2025-04-24 06:16:59,059 - hpack.hpack - DEBUG - Decoded 82, consumed 1 bytes
2025-04-24 06:16:59,059 - hpack.hpack - DEBUG - Decoded (b':status', b'201'), consumed 1
2025-04-24 06:16:59,059 - hpack.hpack - DEBUG - Decoded 81, consumed 1 bytes
2025-04-24 06:16:59,059 - hpack.hpack - DEBUG - Decoded (b'date', b'Thu, 24 Apr 2025 10:16:59 GMT'), consumed 1
2025-04-24 06:16:59,059 - hpack.hpack - DEBUG - Decoded 80, consumed 1 bytes
2025-04-24 06:16:59,059 - hpack.hpack - DEBUG - Decoded (b'content-type', b'application/json; charset=utf-8'), consumed 1
2025-04-24 06:16:59,059 - hpack.hpack - DEBUG - Decoded 79, consumed 1 bytes
2025-04-24 06:16:59,059 - hpack.hpack - DEBUG - Decoded (b'content-range', <memory at 0x105644100>), consumed 1
2025-04-24 06:16:59,059 - hpack.hpack - DEBUG - Decoded 78, consumed 2 bytes
2025-04-24 06:16:59,059 - hpack.hpack - DEBUG - Decoded 15, consumed 1 bytes
2025-04-24 06:16:59,059 - hpack.hpack - DEBUG - Decoded (b'cf-ray', b'9354d929bc05aaf1-YYZ'), total consumed 18 bytes, indexed True
2025-04-24 06:16:59,059 - hpack.hpack - DEBUG - Decoded 78, consumed 1 bytes
2025-04-24 06:16:59,059 - hpack.hpack - DEBUG - Decoded (b'cf-cache-status', b'DYNAMIC'), consumed 1
2025-04-24 06:16:59,059 - hpack.hpack - DEBUG - Decoded 77, consumed 1 bytes
2025-04-24 06:16:59,059 - hpack.hpack - DEBUG - Decoded (b'content-encoding', b'gzip'), consumed 1
2025-04-24 06:16:59,059 - hpack.hpack - DEBUG - Decoded 76, consumed 1 bytes
2025-04-24 06:16:59,059 - hpack.hpack - DEBUG - Decoded (b'strict-transport-security', b'max-age=31536000; includeSubDomains; preload'), consumed 1
2025-04-24 06:16:59,059 - hpack.hpack - DEBUG - Decoded 75, consumed 1 bytes
2025-04-24 06:16:59,059 - hpack.hpack - DEBUG - Decoded (b'vary', b'Accept-Encoding'), consumed 1
2025-04-24 06:16:59,059 - hpack.hpack - DEBUG - Decoded 74, consumed 1 bytes
2025-04-24 06:16:59,059 - hpack.hpack - DEBUG - Decoded (b'content-profile', b'public'), consumed 1
2025-04-24 06:16:59,059 - hpack.hpack - DEBUG - Decoded 64, consumed 1 bytes
2025-04-24 06:16:59,059 - hpack.hpack - DEBUG - Decoded (b'preference-applied', b'return=representation'), consumed 1
2025-04-24 06:16:59,059 - hpack.hpack - DEBUG - Decoded 72, consumed 1 bytes
2025-04-24 06:16:59,059 - hpack.hpack - DEBUG - Decoded (b'sb-gateway-version', <memory at 0x1056441c0>), consumed 1
2025-04-24 06:16:59,059 - hpack.hpack - DEBUG - Decoded 71, consumed 1 bytes
2025-04-24 06:16:59,059 - hpack.hpack - DEBUG - Decoded (b'sb-project-ref', b'ovuygqfkpifktcgslqvi'), consumed 1
2025-04-24 06:16:59,059 - hpack.hpack - DEBUG - Decoded 70, consumed 1 bytes
2025-04-24 06:16:59,059 - hpack.hpack - DEBUG - Decoded (b'x-content-type-options', b'nosniff'), consumed 1
2025-04-24 06:16:59,059 - hpack.hpack - DEBUG - Decoded 69, consumed 1 bytes
2025-04-24 06:16:59,059 - hpack.hpack - DEBUG - Decoded (b'x-envoy-attempt-count', <memory at 0x105644280>), consumed 1
2025-04-24 06:16:59,059 - hpack.hpack - DEBUG - Decoded 68, consumed 1 bytes
2025-04-24 06:16:59,059 - hpack.hpack - DEBUG - Decoded (b'x-envoy-upstream-service-time', <memory at 0x105644340>), consumed 1
2025-04-24 06:16:59,059 - hpack.hpack - DEBUG - Decoded 67, consumed 1 bytes
2025-04-24 06:16:59,059 - hpack.hpack - DEBUG - Decoded (b'server', b'cloudflare'), consumed 1
2025-04-24 06:16:59,059 - hpack.hpack - DEBUG - Decoded 66, consumed 1 bytes
2025-04-24 06:16:59,059 - hpack.hpack - DEBUG - Decoded (b'alt-svc', b'h3=":443"; ma=86400'), consumed 1
2025-04-24 06:16:59,060 - httpcore.http2 - DEBUG - receive_response_headers.complete return_value=(201, [(b'date', b'Thu, 24 Apr 2025 10:16:59 GMT'), (b'content-type', b'application/json; charset=utf-8'), (b'content-range', b'*/*'), (b'cf-ray', b'9354d929bc05aaf1-YYZ'), (b'cf-cache-status', b'DYNAMIC'), (b'content-encoding', b'gzip'), (b'strict-transport-security', b'max-age=31536000; includeSubDomains; preload'), (b'vary', b'Accept-Encoding'), (b'content-profile', b'public'), (b'preference-applied', b'return=representation'), (b'sb-gateway-version', b'1'), (b'sb-project-ref', b'ovuygqfkpifktcgslqvi'), (b'x-content-type-options', b'nosniff'), (b'x-envoy-attempt-count', b'1'), (b'x-envoy-upstream-service-time', b'10'), (b'server', b'cloudflare'), (b'alt-svc', b'h3=":443"; ma=86400')])
2025-04-24 06:16:59,060 - httpx - INFO - HTTP Request: POST https://ovuygqfkpifktcgslqvi.supabase.co/rest/v1/notifications "HTTP/2 201 Created"
2025-04-24 06:16:59,060 - httpcore.http2 - DEBUG - receive_response_body.started request=<Request [b'POST']> stream_id=5
2025-04-24 06:16:59,060 - httpcore.http2 - DEBUG - receive_response_body.complete
2025-04-24 06:16:59,060 - httpcore.http2 - DEBUG - response_closed.started stream_id=5
2025-04-24 06:16:59,060 - httpcore.http2 - DEBUG - response_closed.complete
2025-04-24 06:16:59,060 - user_assistance_mcp - DEBUG - Supabase notifications response: data=[{'id': '319a12bc-3575-4402-8e36-1524e30288f3', 'user_id': 'fcbb6c29-b83f-448e-9a13-fe716f87c0af', 'title': 'Application Error - Zammad', 'content': 'The application for Senior Full Stack Developer at Zammad could not be completed due to a technical issue (element being detached). Please review the issue at your convenience.', 'type': 'alert', 'read': False, 'created_at': '2025-04-24T06:16:58.996367+00:00', 'reference_id': None, 'reference_type': None}] count=None
2025-04-24 06:16:59,060 - user_assistance_mcp - INFO - Notification sent successfully
2025-04-24 06:16:59,061 - mcp.server.lowlevel.server - DEBUG - Response sent
2025-04-24 06:17:02,210 - mcp.server.lowlevel.server - DEBUG - Received message: <mcp.shared.session.RequestResponder object at 0x105606a50>
2025-04-24 06:17:02,210 - mcp.server.lowlevel.server - INFO - Processing request of type ListToolsRequest
2025-04-24 06:17:02,210 - mcp.server.lowlevel.server - DEBUG - Dispatching request of type ListToolsRequest
2025-04-24 06:17:02,211 - mcp.server.lowlevel.server - DEBUG - Response sent
2025-04-24 06:17:04,014 - mcp.server.lowlevel.server - DEBUG - Received message: <mcp.shared.session.RequestResponder object at 0x104e06fc0>
2025-04-24 06:17:04,015 - mcp.server.lowlevel.server - INFO - Processing request of type CallToolRequest
2025-04-24 06:17:04,015 - mcp.server.lowlevel.server - DEBUG - Dispatching request of type CallToolRequest
2025-04-24 06:17:04,015 - user_assistance_mcp - INFO - log_simple_issue called for Senior Fullstack Engineer at MoonPay
2025-04-24 06:17:04,015 - user_assistance_mcp - INFO - Generated application_id: cb99a271-218f-4591-9790-639b104aa135
2025-04-24 06:17:04,015 - user_assistance_mcp - INFO - log_application_issue called with: user_id=fcbb6c29-b83f-448e-9a13-fe716f87c0af, application_id=cb99a271-218f-4591-9790-639b104aa135, company=MoonPay, position=Senior Fullstack Engineer, issue_type=technical_barrier
2025-04-24 06:17:04,015 - user_assistance_mcp - INFO - Issue details: Encountered CAPTCHA verification, unable to proceed with the application on RemoteOK.
2025-04-24 06:17:04,015 - user_assistance_mcp - DEBUG - Upserting basic application record for application_id: cb99a271-218f-4591-9790-639b104aa135
2025-04-24 06:17:04,016 - httpcore.http2 - DEBUG - send_request_headers.started request=<Request [b'POST']> stream_id=7
2025-04-24 06:17:04,016 - hpack.hpack - DEBUG - Adding (b':method', b'POST') to the header table, sensitive:False, huffman:True
2025-04-24 06:17:04,016 - hpack.hpack - DEBUG - Encoding 3 with 7 bits
2025-04-24 06:17:04,016 - hpack.hpack - DEBUG - Adding (b':authority', b'ovuygqfkpifktcgslqvi.supabase.co') to the header table, sensitive:False, huffman:True
2025-04-24 06:17:04,016 - hpack.hpack - DEBUG - Encoding 78 with 7 bits
2025-04-24 06:17:04,016 - hpack.hpack - DEBUG - Adding (b':scheme', b'https') to the header table, sensitive:False, huffman:True
2025-04-24 06:17:04,017 - hpack.hpack - DEBUG - Encoding 7 with 7 bits
2025-04-24 06:17:04,017 - hpack.hpack - DEBUG - Adding (b':path', b'/rest/v1/applications') to the header table, sensitive:False, huffman:True
2025-04-24 06:17:04,017 - hpack.hpack - DEBUG - Encoding 77 with 7 bits
2025-04-24 06:17:04,017 - hpack.hpack - DEBUG - Adding (b'accept', b'*/*') to the header table, sensitive:False, huffman:True
2025-04-24 06:17:04,017 - hpack.hpack - DEBUG - Encoding 76 with 7 bits
2025-04-24 06:17:04,017 - hpack.hpack - DEBUG - Adding (b'accept-encoding', b'gzip, deflate, zstd') to the header table, sensitive:False, huffman:True
2025-04-24 06:17:04,017 - hpack.hpack - DEBUG - Encoding 75 with 7 bits
2025-04-24 06:17:04,017 - hpack.hpack - DEBUG - Adding (b'user-agent', b'python-httpx/0.28.1') to the header table, sensitive:False, huffman:True
2025-04-24 06:17:04,017 - hpack.hpack - DEBUG - Encoding 74 with 7 bits
2025-04-24 06:17:04,017 - hpack.hpack - DEBUG - Adding (b'x-client-info', b'supabase-py/2.15.0') to the header table, sensitive:False, huffman:True
2025-04-24 06:17:04,017 - hpack.hpack - DEBUG - Encoding 73 with 7 bits
2025-04-24 06:17:04,017 - hpack.hpack - DEBUG - Adding (b'apikey', b'eyJhbGciOiJIUzI1NiIsInR5cCI6IkpXVCJ9.eyJpc3MiOiJzdXBhYmFzZSIsInJlZiI6Im92dXlncWZrcGlma3RjZ3NscXZpIiwicm9sZSI6ImFub24iLCJpYXQiOjE3NDQ4NDYxOTQsImV4cCI6MjA2MDQyMjE5NH0.XM6UO8tT_eSaGotwzQrbaSI2ccDt3tPdKkWSA0BtEjE') to the header table, sensitive:False, huffman:True
2025-04-24 06:17:04,017 - hpack.hpack - DEBUG - Encoding 72 with 7 bits
2025-04-24 06:17:04,017 - hpack.hpack - DEBUG - Adding (b'authorization', b'Bearer eyJhbGciOiJIUzI1NiIsImtpZCI6InBoVlcwNEg1OXFSWUJmMmsiLCJ0eXAiOiJKV1QifQ.eyJpc3MiOiJodHRwczovL292dXlncWZrcGlma3RjZ3NscXZpLnN1cGFiYXNlLmNvL2F1dGgvdjEiLCJzdWIiOiJmY2JiNmMyOS1iODNmLTQ0OGUtOWExMy1mZTcxNmY4N2MwYWYiLCJhdWQiOiJhdXRoZW50aWNhdGVkIiwiZXhwIjoxNzQ1NDkzMzM2LCJpYXQiOjE3NDU0ODk3MzYsImVtYWlsIjoidGVzdEBnbWFpbC5jb20iLCJwaG9uZSI6IiIsImFwcF9tZXRhZGF0YSI6eyJwcm92aWRlciI6ImVtYWlsIiwicHJvdmlkZXJzIjpbImVtYWlsIl19LCJ1c2VyX21ldGFkYXRhIjp7ImVtYWlsX3ZlcmlmaWVkIjp0cnVlfSwicm9sZSI6ImF1dGhlbnRpY2F0ZWQiLCJhYWwiOiJhYWwxIiwiYW1yIjpbeyJtZXRob2QiOiJwYXNzd29yZCIsInRpbWVzdGFtcCI6MTc0NTQ4OTczNn1dLCJzZXNzaW9uX2lkIjoiZmY1MmRjYTQtNjg2OC00NGEyLWIwMzMtNGEyYmM1YWUxODkxIiwiaXNfYW5vbnltb3VzIjpmYWxzZX0.2avt9q-bOhnWuQwEwmaSbaMiIhRG3I6heh7Vp6vcUVw') to the header table, sensitive:True, huffman:True
2025-04-24 06:17:04,017 - hpack.hpack - DEBUG - Encoding 23 with 4 bits
2025-04-24 06:17:04,018 - hpack.hpack - DEBUG - Encoding 584 with 7 bits
2025-04-24 06:17:04,018 - hpack.hpack - DEBUG - Adding (b'accept-profile', b'public') to the header table, sensitive:False, huffman:True
2025-04-24 06:17:04,018 - hpack.hpack - DEBUG - Encoding 71 with 7 bits
2025-04-24 06:17:04,018 - hpack.hpack - DEBUG - Adding (b'content-profile', b'public') to the header table, sensitive:False, huffman:True
2025-04-24 06:17:04,018 - hpack.hpack - DEBUG - Encoding 70 with 7 bits
2025-04-24 06:17:04,018 - hpack.hpack - DEBUG - Adding (b'prefer', b'return=representation,resolution=merge-duplicates') to the header table, sensitive:False, huffman:True
2025-04-24 06:17:04,018 - hpack.hpack - DEBUG - Encoding 69 with 7 bits
2025-04-24 06:17:04,018 - hpack.hpack - DEBUG - Adding (b'content-length', b'380') to the header table, sensitive:False, huffman:True
2025-04-24 06:17:04,018 - hpack.hpack - DEBUG - Encoding 28 with 6 bits
2025-04-24 06:17:04,018 - hpack.hpack - DEBUG - Encoding 3 with 7 bits
2025-04-24 06:17:04,018 - hpack.hpack - DEBUG - Adding (b'content-type', b'application/json') to the header table, sensitive:False, huffman:True
2025-04-24 06:17:04,018 - hpack.hpack - DEBUG - Encoding 68 with 7 bits
2025-04-24 06:17:04,018 - hpack.hpack - DEBUG - Encoded header block to b'\x83\xce\x87\xcd\xcc\xcb\xca\xc9\xc8\x1f\x08\xff\xc9\x03\xbaQ\xd8[\x14/\xac\xb3\xc7\x88\x86\xd4l\xb98{\xc8\x1d&\xc8\x8c\x94\xa6\xbf\xdb\xd9\x1c\xc9U\xd3\xf1\xa0\x9e4\xe0\x98:\xbf0\xee\xe5\xc3-:)A\xb3\xde\xca\x02\xfeBmF\xcb\x9b\x88v\x1a]\x8b\x97\xd6Z\xc8\xce\x83j6S\xc9\x8fo\x82{?|\xe2|R~QQ9~\xd8LTR6v\xf4\xfdgJ\t\xf9\xfb^z\xb4\x84\x98\xb0\x9b\x9f\xe6\x9a3\xd3\xa7\xbeqa\x0c\x98\xa6\xef\'L\x06\xcf{/\xb99d6\xa3e\xa7\x98\xb2\x9bM:=j\xdc\x13j\xbf\xa6\x9c\xfb\xf6\x03V.\t\xd5\xcb\x07\x9d\x1e\x83O\xee\xf2y\xd3O6\xb4\x8bG\x8e|\xb9\x9b=\xec\xb3\xc9\xcba\xb5\x1b,\xf2~m?\xef&\xc0>Zg\x93\x17\x1e\xb9\r\xe0\xdf\xbf\x93\xf8\xc9\xd0\xfet\xfb\xd8\x1d7\xfa\xfb\xd1\xef@\xb3\xde\xcb_?\xcd\x86\xd5\xd3\x03:o\xf0\x06\xab\xfdY\xd1\xef\x9a2S\xc5<\xf9P\x8c\x9d\x0ei1q\xf7&\x0b\xb5G\xcb\rq\xdeo\xa4b\x01\xb3\xde\xcb\xe0x\x9f\xb7\xf7vG2\x1b"2S\x87\xc10\xbe\x9f\xdf\xcd\xb3\xfe\xe2\xc2\x0e{\xb28_Y|\x12\x97\xc4>[h!\xb29\x92\x9e)\xe7\xca\x84d7\x83\x13\x1e^\xf2SG_\xdf\xcc\xbe\xf2t\xae<\x94\xf1O>T#%\x01\x7f=\xec\xa1 \xb8\xfa\xfc\x10h\x93\x16\x1e\xbc\xff6\xcf\x93\xa5n\xe4\xa7\x8ay\xf2\xa1\x1f\x8c\xfe\xd0Jh\xa4|\xb8\xf5\xc9\xd2\xb0\x12\xae4K\xbb\xc1\x89K\xe8\xfd\xdd\x91\xcc\x94\xe1\x0c\x98\xa7\xa2:\xb6\xd7\xccXA\xfb\xcba\xb3\xde\xcb?>^\r\xa8\xd9g\xe7\xcb\xc7\x9c\x86\xf0n|\x83\xeb\'J\xe3/\xac\xa9\xfd\xfc\xdax\xc5\xb0\xda\x8d\x97\xc7?\xcd>\xe4\x13\xfe\xbfodFJ\xb6\xd7\x1f.>\xe4\xc5\x85$\xbd\x91\xcd\x1b\xc8\r;\xf65\xaby=\xe9\xa82g\xbd\x97\xdf\xef\xe6\x9fc\xe4\xfd\xbf\x82\xa3\xaeN\x877\xed<\xc3\xa2\x9d\xbd9\xef\xd8\x9d=&\x16\xab\xc0\x06\x9cX=g\xe5\x93\xc6\x8fz\x13\xa7\x16\x0f\\\xe9\xd0\x1e|\xb8y\xd5\x7f\xaf\x9c\x86\xf0a\xfei\x97\x9f&\xfb\xc7U\t\x8d\x9e>\xf2t\xae\x9e|\xbc\xfb\xfd\xfc\x02\xe2\x1ft\xbf\xd9h\xf5OW+vx\xc1\xe2\x91\xee\x8cz\r\x92}\xb8\x99\xc8\xe4\xe5\x9d\xde5\xb9\xdc\x9c8\xf8\xc7\xc6\xc5\\\x83e\xe0\x7f\xc4'
2025-04-24 06:17:04,018 - httpcore.http2 - DEBUG - send_request_headers.complete
2025-04-24 06:17:04,019 - httpcore.http2 - DEBUG - send_request_body.started request=<Request [b'POST']> stream_id=7
2025-04-24 06:17:04,019 - httpcore.http2 - DEBUG - send_request_body.complete
2025-04-24 06:17:04,019 - httpcore.http2 - DEBUG - receive_response_headers.started request=<Request [b'POST']> stream_id=7
2025-04-24 06:17:04,088 - hpack.hpack - DEBUG - Decoding b'\xd3a\x96\xdf=\xbfJ\t\xa5!\xae\xc5\x04\x016\xa0Ap.\xdc\x03Jb\xd1\xbf\xd2\xd1\x7f\x11\x8f}\x96\xda\x91\xf6\x9f\x0b\xcc\x8cc\x94+s\xe7\xfb\xd0\xcf\xce\xcd\xcc\xcb\xca\xc9\xc8\xc7\xc1\xc5\xc4'
2025-04-24 06:17:04,088 - hpack.hpack - DEBUG - Decoded 83, consumed 1 bytes
2025-04-24 06:17:04,088 - hpack.hpack - DEBUG - Decoded (b':status', b'201'), consumed 1
2025-04-24 06:17:04,088 - hpack.hpack - DEBUG - Decoded 33, consumed 1 bytes
2025-04-24 06:17:04,089 - hpack.hpack - DEBUG - Decoded 22, consumed 1 bytes
2025-04-24 06:17:04,089 - hpack.hpack - DEBUG - Decoded (b'date', b'Thu, 24 Apr 2025 10:17:04 GMT'), total consumed 24 bytes, indexed True
2025-04-24 06:17:04,089 - hpack.hpack - DEBUG - Decoded 82, consumed 1 bytes
2025-04-24 06:17:04,089 - hpack.hpack - DEBUG - Decoded (b'content-type', b'application/json; charset=utf-8'), consumed 1
2025-04-24 06:17:04,089 - hpack.hpack - DEBUG - Decoded 81, consumed 1 bytes
2025-04-24 06:17:04,089 - hpack.hpack - DEBUG - Decoded (b'content-range', <memory at 0x105644100>), consumed 1
2025-04-24 06:17:04,089 - hpack.hpack - DEBUG - Decoded 80, consumed 2 bytes
2025-04-24 06:17:04,089 - hpack.hpack - DEBUG - Decoded 15, consumed 1 bytes
2025-04-24 06:17:04,089 - hpack.hpack - DEBUG - Decoded (b'cf-ray', b'9354d949183aaaf1-YYZ'), total consumed 18 bytes, indexed True
2025-04-24 06:17:04,089 - hpack.hpack - DEBUG - Decoded 80, consumed 1 bytes
2025-04-24 06:17:04,089 - hpack.hpack - DEBUG - Decoded (b'cf-cache-status', b'DYNAMIC'), consumed 1
2025-04-24 06:17:04,089 - hpack.hpack - DEBUG - Decoded 79, consumed 1 bytes
2025-04-24 06:17:04,089 - hpack.hpack - DEBUG - Decoded (b'content-encoding', b'gzip'), consumed 1
2025-04-24 06:17:04,089 - hpack.hpack - DEBUG - Decoded 78, consumed 1 bytes
2025-04-24 06:17:04,089 - hpack.hpack - DEBUG - Decoded (b'strict-transport-security', b'max-age=31536000; includeSubDomains; preload'), consumed 1
2025-04-24 06:17:04,089 - hpack.hpack - DEBUG - Decoded 77, consumed 1 bytes
2025-04-24 06:17:04,089 - hpack.hpack - DEBUG - Decoded (b'vary', b'Accept-Encoding'), consumed 1
2025-04-24 06:17:04,089 - hpack.hpack - DEBUG - Decoded 76, consumed 1 bytes
2025-04-24 06:17:04,089 - hpack.hpack - DEBUG - Decoded (b'content-profile', b'public'), consumed 1
2025-04-24 06:17:04,089 - hpack.hpack - DEBUG - Decoded 75, consumed 1 bytes
2025-04-24 06:17:04,089 - hpack.hpack - DEBUG - Decoded (b'preference-applied', b'resolution=merge-duplicates, return=representation'), consumed 1
2025-04-24 06:17:04,090 - hpack.hpack - DEBUG - Decoded 74, consumed 1 bytes
2025-04-24 06:17:04,090 - hpack.hpack - DEBUG - Decoded (b'sb-gateway-version', <memory at 0x1056441c0>), consumed 1
2025-04-24 06:17:04,090 - hpack.hpack - DEBUG - Decoded 73, consumed 1 bytes
2025-04-24 06:17:04,090 - hpack.hpack - DEBUG - Decoded (b'sb-project-ref', b'ovuygqfkpifktcgslqvi'), consumed 1
2025-04-24 06:17:04,090 - hpack.hpack - DEBUG - Decoded 72, consumed 1 bytes
2025-04-24 06:17:04,090 - hpack.hpack - DEBUG - Decoded (b'x-content-type-options', b'nosniff'), consumed 1
2025-04-24 06:17:04,090 - hpack.hpack - DEBUG - Decoded 71, consumed 1 bytes
2025-04-24 06:17:04,090 - hpack.hpack - DEBUG - Decoded (b'x-envoy-attempt-count', <memory at 0x105644280>), consumed 1
2025-04-24 06:17:04,090 - hpack.hpack - DEBUG - Decoded 65, consumed 1 bytes
2025-04-24 06:17:04,090 - hpack.hpack - DEBUG - Decoded (b'x-envoy-upstream-service-time', <memory at 0x105644580>), consumed 1
2025-04-24 06:17:04,090 - hpack.hpack - DEBUG - Decoded 69, consumed 1 bytes
2025-04-24 06:17:04,090 - hpack.hpack - DEBUG - Decoded (b'server', b'cloudflare'), consumed 1
2025-04-24 06:17:04,090 - hpack.hpack - DEBUG - Decoded 68, consumed 1 bytes
2025-04-24 06:17:04,090 - hpack.hpack - DEBUG - Decoded (b'alt-svc', b'h3=":443"; ma=86400'), consumed 1
2025-04-24 06:17:04,090 - httpcore.http2 - DEBUG - receive_response_headers.complete return_value=(201, [(b'date', b'Thu, 24 Apr 2025 10:17:04 GMT'), (b'content-type', b'application/json; charset=utf-8'), (b'content-range', b'*/*'), (b'cf-ray', b'9354d949183aaaf1-YYZ'), (b'cf-cache-status', b'DYNAMIC'), (b'content-encoding', b'gzip'), (b'strict-transport-security', b'max-age=31536000; includeSubDomains; preload'), (b'vary', b'Accept-Encoding'), (b'content-profile', b'public'), (b'preference-applied', b'resolution=merge-duplicates, return=representation'), (b'sb-gateway-version', b'1'), (b'sb-project-ref', b'ovuygqfkpifktcgslqvi'), (b'x-content-type-options', b'nosniff'), (b'x-envoy-attempt-count', b'1'), (b'x-envoy-upstream-service-time', b'12'), (b'server', b'cloudflare'), (b'alt-svc', b'h3=":443"; ma=86400')])
2025-04-24 06:17:04,091 - httpx - INFO - HTTP Request: POST https://ovuygqfkpifktcgslqvi.supabase.co/rest/v1/applications "HTTP/2 201 Created"
2025-04-24 06:17:04,091 - httpcore.http2 - DEBUG - receive_response_body.started request=<Request [b'POST']> stream_id=7
2025-04-24 06:17:04,091 - httpcore.http2 - DEBUG - receive_response_body.complete
2025-04-24 06:17:04,091 - httpcore.http2 - DEBUG - response_closed.started stream_id=7
2025-04-24 06:17:04,091 - httpcore.http2 - DEBUG - response_closed.complete
2025-04-24 06:17:04,091 - user_assistance_mcp - DEBUG - Successfully upserted application record for cb99a271-218f-4591-9790-639b104aa135
2025-04-24 06:17:04,091 - user_assistance_mcp - DEBUG - Preparing to insert issue into application_issues table
2025-04-24 06:17:04,091 - user_assistance_mcp - DEBUG - Issue Insert data: {'user_id': 'fcbb6c29-b83f-448e-9a13-fe716f87c0af', 'application_id': 'cb99a271-218f-4591-9790-639b104aa135', 'company': 'MoonPay', 'position': 'Senior Fullstack Engineer', 'issue_type': 'technical_barrier', 'issue_details': 'Encountered CAPTCHA verification, unable to proceed with the application on RemoteOK.', 'status': 'pending', 'created_at': '2025-04-24T06:17:04.091898'}
2025-04-24 06:17:04,091 - user_assistance_mcp - DEBUG - Executing supabase insert for application_issues
2025-04-24 06:17:04,092 - httpcore.http2 - DEBUG - send_request_headers.started request=<Request [b'POST']> stream_id=9
2025-04-24 06:17:04,092 - hpack.hpack - DEBUG - Adding (b':method', b'POST') to the header table, sensitive:False, huffman:True
2025-04-24 06:17:04,092 - hpack.hpack - DEBUG - Encoding 3 with 7 bits
2025-04-24 06:17:04,092 - hpack.hpack - DEBUG - Adding (b':authority', b'ovuygqfkpifktcgslqvi.supabase.co') to the header table, sensitive:False, huffman:True
2025-04-24 06:17:04,092 - hpack.hpack - DEBUG - Encoding 79 with 7 bits
2025-04-24 06:17:04,092 - hpack.hpack - DEBUG - Adding (b':scheme', b'https') to the header table, sensitive:False, huffman:True
2025-04-24 06:17:04,092 - hpack.hpack - DEBUG - Encoding 7 with 7 bits
2025-04-24 06:17:04,092 - hpack.hpack - DEBUG - Adding (b':path', b'/rest/v1/application_issues') to the header table, sensitive:False, huffman:True
2025-04-24 06:17:04,092 - hpack.hpack - DEBUG - Encoding 67 with 7 bits
2025-04-24 06:17:04,092 - hpack.hpack - DEBUG - Adding (b'accept', b'*/*') to the header table, sensitive:False, huffman:True
2025-04-24 06:17:04,092 - hpack.hpack - DEBUG - Encoding 77 with 7 bits
2025-04-24 06:17:04,092 - hpack.hpack - DEBUG - Adding (b'accept-encoding', b'gzip, deflate, zstd') to the header table, sensitive:False, huffman:True
2025-04-24 06:17:04,092 - hpack.hpack - DEBUG - Encoding 76 with 7 bits
2025-04-24 06:17:04,092 - hpack.hpack - DEBUG - Adding (b'user-agent', b'python-httpx/0.28.1') to the header table, sensitive:False, huffman:True
2025-04-24 06:17:04,092 - hpack.hpack - DEBUG - Encoding 75 with 7 bits
2025-04-24 06:17:04,092 - hpack.hpack - DEBUG - Adding (b'x-client-info', b'supabase-py/2.15.0') to the header table, sensitive:False, huffman:True
2025-04-24 06:17:04,093 - hpack.hpack - DEBUG - Encoding 74 with 7 bits
2025-04-24 06:17:04,093 - hpack.hpack - DEBUG - Adding (b'apikey', b'eyJhbGciOiJIUzI1NiIsInR5cCI6IkpXVCJ9.eyJpc3MiOiJzdXBhYmFzZSIsInJlZiI6Im92dXlncWZrcGlma3RjZ3NscXZpIiwicm9sZSI6ImFub24iLCJpYXQiOjE3NDQ4NDYxOTQsImV4cCI6MjA2MDQyMjE5NH0.XM6UO8tT_eSaGotwzQrbaSI2ccDt3tPdKkWSA0BtEjE') to the header table, sensitive:False, huffman:True
2025-04-24 06:17:04,093 - hpack.hpack - DEBUG - Encoding 73 with 7 bits
2025-04-24 06:17:04,093 - hpack.hpack - DEBUG - Adding (b'authorization', b'Bearer eyJhbGciOiJIUzI1NiIsImtpZCI6InBoVlcwNEg1OXFSWUJmMmsiLCJ0eXAiOiJKV1QifQ.eyJpc3MiOiJodHRwczovL292dXlncWZrcGlma3RjZ3NscXZpLnN1cGFiYXNlLmNvL2F1dGgvdjEiLCJzdWIiOiJmY2JiNmMyOS1iODNmLTQ0OGUtOWExMy1mZTcxNmY4N2MwYWYiLCJhdWQiOiJhdXRoZW50aWNhdGVkIiwiZXhwIjoxNzQ1NDkzMzM2LCJpYXQiOjE3NDU0ODk3MzYsImVtYWlsIjoidGVzdEBnbWFpbC5jb20iLCJwaG9uZSI6IiIsImFwcF9tZXRhZGF0YSI6eyJwcm92aWRlciI6ImVtYWlsIiwicHJvdmlkZXJzIjpbImVtYWlsIl19LCJ1c2VyX21ldGFkYXRhIjp7ImVtYWlsX3ZlcmlmaWVkIjp0cnVlfSwicm9sZSI6ImF1dGhlbnRpY2F0ZWQiLCJhYWwiOiJhYWwxIiwiYW1yIjpbeyJtZXRob2QiOiJwYXNzd29yZCIsInRpbWVzdGFtcCI6MTc0NTQ4OTczNn1dLCJzZXNzaW9uX2lkIjoiZmY1MmRjYTQtNjg2OC00NGEyLWIwMzMtNGEyYmM1YWUxODkxIiwiaXNfYW5vbnltb3VzIjpmYWxzZX0.2avt9q-bOhnWuQwEwmaSbaMiIhRG3I6heh7Vp6vcUVw') to the header table, sensitive:True, huffman:True
2025-04-24 06:17:04,093 - hpack.hpack - DEBUG - Encoding 23 with 4 bits
2025-04-24 06:17:04,093 - hpack.hpack - DEBUG - Encoding 584 with 7 bits
2025-04-24 06:17:04,093 - hpack.hpack - DEBUG - Adding (b'accept-profile', b'public') to the header table, sensitive:False, huffman:True
2025-04-24 06:17:04,093 - hpack.hpack - DEBUG - Encoding 72 with 7 bits
2025-04-24 06:17:04,093 - hpack.hpack - DEBUG - Adding (b'content-profile', b'public') to the header table, sensitive:False, huffman:True
2025-04-24 06:17:04,093 - hpack.hpack - DEBUG - Encoding 71 with 7 bits
2025-04-24 06:17:04,093 - hpack.hpack - DEBUG - Adding (b'prefer', b'return=representation') to the header table, sensitive:False, huffman:True
2025-04-24 06:17:04,093 - hpack.hpack - DEBUG - Encoding 66 with 7 bits
2025-04-24 06:17:04,093 - hpack.hpack - DEBUG - Adding (b'content-length', b'363') to the header table, sensitive:False, huffman:True
2025-04-24 06:17:04,093 - hpack.hpack - DEBUG - Encoding 28 with 6 bits
2025-04-24 06:17:04,093 - hpack.hpack - DEBUG - Encoding 3 with 7 bits
2025-04-24 06:17:04,093 - hpack.hpack - DEBUG - Adding (b'content-type', b'application/json') to the header table, sensitive:False, huffman:True
2025-04-24 06:17:04,094 - hpack.hpack - DEBUG - Encoding 69 with 7 bits
2025-04-24 06:17:04,094 - hpack.hpack - DEBUG - Encoded header block to b'\x83\xcf\x87\xc3\xcd\xcc\xcb\xca\xc9\x1f\x08\xff\xc9\x03\xbaQ\xd8[\x14/\xac\xb3\xc7\x88\x86\xd4l\xb98{\xc8\x1d&\xc8\x8c\x94\xa6\xbf\xdb\xd9\x1c\xc9U\xd3\xf1\xa0\x9e4\xe0\x98:\xbf0\xee\xe5\xc3-:)A\xb3\xde\xca\x02\xfeBmF\xcb\x9b\x88v\x1a]\x8b\x97\xd6Z\xc8\xce\x83j6S\xc9\x8fo\x82{?|\xe2|R~QQ9~\xd8LTR6v\xf4\xfdgJ\t\xf9\xfb^z\xb4\x84\x98\xb0\x9b\x9f\xe6\x9a3\xd3\xa7\xbeqa\x0c\x98\xa6\xef\'L\x06\xcf{/\xb99d6\xa3e\xa7\x98\xb2\x9bM:=j\xdc\x13j\xbf\xa6\x9c\xfb\xf6\x03V.\t\xd5\xcb\x07\x9d\x1e\x83O\xee\xf2y\xd3O6\xb4\x8bG\x8e|\xb9\x9b=\xec\xb3\xc9\xcba\xb5\x1b,\xf2~m?\xef&\xc0>Zg\x93\x17\x1e\xb9\r\xe0\xdf\xbf\x93\xf8\xc9\xd0\xfet\xfb\xd8\x1d7\xfa\xfb\xd1\xef@\xb3\xde\xcb_?\xcd\x86\xd5\xd3\x03:o\xf0\x06\xab\xfdY\xd1\xef\x9a2S\xc5<\xf9P\x8c\x9d\x0ei1q\xf7&\x0b\xb5G\xcb\rq\xdeo\xa4b\x01\xb3\xde\xcb\xe0x\x9f\xb7\xf7vG2\x1b"2S\x87\xc10\xbe\x9f\xdf\xcd\xb3\xfe\xe2\xc2\x0e{\xb28_Y|\x12\x97\xc4>[h!\xb29\x92\x9e)\xe7\xca\x84d7\x83\x13\x1e^\xf2SG_\xdf\xcc\xbe\xf2t\xae<\x94\xf1O>T#%\x01\x7f=\xec\xa1 \xb8\xfa\xfc\x10h\x93\x16\x1e\xbc\xff6\xcf\x93\xa5n\xe4\xa7\x8ay\xf2\xa1\x1f\x8c\xfe\xd0Jh\xa4|\xb8\xf5\xc9\xd2\xb0\x12\xae4K\xbb\xc1\x89K\xe8\xfd\xdd\x91\xcc\x94\xe1\x0c\x98\xa7\xa2:\xb6\xd7\xccXA\xfb\xcba\xb3\xde\xcb?>^\r\xa8\xd9g\xe7\xcb\xc7\x9c\x86\xf0n|\x83\xeb\'J\xe3/\xac\xa9\xfd\xfc\xdax\xc5\xb0\xda\x8d\x97\xc7?\xcd>\xe4\x13\xfe\xbfodFJ\xb6\xd7\x1f.>\xe4\xc5\x85$\xbd\x91\xcd\x1b\xc8\r;\xf65\xaby=\xe9\xa82g\xbd\x97\xdf\xef\xe6\x9fc\xe4\xfd\xbf\x82\xa3\xaeN\x877\xed<\xc3\xa2\x9d\xbd9\xef\xd8\x9d=&\x16\xab\xc0\x06\x9cX=g\xe5\x93\xc6\x8fz\x13\xa7\x16\x0f\\\xe9\xd0\x1e|\xb8y\xd5\x7f\xaf\x9c\x86\xf0a\xfei\x97\x9f&\xfb\xc7U\t\x8d\x9e>\xf2t\xae\x9e|\xbc\xfb\xfd\xfc\x02\xe2\x1ft\xbf\xd9h\xf5OW+vx\xc1\xe2\x91\xee\x8cz\r\x92}\xb8\x99\xc8\xe4\xe5\x9d\xde5\xb9\xdc\x9c8\xf8\xc8\xc7\xc2\\\x83e\xc6\x7f\xc5'
2025-04-24 06:17:04,094 - httpcore.http2 - DEBUG - send_request_headers.complete
2025-04-24 06:17:04,094 - httpcore.http2 - DEBUG - send_request_body.started request=<Request [b'POST']> stream_id=9
2025-04-24 06:17:04,094 - httpcore.http2 - DEBUG - send_request_body.complete
2025-04-24 06:17:04,094 - httpcore.http2 - DEBUG - receive_response_headers.started request=<Request [b'POST']> stream_id=9
2025-04-24 06:17:04,191 - hpack.hpack - DEBUG - Decoding b'\xd5\xbf\xd3\xd2\x7f\x12\x8f}\x96\xda\x91\xf6\x9fy\xe1\x80c\x94+s\xe7\xfb\xd1\xd0\xcf\xce\xcd\xc3\xcb\xca\xc9\xc8\x7f\x08\x0211\xc7\xc6'
2025-04-24 06:17:04,192 - hpack.hpack - DEBUG - Decoded 85, consumed 1 bytes
2025-04-24 06:17:04,192 - hpack.hpack - DEBUG - Decoded (b':status', b'201'), consumed 1
2025-04-24 06:17:04,192 - hpack.hpack - DEBUG - Decoded 63, consumed 1 bytes
2025-04-24 06:17:04,192 - hpack.hpack - DEBUG - Decoded (b'date', b'Thu, 24 Apr 2025 10:17:04 GMT'), consumed 1
2025-04-24 06:17:04,192 - hpack.hpack - DEBUG - Decoded 83, consumed 1 bytes
2025-04-24 06:17:04,192 - hpack.hpack - DEBUG - Decoded (b'content-type', b'application/json; charset=utf-8'), consumed 1
2025-04-24 06:17:04,192 - hpack.hpack - DEBUG - Decoded 82, consumed 1 bytes
2025-04-24 06:17:04,192 - hpack.hpack - DEBUG - Decoded (b'content-range', <memory at 0x105644100>), consumed 1
2025-04-24 06:17:04,192 - hpack.hpack - DEBUG - Decoded 81, consumed 2 bytes
2025-04-24 06:17:04,192 - hpack.hpack - DEBUG - Decoded 15, consumed 1 bytes
2025-04-24 06:17:04,192 - hpack.hpack - DEBUG - Decoded (b'cf-ray', b'9354d94988a0aaf1-YYZ'), total consumed 18 bytes, indexed True
2025-04-24 06:17:04,192 - hpack.hpack - DEBUG - Decoded 81, consumed 1 bytes
2025-04-24 06:17:04,192 - hpack.hpack - DEBUG - Decoded (b'cf-cache-status', b'DYNAMIC'), consumed 1
2025-04-24 06:17:04,192 - hpack.hpack - DEBUG - Decoded 80, consumed 1 bytes
2025-04-24 06:17:04,192 - hpack.hpack - DEBUG - Decoded (b'content-encoding', b'gzip'), consumed 1
2025-04-24 06:17:04,193 - hpack.hpack - DEBUG - Decoded 79, consumed 1 bytes
2025-04-24 06:17:04,193 - hpack.hpack - DEBUG - Decoded (b'strict-transport-security', b'max-age=31536000; includeSubDomains; preload'), consumed 1
2025-04-24 06:17:04,193 - hpack.hpack - DEBUG - Decoded 78, consumed 1 bytes
2025-04-24 06:17:04,193 - hpack.hpack - DEBUG - Decoded (b'vary', b'Accept-Encoding'), consumed 1
2025-04-24 06:17:04,193 - hpack.hpack - DEBUG - Decoded 77, consumed 1 bytes
2025-04-24 06:17:04,193 - hpack.hpack - DEBUG - Decoded (b'content-profile', b'public'), consumed 1
2025-04-24 06:17:04,193 - hpack.hpack - DEBUG - Decoded 67, consumed 1 bytes
2025-04-24 06:17:04,193 - hpack.hpack - DEBUG - Decoded (b'preference-applied', b'return=representation'), consumed 1
2025-04-24 06:17:04,193 - hpack.hpack - DEBUG - Decoded 75, consumed 1 bytes
2025-04-24 06:17:04,193 - hpack.hpack - DEBUG - Decoded (b'sb-gateway-version', <memory at 0x1056441c0>), consumed 1
2025-04-24 06:17:04,193 - hpack.hpack - DEBUG - Decoded 74, consumed 1 bytes
2025-04-24 06:17:04,193 - hpack.hpack - DEBUG - Decoded (b'sb-project-ref', b'ovuygqfkpifktcgslqvi'), consumed 1
2025-04-24 06:17:04,193 - hpack.hpack - DEBUG - Decoded 73, consumed 1 bytes
2025-04-24 06:17:04,193 - hpack.hpack - DEBUG - Decoded (b'x-content-type-options', b'nosniff'), consumed 1
2025-04-24 06:17:04,193 - hpack.hpack - DEBUG - Decoded 72, consumed 1 bytes
2025-04-24 06:17:04,193 - hpack.hpack - DEBUG - Decoded (b'x-envoy-attempt-count', <memory at 0x105644280>), consumed 1
2025-04-24 06:17:04,193 - hpack.hpack - DEBUG - Decoded 71, consumed 2 bytes
2025-04-24 06:17:04,193 - hpack.hpack - DEBUG - Decoded 2, consumed 1 bytes
2025-04-24 06:17:04,193 - hpack.hpack - DEBUG - Decoded (b'x-envoy-upstream-service-time', <memory at 0x1056450c0>), total consumed 5 bytes, indexed True
2025-04-24 06:17:04,193 - hpack.hpack - DEBUG - Decoded 71, consumed 1 bytes
2025-04-24 06:17:04,193 - hpack.hpack - DEBUG - Decoded (b'server', b'cloudflare'), consumed 1
2025-04-24 06:17:04,193 - hpack.hpack - DEBUG - Decoded 70, consumed 1 bytes
2025-04-24 06:17:04,193 - hpack.hpack - DEBUG - Decoded (b'alt-svc', b'h3=":443"; ma=86400'), consumed 1
2025-04-24 06:17:04,193 - httpcore.http2 - DEBUG - receive_response_headers.complete return_value=(201, [(b'date', b'Thu, 24 Apr 2025 10:17:04 GMT'), (b'content-type', b'application/json; charset=utf-8'), (b'content-range', b'*/*'), (b'cf-ray', b'9354d94988a0aaf1-YYZ'), (b'cf-cache-status', b'DYNAMIC'), (b'content-encoding', b'gzip'), (b'strict-transport-security', b'max-age=31536000; includeSubDomains; preload'), (b'vary', b'Accept-Encoding'), (b'content-profile', b'public'), (b'preference-applied', b'return=representation'), (b'sb-gateway-version', b'1'), (b'sb-project-ref', b'ovuygqfkpifktcgslqvi'), (b'x-content-type-options', b'nosniff'), (b'x-envoy-attempt-count', b'1'), (b'x-envoy-upstream-service-time', b'11'), (b'server', b'cloudflare'), (b'alt-svc', b'h3=":443"; ma=86400')])
2025-04-24 06:17:04,194 - httpx - INFO - HTTP Request: POST https://ovuygqfkpifktcgslqvi.supabase.co/rest/v1/application_issues "HTTP/2 201 Created"
2025-04-24 06:17:04,194 - httpcore.http2 - DEBUG - receive_response_body.started request=<Request [b'POST']> stream_id=9
2025-04-24 06:17:04,194 - httpcore.http2 - DEBUG - receive_response_body.complete
2025-04-24 06:17:04,194 - httpcore.http2 - DEBUG - response_closed.started stream_id=9
2025-04-24 06:17:04,194 - httpcore.http2 - DEBUG - response_closed.complete
2025-04-24 06:17:04,194 - user_assistance_mcp - DEBUG - Supabase application_issues response: data=[{'id': 'a9c0072f-3ee0-4617-b7a3-69fd813fbf45', 'user_id': 'fcbb6c29-b83f-448e-9a13-fe716f87c0af', 'application_id': 'cb99a271-218f-4591-9790-639b104aa135', 'company': 'MoonPay', 'position': 'Senior Fullstack Engineer', 'issue_type': 'technical_barrier', 'issue_details': 'Encountered CAPTCHA verification, unable to proceed with the application on RemoteOK.', 'status': 'pending', 'created_at': '2025-04-24T06:17:04.091898+00:00', 'resolved_at': None, 'resolution_note': None}] count=None
2025-04-24 06:17:04,194 - user_assistance_mcp - INFO - Issue logged successfully with ID: a9c0072f-3ee0-4617-b7a3-69fd813fbf45
2025-04-24 06:17:04,195 - mcp.server.lowlevel.server - DEBUG - Response sent
2025-04-24 06:17:04,196 - mcp.server.lowlevel.server - DEBUG - Received message: <mcp.shared.session.RequestResponder object at 0x1054162d0>
2025-04-24 06:17:04,196 - mcp.server.lowlevel.server - INFO - Processing request of type CallToolRequest
2025-04-24 06:17:04,196 - mcp.server.lowlevel.server - DEBUG - Dispatching request of type CallToolRequest
2025-04-24 06:17:04,197 - user_assistance_mcp - INFO - send_simple_notification called with title: Application Skipped for MoonPay
2025-04-24 06:17:04,197 - user_assistance_mcp - INFO - send_application_notification called with: user_id=fcbb6c29-b83f-448e-9a13-fe716f87c0af, title=Application Skipped for MoonPay, type=alert
2025-04-24 06:17:04,197 - user_assistance_mcp - INFO - Notification message: The application for Senior Fullstack Engineer at MoonPay was skipped due to a CAPTCHA verification barrier on RemoteOK. You may need to apply manually.
2025-04-24 06:17:04,197 - user_assistance_mcp - DEBUG - Preparing to insert notification into notifications table
2025-04-24 06:17:04,197 - user_assistance_mcp - DEBUG - Insert data: {'user_id': 'fcbb6c29-b83f-448e-9a13-fe716f87c0af', 'title': 'Application Skipped for MoonPay', 'content': 'The application for Senior Fullstack Engineer at MoonPay was skipped due to a CAPTCHA verification barrier on RemoteOK. You may need to apply manually.', 'type': 'alert', 'read': False, 'created_at': '2025-04-24T06:17:04.197228'}
2025-04-24 06:17:04,197 - user_assistance_mcp - DEBUG - Executing supabase insert for notifications
2025-04-24 06:17:04,197 - httpcore.http2 - DEBUG - send_request_headers.started request=<Request [b'POST']> stream_id=11
2025-04-24 06:17:04,197 - hpack.hpack - DEBUG - Adding (b':method', b'POST') to the header table, sensitive:False, huffman:True
2025-04-24 06:17:04,197 - hpack.hpack - DEBUG - Encoding 3 with 7 bits
2025-04-24 06:17:04,197 - hpack.hpack - DEBUG - Adding (b':authority', b'ovuygqfkpifktcgslqvi.supabase.co') to the header table, sensitive:False, huffman:True
2025-04-24 06:17:04,197 - hpack.hpack - DEBUG - Encoding 80 with 7 bits
2025-04-24 06:17:04,197 - hpack.hpack - DEBUG - Adding (b':scheme', b'https') to the header table, sensitive:False, huffman:True
2025-04-24 06:17:04,197 - hpack.hpack - DEBUG - Encoding 7 with 7 bits
2025-04-24 06:17:04,198 - hpack.hpack - DEBUG - Adding (b':path', b'/rest/v1/notifications') to the header table, sensitive:False, huffman:True
2025-04-24 06:17:04,198 - hpack.hpack - DEBUG - Encoding 65 with 7 bits
2025-04-24 06:17:04,198 - hpack.hpack - DEBUG - Adding (b'accept', b'*/*') to the header table, sensitive:False, huffman:True
2025-04-24 06:17:04,198 - hpack.hpack - DEBUG - Encoding 78 with 7 bits
2025-04-24 06:17:04,198 - hpack.hpack - DEBUG - Adding (b'accept-encoding', b'gzip, deflate, zstd') to the header table, sensitive:False, huffman:True
2025-04-24 06:17:04,198 - hpack.hpack - DEBUG - Encoding 77 with 7 bits
2025-04-24 06:17:04,198 - hpack.hpack - DEBUG - Adding (b'user-agent', b'python-httpx/0.28.1') to the header table, sensitive:False, huffman:True
2025-04-24 06:17:04,198 - hpack.hpack - DEBUG - Encoding 76 with 7 bits
2025-04-24 06:17:04,198 - hpack.hpack - DEBUG - Adding (b'x-client-info', b'supabase-py/2.15.0') to the header table, sensitive:False, huffman:True
2025-04-24 06:17:04,198 - hpack.hpack - DEBUG - Encoding 75 with 7 bits
2025-04-24 06:17:04,198 - hpack.hpack - DEBUG - Adding (b'apikey', b'eyJhbGciOiJIUzI1NiIsInR5cCI6IkpXVCJ9.eyJpc3MiOiJzdXBhYmFzZSIsInJlZiI6Im92dXlncWZrcGlma3RjZ3NscXZpIiwicm9sZSI6ImFub24iLCJpYXQiOjE3NDQ4NDYxOTQsImV4cCI6MjA2MDQyMjE5NH0.XM6UO8tT_eSaGotwzQrbaSI2ccDt3tPdKkWSA0BtEjE') to the header table, sensitive:False, huffman:True
2025-04-24 06:17:04,198 - hpack.hpack - DEBUG - Encoding 74 with 7 bits
2025-04-24 06:17:04,198 - hpack.hpack - DEBUG - Adding (b'authorization', b'Bearer eyJhbGciOiJIUzI1NiIsImtpZCI6InBoVlcwNEg1OXFSWUJmMmsiLCJ0eXAiOiJKV1QifQ.eyJpc3MiOiJodHRwczovL292dXlncWZrcGlma3RjZ3NscXZpLnN1cGFiYXNlLmNvL2F1dGgvdjEiLCJzdWIiOiJmY2JiNmMyOS1iODNmLTQ0OGUtOWExMy1mZTcxNmY4N2MwYWYiLCJhdWQiOiJhdXRoZW50aWNhdGVkIiwiZXhwIjoxNzQ1NDkzMzM2LCJpYXQiOjE3NDU0ODk3MzYsImVtYWlsIjoidGVzdEBnbWFpbC5jb20iLCJwaG9uZSI6IiIsImFwcF9tZXRhZGF0YSI6eyJwcm92aWRlciI6ImVtYWlsIiwicHJvdmlkZXJzIjpbImVtYWlsIl19LCJ1c2VyX21ldGFkYXRhIjp7ImVtYWlsX3ZlcmlmaWVkIjp0cnVlfSwicm9sZSI6ImF1dGhlbnRpY2F0ZWQiLCJhYWwiOiJhYWwxIiwiYW1yIjpbeyJtZXRob2QiOiJwYXNzd29yZCIsInRpbWVzdGFtcCI6MTc0NTQ4OTczNn1dLCJzZXNzaW9uX2lkIjoiZmY1MmRjYTQtNjg2OC00NGEyLWIwMzMtNGEyYmM1YWUxODkxIiwiaXNfYW5vbnltb3VzIjpmYWxzZX0.2avt9q-bOhnWuQwEwmaSbaMiIhRG3I6heh7Vp6vcUVw') to the header table, sensitive:True, huffman:True
2025-04-24 06:17:04,198 - hpack.hpack - DEBUG - Encoding 23 with 4 bits
2025-04-24 06:17:04,198 - hpack.hpack - DEBUG - Encoding 584 with 7 bits
2025-04-24 06:17:04,198 - hpack.hpack - DEBUG - Adding (b'accept-profile', b'public') to the header table, sensitive:False, huffman:True
2025-04-24 06:17:04,198 - hpack.hpack - DEBUG - Encoding 73 with 7 bits
2025-04-24 06:17:04,198 - hpack.hpack - DEBUG - Adding (b'content-profile', b'public') to the header table, sensitive:False, huffman:True
2025-04-24 06:17:04,198 - hpack.hpack - DEBUG - Encoding 72 with 7 bits
2025-04-24 06:17:04,198 - hpack.hpack - DEBUG - Adding (b'prefer', b'return=representation') to the header table, sensitive:False, huffman:True
2025-04-24 06:17:04,198 - hpack.hpack - DEBUG - Encoding 67 with 7 bits
2025-04-24 06:17:04,198 - hpack.hpack - DEBUG - Adding (b'content-length', b'326') to the header table, sensitive:False, huffman:True
2025-04-24 06:17:04,199 - hpack.hpack - DEBUG - Encoding 28 with 6 bits
2025-04-24 06:17:04,199 - hpack.hpack - DEBUG - Encoding 3 with 7 bits
2025-04-24 06:17:04,199 - hpack.hpack - DEBUG - Adding (b'content-type', b'application/json') to the header table, sensitive:False, huffman:True
2025-04-24 06:17:04,199 - hpack.hpack - DEBUG - Encoding 70 with 7 bits
2025-04-24 06:17:04,199 - hpack.hpack - DEBUG - Encoded header block to b'\x83\xd0\x87\xc1\xce\xcd\xcc\xcb\xca\x1f\x08\xff\xc9\x03\xbaQ\xd8[\x14/\xac\xb3\xc7\x88\x86\xd4l\xb98{\xc8\x1d&\xc8\x8c\x94\xa6\xbf\xdb\xd9\x1c\xc9U\xd3\xf1\xa0\x9e4\xe0\x98:\xbf0\xee\xe5\xc3-:)A\xb3\xde\xca\x02\xfeBmF\xcb\x9b\x88v\x1a]\x8b\x97\xd6Z\xc8\xce\x83j6S\xc9\x8fo\x82{?|\xe2|R~QQ9~\xd8LTR6v\xf4\xfdgJ\t\xf9\xfb^z\xb4\x84\x98\xb0\x9b\x9f\xe6\x9a3\xd3\xa7\xbeqa\x0c\x98\xa6\xef\'L\x06\xcf{/\xb99d6\xa3e\xa7\x98\xb2\x9bM:=j\xdc\x13j\xbf\xa6\x9c\xfb\xf6\x03V.\t\xd5\xcb\x07\x9d\x1e\x83O\xee\xf2y\xd3O6\xb4\x8bG\x8e|\xb9\x9b=\xec\xb3\xc9\xcba\xb5\x1b,\xf2~m?\xef&\xc0>Zg\x93\x17\x1e\xb9\r\xe0\xdf\xbf\x93\xf8\xc9\xd0\xfet\xfb\xd8\x1d7\xfa\xfb\xd1\xef@\xb3\xde\xcb_?\xcd\x86\xd5\xd3\x03:o\xf0\x06\xab\xfdY\xd1\xef\x9a2S\xc5<\xf9P\x8c\x9d\x0ei1q\xf7&\x0b\xb5G\xcb\rq\xdeo\xa4b\x01\xb3\xde\xcb\xe0x\x9f\xb7\xf7vG2\x1b"2S\x87\xc10\xbe\x9f\xdf\xcd\xb3\xfe\xe2\xc2\x0e{\xb28_Y|\x12\x97\xc4>[h!\xb29\x92\x9e)\xe7\xca\x84d7\x83\x13\x1e^\xf2SG_\xdf\xcc\xbe\xf2t\xae<\x94\xf1O>T#%\x01\x7f=\xec\xa1 \xb8\xfa\xfc\x10h\x93\x16\x1e\xbc\xff6\xcf\x93\xa5n\xe4\xa7\x8ay\xf2\xa1\x1f\x8c\xfe\xd0Jh\xa4|\xb8\xf5\xc9\xd2\xb0\x12\xae4K\xbb\xc1\x89K\xe8\xfd\xdd\x91\xcc\x94\xe1\x0c\x98\xa7\xa2:\xb6\xd7\xccXA\xfb\xcba\xb3\xde\xcb?>^\r\xa8\xd9g\xe7\xcb\xc7\x9c\x86\xf0n|\x83\xeb\'J\xe3/\xac\xa9\xfd\xfc\xdax\xc5\xb0\xda\x8d\x97\xc7?\xcd>\xe4\x13\xfe\xbfodFJ\xb6\xd7\x1f.>\xe4\xc5\x85$\xbd\x91\xcd\x1b\xc8\r;\xf65\xaby=\xe9\xa82g\xbd\x97\xdf\xef\xe6\x9fc\xe4\xfd\xbf\x82\xa3\xaeN\x877\xed<\xc3\xa2\x9d\xbd9\xef\xd8\x9d=&\x16\xab\xc0\x06\x9cX=g\xe5\x93\xc6\x8fz\x13\xa7\x16\x0f\\\xe9\xd0\x1e|\xb8y\xd5\x7f\xaf\x9c\x86\xf0a\xfei\x97\x9f&\xfb\xc7U\t\x8d\x9e>\xf2t\xae\x9e|\xbc\xfb\xfd\xfc\x02\xe2\x1ft\xbf\xd9h\xf5OW+vx\xc1\xe2\x91\xee\x8cz\r\x92}\xb8\x99\xc8\xe4\xe5\x9d\xde5\xb9\xdc\x9c8\xf8\xc9\xc8\xc3\\\x83dN\x7f\xc6'
2025-04-24 06:17:04,199 - httpcore.http2 - DEBUG - send_request_headers.complete
2025-04-24 06:17:04,199 - httpcore.http2 - DEBUG - send_request_body.started request=<Request [b'POST']> stream_id=11
2025-04-24 06:17:04,199 - httpcore.http2 - DEBUG - send_request_body.complete
2025-04-24 06:17:04,199 - httpcore.http2 - DEBUG - receive_response_headers.started request=<Request [b'POST']> stream_id=11
2025-04-24 06:17:04,260 - hpack.hpack - DEBUG - Decoding b'\xd7\xc1\xd5\xd4\x7f\x14\x8f}\x96\xda\x91\xf6\x86\xcb\xe1dc\x94+s\xe7\xfb\xd3\xd2\xd1\xd0\xcf\xc5\xcd\xcc\xcb\xca\x7f\n\x017\xc9\xc8'
2025-04-24 06:17:04,260 - hpack.hpack - DEBUG - Decoded 87, consumed 1 bytes
2025-04-24 06:17:04,260 - hpack.hpack - DEBUG - Decoded (b':status', b'201'), consumed 1
2025-04-24 06:17:04,260 - hpack.hpack - DEBUG - Decoded 65, consumed 1 bytes
2025-04-24 06:17:04,260 - hpack.hpack - DEBUG - Decoded (b'date', b'Thu, 24 Apr 2025 10:17:04 GMT'), consumed 1
2025-04-24 06:17:04,260 - hpack.hpack - DEBUG - Decoded 85, consumed 1 bytes
2025-04-24 06:17:04,260 - hpack.hpack - DEBUG - Decoded (b'content-type', b'application/json; charset=utf-8'), consumed 1
2025-04-24 06:17:04,260 - hpack.hpack - DEBUG - Decoded 84, consumed 1 bytes
2025-04-24 06:17:04,260 - hpack.hpack - DEBUG - Decoded (b'content-range', <memory at 0x105644100>), consumed 1
2025-04-24 06:17:04,260 - hpack.hpack - DEBUG - Decoded 83, consumed 2 bytes
2025-04-24 06:17:04,260 - hpack.hpack - DEBUG - Decoded 15, consumed 1 bytes
2025-04-24 06:17:04,261 - hpack.hpack - DEBUG - Decoded (b'cf-ray', b'9354d94a3913aaf1-YYZ'), total consumed 18 bytes, indexed True
2025-04-24 06:17:04,261 - hpack.hpack - DEBUG - Decoded 83, consumed 1 bytes
2025-04-24 06:17:04,261 - hpack.hpack - DEBUG - Decoded (b'cf-cache-status', b'DYNAMIC'), consumed 1
2025-04-24 06:17:04,261 - hpack.hpack - DEBUG - Decoded 82, consumed 1 bytes
2025-04-24 06:17:04,261 - hpack.hpack - DEBUG - Decoded (b'content-encoding', b'gzip'), consumed 1
2025-04-24 06:17:04,261 - hpack.hpack - DEBUG - Decoded 81, consumed 1 bytes
2025-04-24 06:17:04,261 - hpack.hpack - DEBUG - Decoded (b'strict-transport-security', b'max-age=31536000; includeSubDomains; preload'), consumed 1
2025-04-24 06:17:04,261 - hpack.hpack - DEBUG - Decoded 80, consumed 1 bytes
2025-04-24 06:17:04,261 - hpack.hpack - DEBUG - Decoded (b'vary', b'Accept-Encoding'), consumed 1
2025-04-24 06:17:04,261 - hpack.hpack - DEBUG - Decoded 79, consumed 1 bytes
2025-04-24 06:17:04,261 - hpack.hpack - DEBUG - Decoded (b'content-profile', b'public'), consumed 1
2025-04-24 06:17:04,261 - hpack.hpack - DEBUG - Decoded 69, consumed 1 bytes
2025-04-24 06:17:04,261 - hpack.hpack - DEBUG - Decoded (b'preference-applied', b'return=representation'), consumed 1
2025-04-24 06:17:04,261 - hpack.hpack - DEBUG - Decoded 77, consumed 1 bytes
2025-04-24 06:17:04,261 - hpack.hpack - DEBUG - Decoded (b'sb-gateway-version', <memory at 0x1056441c0>), consumed 1
2025-04-24 06:17:04,261 - hpack.hpack - DEBUG - Decoded 76, consumed 1 bytes
2025-04-24 06:17:04,261 - hpack.hpack - DEBUG - Decoded (b'sb-project-ref', b'ovuygqfkpifktcgslqvi'), consumed 1
2025-04-24 06:17:04,261 - hpack.hpack - DEBUG - Decoded 75, consumed 1 bytes
2025-04-24 06:17:04,261 - hpack.hpack - DEBUG - Decoded (b'x-content-type-options', b'nosniff'), consumed 1
2025-04-24 06:17:04,261 - hpack.hpack - DEBUG - Decoded 74, consumed 1 bytes
2025-04-24 06:17:04,261 - hpack.hpack - DEBUG - Decoded (b'x-envoy-attempt-count', <memory at 0x105644280>), consumed 1
2025-04-24 06:17:04,261 - hpack.hpack - DEBUG - Decoded 73, consumed 2 bytes
2025-04-24 06:17:04,261 - hpack.hpack - DEBUG - Decoded 1, consumed 1 bytes
2025-04-24 06:17:04,261 - hpack.hpack - DEBUG - Decoded (b'x-envoy-upstream-service-time', <memory at 0x105645c00>), total consumed 4 bytes, indexed True
2025-04-24 06:17:04,261 - hpack.hpack - DEBUG - Decoded 73, consumed 1 bytes
2025-04-24 06:17:04,261 - hpack.hpack - DEBUG - Decoded (b'server', b'cloudflare'), consumed 1
2025-04-24 06:17:04,261 - hpack.hpack - DEBUG - Decoded 72, consumed 1 bytes
2025-04-24 06:17:04,261 - hpack.hpack - DEBUG - Decoded (b'alt-svc', b'h3=":443"; ma=86400'), consumed 1
2025-04-24 06:17:04,262 - httpcore.http2 - DEBUG - receive_response_headers.complete return_value=(201, [(b'date', b'Thu, 24 Apr 2025 10:17:04 GMT'), (b'content-type', b'application/json; charset=utf-8'), (b'content-range', b'*/*'), (b'cf-ray', b'9354d94a3913aaf1-YYZ'), (b'cf-cache-status', b'DYNAMIC'), (b'content-encoding', b'gzip'), (b'strict-transport-security', b'max-age=31536000; includeSubDomains; preload'), (b'vary', b'Accept-Encoding'), (b'content-profile', b'public'), (b'preference-applied', b'return=representation'), (b'sb-gateway-version', b'1'), (b'sb-project-ref', b'ovuygqfkpifktcgslqvi'), (b'x-content-type-options', b'nosniff'), (b'x-envoy-attempt-count', b'1'), (b'x-envoy-upstream-service-time', b'7'), (b'server', b'cloudflare'), (b'alt-svc', b'h3=":443"; ma=86400')])
2025-04-24 06:17:04,262 - httpx - INFO - HTTP Request: POST https://ovuygqfkpifktcgslqvi.supabase.co/rest/v1/notifications "HTTP/2 201 Created"
2025-04-24 06:17:04,262 - httpcore.http2 - DEBUG - receive_response_body.started request=<Request [b'POST']> stream_id=11
2025-04-24 06:17:04,262 - httpcore.http2 - DEBUG - receive_response_body.complete
2025-04-24 06:17:04,262 - httpcore.http2 - DEBUG - response_closed.started stream_id=11
2025-04-24 06:17:04,262 - httpcore.http2 - DEBUG - response_closed.complete
2025-04-24 06:17:04,263 - user_assistance_mcp - DEBUG - Supabase notifications response: data=[{'id': 'c1b9813f-adf5-444c-89ee-1ebbf451b272', 'user_id': 'fcbb6c29-b83f-448e-9a13-fe716f87c0af', 'title': 'Application Skipped for MoonPay', 'content': 'The application for Senior Fullstack Engineer at MoonPay was skipped due to a CAPTCHA verification barrier on RemoteOK. You may need to apply manually.', 'type': 'alert', 'read': False, 'created_at': '2025-04-24T06:17:04.197228+00:00', 'reference_id': None, 'reference_type': None}] count=None
2025-04-24 06:17:04,263 - user_assistance_mcp - INFO - Notification sent successfully
2025-04-24 06:17:04,263 - mcp.server.lowlevel.server - DEBUG - Response sent
2025-04-24 06:17:17,659 - user_assistance_mcp - INFO - Initializing with SUPABASE_URL: SET
2025-04-24 06:17:17,659 - user_assistance_mcp - INFO - Initializing with SUPABASE_KEY: SET
2025-04-24 06:17:17,690 - user_assistance_mcp - INFO - Supabase client created successfully
2025-04-24 06:17:17,692 - mcp.server.lowlevel.server - DEBUG - Initializing server 'user_assistance'
2025-04-24 06:17:17,692 - mcp.server.lowlevel.server - DEBUG - Registering handler for ListToolsRequest
2025-04-24 06:17:17,692 - mcp.server.lowlevel.server - DEBUG - Registering handler for CallToolRequest
2025-04-24 06:17:17,692 - mcp.server.lowlevel.server - DEBUG - Registering handler for ListResourcesRequest
2025-04-24 06:17:17,692 - mcp.server.lowlevel.server - DEBUG - Registering handler for ReadResourceRequest
2025-04-24 06:17:17,692 - mcp.server.lowlevel.server - DEBUG - Registering handler for PromptListRequest
2025-04-24 06:17:17,692 - mcp.server.lowlevel.server - DEBUG - Registering handler for GetPromptRequest
2025-04-24 06:17:17,692 - mcp.server.lowlevel.server - DEBUG - Registering handler for ListResourceTemplatesRequest
2025-04-24 06:17:17,692 - user_assistance_mcp - INFO - FastMCP initialized for user_assistance
2025-04-24 06:17:17,693 - httpcore.connection - DEBUG - connect_tcp.started host='ovuygqfkpifktcgslqvi.supabase.co' port=443 local_address=None timeout=5.0 socket_options=None
2025-04-24 06:17:17,718 - httpcore.connection - DEBUG - connect_tcp.complete return_value=<httpcore._backends.sync.SyncStream object at 0x11921f0e0>
2025-04-24 06:17:17,718 - httpcore.connection - DEBUG - start_tls.started ssl_context=<ssl.SSLContext object at 0x1193451d0> server_hostname='ovuygqfkpifktcgslqvi.supabase.co' timeout=5.0
2025-04-24 06:17:17,740 - httpcore.connection - DEBUG - start_tls.complete return_value=<httpcore._backends.sync.SyncStream object at 0x119194fb0>
2025-04-24 06:17:17,740 - httpcore.http2 - DEBUG - send_connection_init.started request=<Request [b'POST']>
2025-04-24 06:17:17,740 - httpcore.http2 - DEBUG - send_connection_init.complete
2025-04-24 06:17:17,740 - httpcore.http2 - DEBUG - send_request_headers.started request=<Request [b'POST']> stream_id=1
2025-04-24 06:17:17,740 - hpack.hpack - DEBUG - Adding (b':method', b'POST') to the header table, sensitive:False, huffman:True
2025-04-24 06:17:17,740 - hpack.hpack - DEBUG - Encoding 3 with 7 bits
2025-04-24 06:17:17,740 - hpack.hpack - DEBUG - Adding (b':authority', b'ovuygqfkpifktcgslqvi.supabase.co') to the header table, sensitive:False, huffman:True
2025-04-24 06:17:17,740 - hpack.hpack - DEBUG - Encoding 1 with 6 bits
2025-04-24 06:17:17,740 - hpack.hpack - DEBUG - Encoding 24 with 7 bits
2025-04-24 06:17:17,740 - hpack.hpack - DEBUG - Adding (b':scheme', b'https') to the header table, sensitive:False, huffman:True
2025-04-24 06:17:17,740 - hpack.hpack - DEBUG - Encoding 7 with 7 bits
2025-04-24 06:17:17,740 - hpack.hpack - DEBUG - Adding (b':path', b'/auth/v1/token?grant_type=password') to the header table, sensitive:False, huffman:True
2025-04-24 06:17:17,740 - hpack.hpack - DEBUG - Encoding 4 with 6 bits
2025-04-24 06:17:17,740 - hpack.hpack - DEBUG - Encoding 25 with 7 bits
2025-04-24 06:17:17,740 - hpack.hpack - DEBUG - Adding (b'accept', b'*/*') to the header table, sensitive:False, huffman:True
2025-04-24 06:17:17,740 - hpack.hpack - DEBUG - Encoding 19 with 6 bits
2025-04-24 06:17:17,740 - hpack.hpack - DEBUG - Encoding 3 with 7 bits
2025-04-24 06:17:17,740 - hpack.hpack - DEBUG - Adding (b'accept-encoding', b'gzip, deflate, zstd') to the header table, sensitive:False, huffman:True
2025-04-24 06:17:17,740 - hpack.hpack - DEBUG - Encoding 16 with 6 bits
2025-04-24 06:17:17,740 - hpack.hpack - DEBUG - Encoding 15 with 7 bits
2025-04-24 06:17:17,740 - hpack.hpack - DEBUG - Adding (b'user-agent', b'python-httpx/0.28.1') to the header table, sensitive:False, huffman:True
2025-04-24 06:17:17,740 - hpack.hpack - DEBUG - Encoding 58 with 6 bits
2025-04-24 06:17:17,740 - hpack.hpack - DEBUG - Encoding 14 with 7 bits
2025-04-24 06:17:17,740 - hpack.hpack - DEBUG - Adding (b'x-client-info', b'supabase-py/2.15.0') to the header table, sensitive:False, huffman:True
2025-04-24 06:17:17,740 - hpack.hpack - DEBUG - Encoding 10 with 7 bits
2025-04-24 06:17:17,740 - hpack.hpack - DEBUG - Encoding 13 with 7 bits
2025-04-24 06:17:17,740 - hpack.hpack - DEBUG - Adding (b'apikey', b'eyJhbGciOiJIUzI1NiIsInR5cCI6IkpXVCJ9.eyJpc3MiOiJzdXBhYmFzZSIsInJlZiI6Im92dXlncWZrcGlma3RjZ3NscXZpIiwicm9sZSI6ImFub24iLCJpYXQiOjE3NDQ4NDYxOTQsImV4cCI6MjA2MDQyMjE5NH0.XM6UO8tT_eSaGotwzQrbaSI2ccDt3tPdKkWSA0BtEjE') to the header table, sensitive:False, huffman:True
2025-04-24 06:17:17,740 - hpack.hpack - DEBUG - Encoding 5 with 7 bits
2025-04-24 06:17:17,741 - hpack.hpack - DEBUG - Encoding 167 with 7 bits
2025-04-24 06:17:17,741 - hpack.hpack - DEBUG - Adding (b'authorization', b'Bearer eyJhbGciOiJIUzI1NiIsInR5cCI6IkpXVCJ9.eyJpc3MiOiJzdXBhYmFzZSIsInJlZiI6Im92dXlncWZrcGlma3RjZ3NscXZpIiwicm9sZSI6ImFub24iLCJpYXQiOjE3NDQ4NDYxOTQsImV4cCI6MjA2MDQyMjE5NH0.XM6UO8tT_eSaGotwzQrbaSI2ccDt3tPdKkWSA0BtEjE') to the header table, sensitive:True, huffman:True
2025-04-24 06:17:17,741 - hpack.hpack - DEBUG - Encoding 23 with 4 bits
2025-04-24 06:17:17,741 - hpack.hpack - DEBUG - Encoding 172 with 7 bits
2025-04-24 06:17:17,741 - hpack.hpack - DEBUG - Adding (b'x-supabase-api-version', b'2024-01-01') to the header table, sensitive:False, huffman:True
2025-04-24 06:17:17,741 - hpack.hpack - DEBUG - Encoding 16 with 7 bits
2025-04-24 06:17:17,741 - hpack.hpack - DEBUG - Encoding 7 with 7 bits
2025-04-24 06:17:17,741 - hpack.hpack - DEBUG - Adding (b'content-type', b'application/json;charset=UTF-8') to the header table, sensitive:False, huffman:True
2025-04-24 06:17:17,741 - hpack.hpack - DEBUG - Encoding 31 with 6 bits
2025-04-24 06:17:17,741 - hpack.hpack - DEBUG - Encoding 22 with 7 bits
2025-04-24 06:17:17,741 - hpack.hpack - DEBUG - Adding (b'content-length', b'104') to the header table, sensitive:False, huffman:True
2025-04-24 06:17:17,741 - hpack.hpack - DEBUG - Encoding 28 with 6 bits
2025-04-24 06:17:17,741 - hpack.hpack - DEBUG - Encoding 2 with 7 bits
2025-04-24 06:17:17,741 - hpack.hpack - DEBUG - Encoded header block to b"\x83A\x98?{}M\xda^\xb5\x9a^\xa9$\xc8\xa3\xb7s.\x8bk\x1ccAW!\xff\x87D\x99`v\xa6v;\x85\x84\x9f\xa9j\xff&\xb0u&$\xfa\xac\xb0V4#\xc1\xec\x93S\x83\xf9c\xe7P\x8f\x9b\xd9\xab\xfaRB\xcb@\xd2_\xa5=\xa12\x7fz\x8e\xaf\xd2g=KN\x94\xd7\xe5\x80.'\x97\x0f@\x8a\xf2\xb1(1jJ\xc6\xaaS\xff\x8dE\xb5\x8e1\xa0\xabW\xe9\x81.\x16\xd7\x07@\x85\x1df\xea__\xff(/\xac\xb3\xc7\x88\x86\xd4l\xb98{\xc8\x1d&\xc8\x8c\x95ml\x97\xb29\x93\xad\x7f\x9coe}r\xfa\xcbY\x19\xd0mF\xcb\xeeO\xcb\xb3\xf3\xa7\x0f\xbf\xdd\xd9\x11\x92\xac\xb4~\x9b#\x99)|R~QQ9~\xd8LTR6v\xf4\xfdgJ\t\xf9\xfb^Cx1)}\x1f\xbb\xb29\x92\x9c6\xc6&\x8d\x9e\xf6Z\xf9\xfel6\xae\x98\x19\xd3\x7fcZo\xf3\xf3\xab~\xc4d\xa7\x8bD\xbd\x91\xcd\x1d!\x16\x8b\xfb=h\xe9\x81\xbd8\xc0\xbf\xe6\x878jy;\xe2.\xe1\xe2:|{\xd9dc\xdd\x90D%\xf4\xb2\x9drf\xeb\xcbt \xba\x9c\x1d0\x7f\x1f\x08\xff-\xbaQ\xd8[\x14/\xac\xb3\xc7\x88\x86\xd4l\xb98{\xc8\x1d&\xc8\x8c\x95ml\x97\xb29\x93\xad\x7f\x9coe}r\xfa\xcbY\x19\xd0mF\xcb\xeeO\xcb\xb3\xf3\xa7\x0f\xbf\xdd\xd9\x11\x92\xac\xb4~\x9b#\x99)|R~QQ9~\xd8LTR6v\xf4\xfdgJ\t\xf9\xfb^Cx1)}\x1f\xbb\xb29\x92\x9c6\xc6&\x8d\x9e\xf6Z\xf9\xfel6\xae\x98\x19\xd3\x7fcZo\xf3\xf3\xab~\xc4d\xa7\x8bD\xbd\x91\xcd\x1d!\x16\x8b\xfb=h\xe9\x81\xbd8\xc0\xbf\xe6\x878jy;\xe2.\xe1\xe2:|{\xd9dc\xdd\x90D%\xf4\xb2\x9drf\xeb\xcbt \xba\x9c\x1d0\x7f@\x90\xf2\xb2-\xacq\x8d\x05Xu\x99n\xe5\xb1\x06=_\x87\x10\x04\xd2\xc0\n\xc0\x0f_\x96\x1du\xd0b\r&=LtA\xea\xfb$\xe3\xb1\x05L\x1c7\xe1Y\xef\\\x82\x08\x1a"
2025-04-24 06:17:17,741 - httpcore.http2 - DEBUG - send_request_headers.complete
2025-04-24 06:17:17,741 - httpcore.http2 - DEBUG - send_request_body.started request=<Request [b'POST']> stream_id=1
2025-04-24 06:17:17,741 - httpcore.http2 - DEBUG - send_request_body.complete
2025-04-24 06:17:17,741 - httpcore.http2 - DEBUG - receive_response_headers.started request=<Request [b'POST']> stream_id=1
2025-04-24 06:17:17,750 - httpcore.http2 - DEBUG - receive_remote_settings.started
2025-04-24 06:17:17,750 - httpcore.http2 - DEBUG - receive_remote_settings.complete return_value=<RemoteSettingsChanged changed_settings:{ChangedSetting(setting=3, original_value=None, new_value=100), ChangedSetting(setting=4, original_value=65535, new_value=65536), ChangedSetting(setting=5, original_value=16384, new_value=16777215)}>
2025-04-24 06:17:17,900 - hpack.hpack - DEBUG - Decoding b'?\xe1\x1f\x88a\x96\xdf=\xbfJ\t\xa5!\xae\xc5\x04\x016\xa0Ap.\xdc\x0b\xcab\xd1\xbf_\x8b\x1du\xd0b\r&=LtA\xea@\x85$\xabX?_\x90}\x96\xda\x91\xf7\xcb$\x83xq\xb8\xca\xdc\xf9\xfe\xff@\x8a$\xab\x10d\x9c\xab!#M\xa8\x86\xbf\xcfL:2^Z\x83\x9b\xd9\xabx\xa0\xa4~V\x1c\xc5\x81\x90\xb6\xcb\x80\x00>\xd45D\xa2\xd9\x0b\xba\xd8\xef\x9e\x91\x9a\xa4}\xa9]\x85\xa0\xe3\x93{\x91\xd5a\xa65_JBB\x16\xb4\xad\x82\xa2\x1eCU7@\x8dDkL4\x97\xc0\xfd-\xdc\xb6 \xc7\xab\x011@\x8aDkWa\xfa\x14\x89Z\xc2\xcb\x90?{}M\xda^\xb5\x9a^\xa9$\xc8\xa3\xb7s\x7f@\x90\xf2\xb1\x0fRKRVO\xaa\xca\xb1\xebI\x8fR?\x85\xa8\xe8\xa8\xd2\xcb@\x8f\xf2\xb1j\xee\x7fK\r)-5\xa5b\x1e\xda\x93\x011@\x95\xf2\xb1j\xee\x7fK[Z\x13aGJ\xc8-\x9d\xccB\xac\x93R_\x82\x08\x19v\x87%\x07\xb6Ih\x1d\x85@\x85\x1d\tY\x1d\xc9\x90\x9d\x98?\x9b\x8d4\xcf\xf3\xf6\xa5#\x81\xe7\x1a\x00?'
2025-04-24 06:17:17,900 - hpack.hpack - DEBUG - Decoded 4096, consumed 3 bytes
2025-04-24 06:17:17,900 - hpack.table - DEBUG - Resizing header table to 4096 from 4096
2025-04-24 06:17:17,900 - hpack.hpack - DEBUG - Decoded 8, consumed 1 bytes
2025-04-24 06:17:17,900 - hpack.hpack - DEBUG - Decoded (b':status', b'200'), consumed 1
2025-04-24 06:17:17,900 - hpack.hpack - DEBUG - Decoded 33, consumed 1 bytes
2025-04-24 06:17:17,900 - hpack.hpack - DEBUG - Decoded 22, consumed 1 bytes
2025-04-24 06:17:17,900 - hpack.hpack - DEBUG - Decoded (b'date', b'Thu, 24 Apr 2025 10:17:18 GMT'), total consumed 24 bytes, indexed True
2025-04-24 06:17:17,900 - hpack.hpack - DEBUG - Decoded 31, consumed 1 bytes
2025-04-24 06:17:17,900 - hpack.hpack - DEBUG - Decoded 11, consumed 1 bytes
2025-04-24 06:17:17,900 - hpack.hpack - DEBUG - Decoded (b'content-type', b'application/json'), total consumed 13 bytes, indexed True
2025-04-24 06:17:17,900 - hpack.hpack - DEBUG - Decoded 5, consumed 1 bytes
2025-04-24 06:17:17,900 - hpack.hpack - DEBUG - Decoded 16, consumed 1 bytes
2025-04-24 06:17:17,900 - hpack.hpack - DEBUG - Decoded (b'cf-ray', b'9354d99edda8ab63-YYZ'), total consumed 24 bytes, indexed True
2025-04-24 06:17:17,900 - hpack.hpack - DEBUG - Decoded 10, consumed 1 bytes
2025-04-24 06:17:17,900 - hpack.hpack - DEBUG - Decoded 6, consumed 1 bytes
2025-04-24 06:17:17,900 - hpack.hpack - DEBUG - Decoded (b'cf-cache-status', b'DYNAMIC'), total consumed 19 bytes, indexed True
2025-04-24 06:17:17,900 - hpack.hpack - DEBUG - Decoded 26, consumed 1 bytes
2025-04-24 06:17:17,900 - hpack.hpack - DEBUG - Decoded 3, consumed 1 bytes
2025-04-24 06:17:17,900 - hpack.hpack - DEBUG - Decoded (b'content-encoding', b'gzip'), total consumed 5 bytes, indexed True
2025-04-24 06:17:17,900 - hpack.hpack - DEBUG - Decoded 56, consumed 1 bytes
2025-04-24 06:17:17,900 - hpack.hpack - DEBUG - Decoded 32, consumed 1 bytes
2025-04-24 06:17:17,900 - hpack.hpack - DEBUG - Decoded (b'strict-transport-security', b'max-age=31536000; includeSubDomains; preload'), total consumed 34 bytes, indexed True
2025-04-24 06:17:17,900 - hpack.hpack - DEBUG - Decoded 59, consumed 1 bytes
2025-04-24 06:17:17,900 - hpack.hpack - DEBUG - Decoded 17, consumed 1 bytes
2025-04-24 06:17:17,900 - hpack.hpack - DEBUG - Decoded (b'vary', b'Origin, Accept-Encoding'), total consumed 19 bytes, indexed True
2025-04-24 06:17:17,900 - hpack.hpack - DEBUG - Decoded 13, consumed 1 bytes
2025-04-24 06:17:17,900 - hpack.hpack - DEBUG - Decoded 1, consumed 1 bytes
2025-04-24 06:17:17,900 - hpack.hpack - DEBUG - Decoded (b'sb-gateway-version', <memory at 0x119309e40>), total consumed 17 bytes, indexed True
2025-04-24 06:17:17,900 - hpack.hpack - DEBUG - Decoded 10, consumed 1 bytes
2025-04-24 06:17:17,900 - hpack.hpack - DEBUG - Decoded 16, consumed 1 bytes
2025-04-24 06:17:17,900 - hpack.hpack - DEBUG - Decoded (b'sb-project-ref', b'ovuygqfkpifktcgslqvi'), total consumed 29 bytes, indexed True
2025-04-24 06:17:17,900 - hpack.hpack - DEBUG - Decoded 16, consumed 1 bytes
2025-04-24 06:17:17,900 - hpack.hpack - DEBUG - Decoded 5, consumed 1 bytes
2025-04-24 06:17:17,900 - hpack.hpack - DEBUG - Decoded (b'x-content-type-options', b'nosniff'), total consumed 24 bytes, indexed True
2025-04-24 06:17:17,900 - hpack.hpack - DEBUG - Decoded 15, consumed 1 bytes
2025-04-24 06:17:17,901 - hpack.hpack - DEBUG - Decoded 1, consumed 1 bytes
2025-04-24 06:17:17,901 - hpack.hpack - DEBUG - Decoded (b'x-envoy-attempt-count', <memory at 0x11930a380>), total consumed 19 bytes, indexed True
2025-04-24 06:17:17,901 - hpack.hpack - DEBUG - Decoded 21, consumed 1 bytes
2025-04-24 06:17:17,901 - hpack.hpack - DEBUG - Decoded 2, consumed 1 bytes
2025-04-24 06:17:17,901 - hpack.hpack - DEBUG - Decoded (b'x-envoy-upstream-service-time', b'103'), total consumed 26 bytes, indexed True
2025-04-24 06:17:17,901 - hpack.hpack - DEBUG - Decoded 54, consumed 1 bytes
2025-04-24 06:17:17,901 - hpack.hpack - DEBUG - Decoded 7, consumed 1 bytes
2025-04-24 06:17:17,901 - hpack.hpack - DEBUG - Decoded (b'server', b'cloudflare'), total consumed 9 bytes, indexed True
2025-04-24 06:17:17,901 - hpack.hpack - DEBUG - Decoded 5, consumed 1 bytes
2025-04-24 06:17:17,901 - hpack.hpack - DEBUG - Decoded 16, consumed 1 bytes
2025-04-24 06:17:17,901 - hpack.hpack - DEBUG - Decoded (b'alt-svc', b'h3=":443"; ma=86400'), total consumed 24 bytes, indexed True
2025-04-24 06:17:17,901 - httpcore.http2 - DEBUG - receive_response_headers.complete return_value=(200, [(b'date', b'Thu, 24 Apr 2025 10:17:18 GMT'), (b'content-type', b'application/json'), (b'cf-ray', b'9354d99edda8ab63-YYZ'), (b'cf-cache-status', b'DYNAMIC'), (b'content-encoding', b'gzip'), (b'strict-transport-security', b'max-age=31536000; includeSubDomains; preload'), (b'vary', b'Origin, Accept-Encoding'), (b'sb-gateway-version', b'1'), (b'sb-project-ref', b'ovuygqfkpifktcgslqvi'), (b'x-content-type-options', b'nosniff'), (b'x-envoy-attempt-count', b'1'), (b'x-envoy-upstream-service-time', b'103'), (b'server', b'cloudflare'), (b'alt-svc', b'h3=":443"; ma=86400')])
2025-04-24 06:17:17,901 - httpx - INFO - HTTP Request: POST https://ovuygqfkpifktcgslqvi.supabase.co/auth/v1/token?grant_type=password "HTTP/2 200 OK"
2025-04-24 06:17:17,901 - httpcore.http2 - DEBUG - receive_response_body.started request=<Request [b'POST']> stream_id=1
2025-04-24 06:17:17,901 - httpcore.http2 - DEBUG - receive_response_body.complete
2025-04-24 06:17:17,901 - httpcore.http2 - DEBUG - response_closed.started stream_id=1
2025-04-24 06:17:17,901 - httpcore.http2 - DEBUG - response_closed.complete
2025-04-24 06:17:17,902 - user_assistance_mcp - INFO - Successfully authenticated with default credentials, user ID: fcbb6c29-b83f-448e-9a13-fe716f87c0af
2025-04-24 06:17:17,904 - user_assistance_mcp - INFO - UserAssistance MCP tools defined, ready to run
2025-04-24 06:17:17,905 - user_assistance_mcp - INFO - Starting UserAssistance MCP server
2025-04-24 06:17:17,906 - asyncio - DEBUG - Using selector: KqueueSelector
2025-04-24 06:17:17,909 - mcp.server.lowlevel.server - DEBUG - Received message: root=InitializedNotification(method='notifications/initialized', params=None, jsonrpc='2.0')
2025-04-24 06:18:31,402 - mcp.server.lowlevel.server - DEBUG - Received message: <mcp.shared.session.RequestResponder object at 0x1195066f0>
2025-04-24 06:18:31,403 - mcp.server.lowlevel.server - INFO - Processing request of type ListToolsRequest
2025-04-24 06:18:31,403 - mcp.server.lowlevel.server - DEBUG - Dispatching request of type ListToolsRequest
2025-04-24 06:18:31,405 - mcp.server.lowlevel.server - DEBUG - Response sent
2025-04-24 06:18:33,331 - mcp.server.lowlevel.server - DEBUG - Received message: <mcp.shared.session.RequestResponder object at 0x1195069f0>
2025-04-24 06:18:33,332 - mcp.server.lowlevel.server - INFO - Processing request of type CallToolRequest
2025-04-24 06:18:33,332 - mcp.server.lowlevel.server - DEBUG - Dispatching request of type CallToolRequest
2025-04-24 06:18:33,332 - user_assistance_mcp - INFO - log_simple_issue called for Application Settings at LinkedIn
2025-04-24 06:18:33,332 - user_assistance_mcp - INFO - Generated application_id: 6b849023-18e5-4ac6-a877-15f34b9042d4
2025-04-24 06:18:33,332 - user_assistance_mcp - INFO - log_application_issue called with: user_id=fcbb6c29-b83f-448e-9a13-fe716f87c0af, application_id=6b849023-18e5-4ac6-a877-15f34b9042d4, company=LinkedIn, position=Application Settings, issue_type=technical_barrier
2025-04-24 06:18:33,332 - user_assistance_mcp - INFO - Issue details: Resume upload failed due to Chrome installation conflict. 'Chrome' already installed; newer version requires removal.
2025-04-24 06:18:33,332 - user_assistance_mcp - DEBUG - Upserting basic application record for application_id: 6b849023-18e5-4ac6-a877-15f34b9042d4
2025-04-24 06:18:33,358 - httpcore.connection - DEBUG - connect_tcp.started host='ovuygqfkpifktcgslqvi.supabase.co' port=443 local_address=None timeout=120 socket_options=None
2025-04-24 06:18:33,375 - httpcore.connection - DEBUG - connect_tcp.complete return_value=<httpcore._backends.sync.SyncStream object at 0x119530650>
2025-04-24 06:18:33,375 - httpcore.connection - DEBUG - start_tls.started ssl_context=<ssl.SSLContext object at 0x119529750> server_hostname='ovuygqfkpifktcgslqvi.supabase.co' timeout=120
2025-04-24 06:18:33,386 - httpcore.connection - DEBUG - start_tls.complete return_value=<httpcore._backends.sync.SyncStream object at 0x119530560>
2025-04-24 06:18:33,387 - httpcore.http2 - DEBUG - send_connection_init.started request=<Request [b'POST']>
2025-04-24 06:18:33,387 - httpcore.http2 - DEBUG - send_connection_init.complete
2025-04-24 06:18:33,387 - httpcore.http2 - DEBUG - send_request_headers.started request=<Request [b'POST']> stream_id=1
2025-04-24 06:18:33,387 - hpack.hpack - DEBUG - Adding (b':method', b'POST') to the header table, sensitive:False, huffman:True
2025-04-24 06:18:33,387 - hpack.hpack - DEBUG - Encoding 3 with 7 bits
2025-04-24 06:18:33,387 - hpack.hpack - DEBUG - Adding (b':authority', b'ovuygqfkpifktcgslqvi.supabase.co') to the header table, sensitive:False, huffman:True
2025-04-24 06:18:33,387 - hpack.hpack - DEBUG - Encoding 1 with 6 bits
2025-04-24 06:18:33,387 - hpack.hpack - DEBUG - Encoding 24 with 7 bits
2025-04-24 06:18:33,387 - hpack.hpack - DEBUG - Adding (b':scheme', b'https') to the header table, sensitive:False, huffman:True
2025-04-24 06:18:33,387 - hpack.hpack - DEBUG - Encoding 7 with 7 bits
2025-04-24 06:18:33,387 - hpack.hpack - DEBUG - Adding (b':path', b'/rest/v1/applications') to the header table, sensitive:False, huffman:True
2025-04-24 06:18:33,387 - hpack.hpack - DEBUG - Encoding 4 with 6 bits
2025-04-24 06:18:33,387 - hpack.hpack - DEBUG - Encoding 15 with 7 bits
2025-04-24 06:18:33,387 - hpack.hpack - DEBUG - Adding (b'accept', b'*/*') to the header table, sensitive:False, huffman:True
2025-04-24 06:18:33,387 - hpack.hpack - DEBUG - Encoding 19 with 6 bits
2025-04-24 06:18:33,387 - hpack.hpack - DEBUG - Encoding 3 with 7 bits
2025-04-24 06:18:33,387 - hpack.hpack - DEBUG - Adding (b'accept-encoding', b'gzip, deflate, zstd') to the header table, sensitive:False, huffman:True
2025-04-24 06:18:33,387 - hpack.hpack - DEBUG - Encoding 16 with 6 bits
2025-04-24 06:18:33,387 - hpack.hpack - DEBUG - Encoding 15 with 7 bits
2025-04-24 06:18:33,387 - hpack.hpack - DEBUG - Adding (b'user-agent', b'python-httpx/0.28.1') to the header table, sensitive:False, huffman:True
2025-04-24 06:18:33,387 - hpack.hpack - DEBUG - Encoding 58 with 6 bits
2025-04-24 06:18:33,388 - hpack.hpack - DEBUG - Encoding 14 with 7 bits
2025-04-24 06:18:33,388 - hpack.hpack - DEBUG - Adding (b'x-client-info', b'supabase-py/2.15.0') to the header table, sensitive:False, huffman:True
2025-04-24 06:18:33,388 - hpack.hpack - DEBUG - Encoding 10 with 7 bits
2025-04-24 06:18:33,388 - hpack.hpack - DEBUG - Encoding 13 with 7 bits
2025-04-24 06:18:33,388 - hpack.hpack - DEBUG - Adding (b'apikey', b'eyJhbGciOiJIUzI1NiIsInR5cCI6IkpXVCJ9.eyJpc3MiOiJzdXBhYmFzZSIsInJlZiI6Im92dXlncWZrcGlma3RjZ3NscXZpIiwicm9sZSI6ImFub24iLCJpYXQiOjE3NDQ4NDYxOTQsImV4cCI6MjA2MDQyMjE5NH0.XM6UO8tT_eSaGotwzQrbaSI2ccDt3tPdKkWSA0BtEjE') to the header table, sensitive:False, huffman:True
2025-04-24 06:18:33,388 - hpack.hpack - DEBUG - Encoding 5 with 7 bits
2025-04-24 06:18:33,388 - hpack.hpack - DEBUG - Encoding 167 with 7 bits
2025-04-24 06:18:33,388 - hpack.hpack - DEBUG - Adding (b'authorization', b'Bearer eyJhbGciOiJIUzI1NiIsImtpZCI6InBoVlcwNEg1OXFSWUJmMmsiLCJ0eXAiOiJKV1QifQ.eyJpc3MiOiJodHRwczovL292dXlncWZrcGlma3RjZ3NscXZpLnN1cGFiYXNlLmNvL2F1dGgvdjEiLCJzdWIiOiJmY2JiNmMyOS1iODNmLTQ0OGUtOWExMy1mZTcxNmY4N2MwYWYiLCJhdWQiOiJhdXRoZW50aWNhdGVkIiwiZXhwIjoxNzQ1NDkzNDM4LCJpYXQiOjE3NDU0ODk4MzgsImVtYWlsIjoidGVzdEBnbWFpbC5jb20iLCJwaG9uZSI6IiIsImFwcF9tZXRhZGF0YSI6eyJwcm92aWRlciI6ImVtYWlsIiwicHJvdmlkZXJzIjpbImVtYWlsIl19LCJ1c2VyX21ldGFkYXRhIjp7ImVtYWlsX3ZlcmlmaWVkIjp0cnVlfSwicm9sZSI6ImF1dGhlbnRpY2F0ZWQiLCJhYWwiOiJhYWwxIiwiYW1yIjpbeyJtZXRob2QiOiJwYXNzd29yZCIsInRpbWVzdGFtcCI6MTc0NTQ4OTgzOH1dLCJzZXNzaW9uX2lkIjoiNzQzOGZmZmItYTJmZi00MDk0LWJjOTktYzViMzc3MDIxODlmIiwiaXNfYW5vbnltb3VzIjpmYWxzZX0.EzgN0qODd-1YACJR7xC3Uj7YyPn-SQla27nlvMUGQc4') to the header table, sensitive:True, huffman:True
2025-04-24 06:18:33,388 - hpack.hpack - DEBUG - Encoding 23 with 4 bits
2025-04-24 06:18:33,388 - hpack.hpack - DEBUG - Encoding 585 with 7 bits
2025-04-24 06:18:33,388 - hpack.hpack - DEBUG - Adding (b'accept-profile', b'public') to the header table, sensitive:False, huffman:True
2025-04-24 06:18:33,388 - hpack.hpack - DEBUG - Encoding 10 with 7 bits
2025-04-24 06:18:33,388 - hpack.hpack - DEBUG - Encoding 5 with 7 bits
2025-04-24 06:18:33,388 - hpack.hpack - DEBUG - Adding (b'content-profile', b'public') to the header table, sensitive:False, huffman:True
2025-04-24 06:18:33,388 - hpack.hpack - DEBUG - Encoding 11 with 7 bits
2025-04-24 06:18:33,388 - hpack.hpack - DEBUG - Encoding 5 with 7 bits
2025-04-24 06:18:33,388 - hpack.hpack - DEBUG - Adding (b'prefer', b'return=representation,resolution=merge-duplicates') to the header table, sensitive:False, huffman:True
2025-04-24 06:18:33,388 - hpack.hpack - DEBUG - Encoding 5 with 7 bits
2025-04-24 06:18:33,388 - hpack.hpack - DEBUG - Encoding 34 with 7 bits
2025-04-24 06:18:33,388 - hpack.hpack - DEBUG - Adding (b'content-length', b'408') to the header table, sensitive:False, huffman:True
2025-04-24 06:18:33,388 - hpack.hpack - DEBUG - Encoding 28 with 6 bits
2025-04-24 06:18:33,388 - hpack.hpack - DEBUG - Encoding 3 with 7 bits
2025-04-24 06:18:33,389 - hpack.hpack - DEBUG - Adding (b'content-type', b'application/json') to the header table, sensitive:False, huffman:True
2025-04-24 06:18:33,389 - hpack.hpack - DEBUG - Encoding 31 with 6 bits
2025-04-24 06:18:33,389 - hpack.hpack - DEBUG - Encoding 11 with 7 bits
2025-04-24 06:18:33,389 - hpack.hpack - DEBUG - Encoded header block to b'\x83A\x98?{}M\xda^\xb5\x9a^\xa9$\xc8\xa3\xb7s.\x8bk\x1ccAW!\xff\x87D\x8fb\xc2\xa1,w\x0b\x03\xae\xba\x0cA\xa4\xc7\xa9\x1fS\x83\xf9c\xe7P\x8f\x9b\xd9\xab\xfaRB\xcb@\xd2_\xa5=\xa12\x7fz\x8e\xaf\xd2g=KN\x94\xd7\xe5\x80.\'\x97\x0f@\x8a\xf2\xb1(1jJ\xc6\xaaS\xff\x8dE\xb5\x8e1\xa0\xabW\xe9\x81.\x16\xd7\x07@\x85\x1df\xea__\xff(/\xac\xb3\xc7\x88\x86\xd4l\xb98{\xc8\x1d&\xc8\x8c\x95ml\x97\xb29\x93\xad\x7f\x9coe}r\xfa\xcbY\x19\xd0mF\xcb\xeeO\xcb\xb3\xf3\xa7\x0f\xbf\xdd\xd9\x11\x92\xac\xb4~\x9b#\x99)|R~QQ9~\xd8LTR6v\xf4\xfdgJ\t\xf9\xfb^Cx1)}\x1f\xbb\xb29\x92\x9c6\xc6&\x8d\x9e\xf6Z\xf9\xfel6\xae\x98\x19\xd3\x7fcZo\xf3\xf3\xab~\xc4d\xa7\x8bD\xbd\x91\xcd\x1d!\x16\x8b\xfb=h\xe9\x81\xbd8\xc0\xbf\xe6\x878jy;\xe2.\xe1\xe2:|{\xd9dc\xdd\x90D%\xf4\xb2\x9drf\xeb\xcbt \xba\x9c\x1d0\x7f\x1f\x08\xff\xca\x03\xbaQ\xd8[\x14/\xac\xb3\xc7\x88\x86\xd4l\xb98{\xc8\x1d&\xc8\x8c\x94\xa6\xbf\xdb\xd9\x1c\xc9U\xd3\xf1\xa0\x9e4\xe0\x98:\xbf0\xee\xe5\xc3-:)A\xb3\xde\xca\x02\xfeBmF\xcb\x9b\x88v\x1a]\x8b\x97\xd6Z\xc8\xce\x83j6S\xc9\x8fo\x82{?|\xe2|R~QQ9~\xd8LTR6v\xf4\xfdgJ\t\xf9\xfb^z\xb4\x84\x98\xb0\x9b\x9f\xe6\x9a3\xd3\xa7\xbeqa\x0c\x98\xa6\xef\'L\x06\xcf{/\xb99d6\xa3e\xa7\x98\xb2\x9bM:=j\xdc\x13j\xbf\xa6\x9c\xfb\xf6\x03V.\t\xd5\xcb\x07\x9d\x1e\x83O\xee\xf2y\xd3O6\xb4\x8bG\x8e|\xb9\x9b=\xec\xb3\xc9\xcba\xb5\x1b,\xf2~m?\xef&\xc0>Zg\x93\x17\x1e\xb9\r\xe0\xdf\xbf\x93\xf8\xc9\xd0\xfet\xfb\xd8\x1d7\xfa\xfb\xd3\x7fCY\xefe\xaf\x9f\xe6\xc3j\xe9\x81\x9d7\xf8\x03U\xfe\xadh\xf722S\xc5<\xf9P\x8c\x9d\x0ei1q\xf7&\x0b\xb5G\xcb\rq\xdeo\xa4b\x01\xb3\xde\xcb\xe0x\x9f\xb7\xf7vG2\x1b"2S\x87\xc10\xbe\x9f\xdf\xcd\xb3\xfe\xe2\xc2\x0e{\xb28_Y|\x12\x97\xc4>[h!\xb29\x92\x9e)\xe7\xca\x84d7\x83\x13\x1e^\xf2SG_\xdf\xcc\xbe\xf2t\xae<\x94\xf1O>T#%\x01\x7f=\xec\xa1 \xb8\xfa\xfc\x10h\x93\x16\x1e\xbc\xff6\xcf\x93\xa5n\xe4\xa7\x8ay\xf2\xa1\x1f\x8c\xfe\xd0Jh\xa4|\xb8\xf5\xc9\xd2\xb0\x12\xae4K\xbb\xc1\x89K\xe8\xfd\xdd\x91\xcc\x94\xe1\x0c\x98\xa7\xa2:\xb6\xd7\xccXA\xfb\xcba\xb3\xde\xcb?>^\r\xa8\xd9g\xe7\xcb\xc7\x9c\x86\xf0n|\x83\xeb\'J\xe3/\xac\xa9\xfd\xfc\xdax\xc5\xb0\xda\x8d\x97\xc7?\xcd>\xe4\x13\xfe\xbfodFJ\xb6\xd7\x1f.>\xe4\xc5\x85$\xbd\x91\xcd\x1b\xc8\r;\xf65\xab|\xde\xf5c\x0c\x99\xefe\xf7\xfb\xf9\xa7\xd8\xf9?o\xe0\xa8\xeb\x93\xa1\xcd\xa7\xde\xcfz\xb1~\xd3\xfbND\xf3\xdf\x96\x9f\xd3\x00\x1a/\xf5\x06~Yzj\xdf\xd5<\xfd\xf16\x8fdgE\xfc\x9eu_\xa2\x9c\x86\xf0a\xfei\x97\x9f&\xfb\xc7U\t\x8d\x9e>\xf2t\xae\x9e|\xbc\xfb\xfd\xfc\x02\xf8=\xcd\xa4\x1d\xb5_\x91`\xf3\x86\xf6]\xae\xf9\xbc\xcf\x0e\x8e\xf3\xf5\xae\xa5\xb7l\xa0bv\xaa;\xe8\xe1\x8ba\x1a@\x8a\x19\x08Z\xd2\xb5v\x1eSP_\x85\xae\xd8\xe81?@\x8b!\xeaIjJ\xd5\xd8yMA\x7f\x85\xae\xd8\xe81?@\x85\xae\xc2\xca[?\xa2\xb0\xa9\xb6\xca\xa0\xb0\xb5\xd8T\x16\xa4\x8d&=_V\x15\x07\xa2\xd4\x98\xf5AIl\x98\xabImt\x18\x83IQ\\\x83h\x0f\x7f_\x8b\x1du\xd0b\r&=LtA\xea'
2025-04-24 06:18:33,389 - httpcore.http2 - DEBUG - send_request_headers.complete
2025-04-24 06:18:33,389 - httpcore.http2 - DEBUG - send_request_body.started request=<Request [b'POST']> stream_id=1
2025-04-24 06:18:33,389 - httpcore.http2 - DEBUG - send_request_body.complete
2025-04-24 06:18:33,389 - httpcore.http2 - DEBUG - receive_response_headers.started request=<Request [b'POST']> stream_id=1
2025-04-24 06:18:33,393 - httpcore.http2 - DEBUG - receive_remote_settings.started
2025-04-24 06:18:33,393 - httpcore.http2 - DEBUG - receive_remote_settings.complete return_value=<RemoteSettingsChanged changed_settings:{ChangedSetting(setting=3, original_value=None, new_value=100), ChangedSetting(setting=4, original_value=65535, new_value=65536), ChangedSetting(setting=5, original_value=16384, new_value=16777215)}>
2025-04-24 06:18:33,455 - hpack.hpack - DEBUG - Decoding b'?\xe1\x1fN\x82\x10\x03a\x96\xdf=\xbfJ\t\xa5!\xae\xc5\x04\x016\xa0Ap/\\e\x951h\xdf_\x96\x1du\xd0b\r&=LtA\xea\xfbP\x93\x8e\xc4\x150Z\x99V{^\x03*/*@\x85$\xabX?_\x8f}\x96\xda\x927]\x18\xe4\x94\xa4tKs\xe7\xfb@\x8a$\xab\x10d\x9c\xab!#M\xa8\x86\xbf\xcfL:2^Z\x83\x9b\xd9\xabx\xa0\xa4~V\x1c\xc5\x81\x90\xb6\xcb\x80\x00>\xd45D\xa2\xd9\x0b\xba\xd8\xef\x9e\x91\x9a\xa4}\xa9]\x85\xa0\xe3\x93{\x8b\x84\x84-i[\x05D<\x86\xaao@\x8b!\xeaIjJ\xd5\xd8yMA\x7f\x85\xae\xd8\xe81?@\x8d\xae\xc2\xca[\x0bQ\n\xb0\xeb\xae\x83\x16O\xa3\xb0\xa8=\x16\xa4\xc7\xaa\nKd\xc5ZKk\xa0\xc4\x1aJ\x8f\xa5,*m\xb2\xa8,-v\x15\x05\xa9#I\x8fW@\x8dDkL4\x97\xc0\xfd-\xdc\xb6 \xc7\xab\x011@\x8aDkWa\xfa\x14\x89Z\xc2\xcb\x90?{}M\xda^\xb5\x9a^\xa9$\xc8\xa3\xb7s\x7f@\x90\xf2\xb1\x0fRKRVO\xaa\xca\xb1\xebI\x8fR?\x85\xa8\xe8\xa8\xd2\xcb@\x8f\xf2\xb1j\xee\x7fK\r)-5\xa5b\x1e\xda\x93\x011@\x95\xf2\xb1j\xee\x7fK[Z\x13aGJ\xc8-\x9d\xccB\xac\x93R_\x0219v\x87%\x07\xb6Ih\x1d\x85@\x85\x1d\tY\x1d\xc9\x90\x9d\x98?\x9b\x8d4\xcf\xf3\xf6\xa5#\x81\xe7\x1a\x00?'
2025-04-24 06:18:33,455 - hpack.hpack - DEBUG - Decoded 4096, consumed 3 bytes
2025-04-24 06:18:33,455 - hpack.table - DEBUG - Resizing header table to 4096 from 4096
2025-04-24 06:18:33,455 - hpack.hpack - DEBUG - Decoded 14, consumed 1 bytes
2025-04-24 06:18:33,455 - hpack.hpack - DEBUG - Decoded 2, consumed 1 bytes
2025-04-24 06:18:33,455 - hpack.hpack - DEBUG - Decoded (b':status', b'201'), total consumed 4 bytes, indexed True
2025-04-24 06:18:33,455 - hpack.hpack - DEBUG - Decoded 33, consumed 1 bytes
2025-04-24 06:18:33,455 - hpack.hpack - DEBUG - Decoded 22, consumed 1 bytes
2025-04-24 06:18:33,455 - hpack.hpack - DEBUG - Decoded (b'date', b'Thu, 24 Apr 2025 10:18:33 GMT'), total consumed 24 bytes, indexed True
2025-04-24 06:18:33,455 - hpack.hpack - DEBUG - Decoded 31, consumed 1 bytes
2025-04-24 06:18:33,455 - hpack.hpack - DEBUG - Decoded 22, consumed 1 bytes
2025-04-24 06:18:33,455 - hpack.hpack - DEBUG - Decoded (b'content-type', b'application/json; charset=utf-8'), total consumed 24 bytes, indexed True
2025-04-24 06:18:33,455 - hpack.hpack - DEBUG - Decoded 30, consumed 1 bytes
2025-04-24 06:18:33,455 - hpack.hpack - DEBUG - Decoded 3, consumed 1 bytes
2025-04-24 06:18:33,455 - hpack.hpack - DEBUG - Decoded (b'content-range', <memory at 0x11930bac0>), total consumed 5 bytes, indexed True
2025-04-24 06:18:33,455 - hpack.hpack - DEBUG - Decoded 5, consumed 1 bytes
2025-04-24 06:18:33,456 - hpack.hpack - DEBUG - Decoded 15, consumed 1 bytes
2025-04-24 06:18:33,456 - hpack.hpack - DEBUG - Decoded (b'cf-ray', b'9354db77aadfec72-YYZ'), total consumed 23 bytes, indexed True
2025-04-24 06:18:33,456 - hpack.hpack - DEBUG - Decoded 10, consumed 1 bytes
2025-04-24 06:18:33,456 - hpack.hpack - DEBUG - Decoded 6, consumed 1 bytes
2025-04-24 06:18:33,456 - hpack.hpack - DEBUG - Decoded (b'cf-cache-status', b'DYNAMIC'), total consumed 19 bytes, indexed True
2025-04-24 06:18:33,456 - hpack.hpack - DEBUG - Decoded 26, consumed 1 bytes
2025-04-24 06:18:33,456 - hpack.hpack - DEBUG - Decoded 3, consumed 1 bytes
2025-04-24 06:18:33,456 - hpack.hpack - DEBUG - Decoded (b'content-encoding', b'gzip'), total consumed 5 bytes, indexed True
2025-04-24 06:18:33,456 - hpack.hpack - DEBUG - Decoded 56, consumed 1 bytes
2025-04-24 06:18:33,456 - hpack.hpack - DEBUG - Decoded 32, consumed 1 bytes
2025-04-24 06:18:33,456 - hpack.hpack - DEBUG - Decoded (b'strict-transport-security', b'max-age=31536000; includeSubDomains; preload'), total consumed 34 bytes, indexed True
2025-04-24 06:18:33,456 - hpack.hpack - DEBUG - Decoded 59, consumed 1 bytes
2025-04-24 06:18:33,456 - hpack.hpack - DEBUG - Decoded 11, consumed 1 bytes
2025-04-24 06:18:33,456 - hpack.hpack - DEBUG - Decoded (b'vary', b'Accept-Encoding'), total consumed 13 bytes, indexed True
2025-04-24 06:18:33,456 - hpack.hpack - DEBUG - Decoded 11, consumed 1 bytes
2025-04-24 06:18:33,456 - hpack.hpack - DEBUG - Decoded 5, consumed 1 bytes
2025-04-24 06:18:33,456 - hpack.hpack - DEBUG - Decoded (b'content-profile', b'public'), total consumed 19 bytes, indexed True
2025-04-24 06:18:33,456 - hpack.hpack - DEBUG - Decoded 13, consumed 1 bytes
2025-04-24 06:18:33,456 - hpack.hpack - DEBUG - Decoded 35, consumed 1 bytes
2025-04-24 06:18:33,456 - hpack.hpack - DEBUG - Decoded (b'preference-applied', b'resolution=merge-duplicates, return=representation'), total consumed 51 bytes, indexed True
2025-04-24 06:18:33,456 - hpack.hpack - DEBUG - Decoded 13, consumed 1 bytes
2025-04-24 06:18:33,456 - hpack.hpack - DEBUG - Decoded 1, consumed 1 bytes
2025-04-24 06:18:33,457 - hpack.hpack - DEBUG - Decoded (b'sb-gateway-version', <memory at 0x11930ba00>), total consumed 17 bytes, indexed True
2025-04-24 06:18:33,457 - hpack.hpack - DEBUG - Decoded 10, consumed 1 bytes
2025-04-24 06:18:33,457 - hpack.hpack - DEBUG - Decoded 16, consumed 1 bytes
2025-04-24 06:18:33,457 - hpack.hpack - DEBUG - Decoded (b'sb-project-ref', b'ovuygqfkpifktcgslqvi'), total consumed 29 bytes, indexed True
2025-04-24 06:18:33,457 - hpack.hpack - DEBUG - Decoded 16, consumed 1 bytes
2025-04-24 06:18:33,457 - hpack.hpack - DEBUG - Decoded 5, consumed 1 bytes
2025-04-24 06:18:33,457 - hpack.hpack - DEBUG - Decoded (b'x-content-type-options', b'nosniff'), total consumed 24 bytes, indexed True
2025-04-24 06:18:33,457 - hpack.hpack - DEBUG - Decoded 15, consumed 1 bytes
2025-04-24 06:18:33,457 - hpack.hpack - DEBUG - Decoded 1, consumed 1 bytes
2025-04-24 06:18:33,457 - hpack.hpack - DEBUG - Decoded (b'x-envoy-attempt-count', <memory at 0x11930bb80>), total consumed 19 bytes, indexed True
2025-04-24 06:18:33,457 - hpack.hpack - DEBUG - Decoded 21, consumed 1 bytes
2025-04-24 06:18:33,457 - hpack.hpack - DEBUG - Decoded 2, consumed 1 bytes
2025-04-24 06:18:33,457 - hpack.hpack - DEBUG - Decoded (b'x-envoy-upstream-service-time', <memory at 0x11930bc40>), total consumed 26 bytes, indexed True
2025-04-24 06:18:33,457 - hpack.hpack - DEBUG - Decoded 54, consumed 1 bytes
2025-04-24 06:18:33,457 - hpack.hpack - DEBUG - Decoded 7, consumed 1 bytes
2025-04-24 06:18:33,457 - hpack.hpack - DEBUG - Decoded (b'server', b'cloudflare'), total consumed 9 bytes, indexed True
2025-04-24 06:18:33,457 - hpack.hpack - DEBUG - Decoded 5, consumed 1 bytes
2025-04-24 06:18:33,457 - hpack.hpack - DEBUG - Decoded 16, consumed 1 bytes
2025-04-24 06:18:33,457 - hpack.hpack - DEBUG - Decoded (b'alt-svc', b'h3=":443"; ma=86400'), total consumed 24 bytes, indexed True
2025-04-24 06:18:33,457 - httpcore.http2 - DEBUG - receive_response_headers.complete return_value=(201, [(b'date', b'Thu, 24 Apr 2025 10:18:33 GMT'), (b'content-type', b'application/json; charset=utf-8'), (b'content-range', b'*/*'), (b'cf-ray', b'9354db77aadfec72-YYZ'), (b'cf-cache-status', b'DYNAMIC'), (b'content-encoding', b'gzip'), (b'strict-transport-security', b'max-age=31536000; includeSubDomains; preload'), (b'vary', b'Accept-Encoding'), (b'content-profile', b'public'), (b'preference-applied', b'resolution=merge-duplicates, return=representation'), (b'sb-gateway-version', b'1'), (b'sb-project-ref', b'ovuygqfkpifktcgslqvi'), (b'x-content-type-options', b'nosniff'), (b'x-envoy-attempt-count', b'1'), (b'x-envoy-upstream-service-time', b'19'), (b'server', b'cloudflare'), (b'alt-svc', b'h3=":443"; ma=86400')])
2025-04-24 06:18:33,458 - httpx - INFO - HTTP Request: POST https://ovuygqfkpifktcgslqvi.supabase.co/rest/v1/applications "HTTP/2 201 Created"
2025-04-24 06:18:33,458 - httpcore.http2 - DEBUG - receive_response_body.started request=<Request [b'POST']> stream_id=1
2025-04-24 06:18:33,458 - httpcore.http2 - DEBUG - receive_response_body.complete
2025-04-24 06:18:33,458 - httpcore.http2 - DEBUG - response_closed.started stream_id=1
2025-04-24 06:18:33,458 - httpcore.http2 - DEBUG - response_closed.complete
2025-04-24 06:18:33,461 - user_assistance_mcp - DEBUG - Successfully upserted application record for 6b849023-18e5-4ac6-a877-15f34b9042d4
2025-04-24 06:18:33,461 - user_assistance_mcp - DEBUG - Preparing to insert issue into application_issues table
2025-04-24 06:18:33,461 - user_assistance_mcp - DEBUG - Issue Insert data: {'user_id': 'fcbb6c29-b83f-448e-9a13-fe716f87c0af', 'application_id': '6b849023-18e5-4ac6-a877-15f34b9042d4', 'company': 'LinkedIn', 'position': 'Application Settings', 'issue_type': 'technical_barrier', 'issue_details': "Resume upload failed due to Chrome installation conflict. 'Chrome' already installed; newer version requires removal.", 'status': 'pending', 'created_at': '2025-04-24T06:18:33.461789'}
2025-04-24 06:18:33,461 - user_assistance_mcp - DEBUG - Executing supabase insert for application_issues
2025-04-24 06:18:33,462 - httpcore.http2 - DEBUG - send_request_headers.started request=<Request [b'POST']> stream_id=3
2025-04-24 06:18:33,462 - hpack.hpack - DEBUG - Adding (b':method', b'POST') to the header table, sensitive:False, huffman:True
2025-04-24 06:18:33,462 - hpack.hpack - DEBUG - Encoding 3 with 7 bits
2025-04-24 06:18:33,462 - hpack.hpack - DEBUG - Adding (b':authority', b'ovuygqfkpifktcgslqvi.supabase.co') to the header table, sensitive:False, huffman:True
2025-04-24 06:18:33,462 - hpack.hpack - DEBUG - Encoding 73 with 7 bits
2025-04-24 06:18:33,462 - hpack.hpack - DEBUG - Adding (b':scheme', b'https') to the header table, sensitive:False, huffman:True
2025-04-24 06:18:33,462 - hpack.hpack - DEBUG - Encoding 7 with 7 bits
2025-04-24 06:18:33,462 - hpack.hpack - DEBUG - Adding (b':path', b'/rest/v1/application_issues') to the header table, sensitive:False, huffman:True
2025-04-24 06:18:33,462 - hpack.hpack - DEBUG - Encoding 4 with 6 bits
2025-04-24 06:18:33,462 - hpack.hpack - DEBUG - Encoding 19 with 7 bits
2025-04-24 06:18:33,462 - hpack.hpack - DEBUG - Adding (b'accept', b'*/*') to the header table, sensitive:False, huffman:True
2025-04-24 06:18:33,462 - hpack.hpack - DEBUG - Encoding 72 with 7 bits
2025-04-24 06:18:33,462 - hpack.hpack - DEBUG - Adding (b'accept-encoding', b'gzip, deflate, zstd') to the header table, sensitive:False, huffman:True
2025-04-24 06:18:33,462 - hpack.hpack - DEBUG - Encoding 71 with 7 bits
2025-04-24 06:18:33,462 - hpack.hpack - DEBUG - Adding (b'user-agent', b'python-httpx/0.28.1') to the header table, sensitive:False, huffman:True
2025-04-24 06:18:33,462 - hpack.hpack - DEBUG - Encoding 70 with 7 bits
2025-04-24 06:18:33,462 - hpack.hpack - DEBUG - Adding (b'x-client-info', b'supabase-py/2.15.0') to the header table, sensitive:False, huffman:True
2025-04-24 06:18:33,462 - hpack.hpack - DEBUG - Encoding 69 with 7 bits
2025-04-24 06:18:33,462 - hpack.hpack - DEBUG - Adding (b'apikey', b'eyJhbGciOiJIUzI1NiIsInR5cCI6IkpXVCJ9.eyJpc3MiOiJzdXBhYmFzZSIsInJlZiI6Im92dXlncWZrcGlma3RjZ3NscXZpIiwicm9sZSI6ImFub24iLCJpYXQiOjE3NDQ4NDYxOTQsImV4cCI6MjA2MDQyMjE5NH0.XM6UO8tT_eSaGotwzQrbaSI2ccDt3tPdKkWSA0BtEjE') to the header table, sensitive:False, huffman:True
2025-04-24 06:18:33,462 - hpack.hpack - DEBUG - Encoding 68 with 7 bits
2025-04-24 06:18:33,463 - hpack.hpack - DEBUG - Adding (b'authorization', b'Bearer eyJhbGciOiJIUzI1NiIsImtpZCI6InBoVlcwNEg1OXFSWUJmMmsiLCJ0eXAiOiJKV1QifQ.eyJpc3MiOiJodHRwczovL292dXlncWZrcGlma3RjZ3NscXZpLnN1cGFiYXNlLmNvL2F1dGgvdjEiLCJzdWIiOiJmY2JiNmMyOS1iODNmLTQ0OGUtOWExMy1mZTcxNmY4N2MwYWYiLCJhdWQiOiJhdXRoZW50aWNhdGVkIiwiZXhwIjoxNzQ1NDkzNDM4LCJpYXQiOjE3NDU0ODk4MzgsImVtYWlsIjoidGVzdEBnbWFpbC5jb20iLCJwaG9uZSI6IiIsImFwcF9tZXRhZGF0YSI6eyJwcm92aWRlciI6ImVtYWlsIiwicHJvdmlkZXJzIjpbImVtYWlsIl19LCJ1c2VyX21ldGFkYXRhIjp7ImVtYWlsX3ZlcmlmaWVkIjp0cnVlfSwicm9sZSI6ImF1dGhlbnRpY2F0ZWQiLCJhYWwiOiJhYWwxIiwiYW1yIjpbeyJtZXRob2QiOiJwYXNzd29yZCIsInRpbWVzdGFtcCI6MTc0NTQ4OTgzOH1dLCJzZXNzaW9uX2lkIjoiNzQzOGZmZmItYTJmZi00MDk0LWJjOTktYzViMzc3MDIxODlmIiwiaXNfYW5vbnltb3VzIjpmYWxzZX0.EzgN0qODd-1YACJR7xC3Uj7YyPn-SQla27nlvMUGQc4') to the header table, sensitive:True, huffman:True
2025-04-24 06:18:33,463 - hpack.hpack - DEBUG - Encoding 23 with 4 bits
2025-04-24 06:18:33,463 - hpack.hpack - DEBUG - Encoding 585 with 7 bits
2025-04-24 06:18:33,463 - hpack.hpack - DEBUG - Adding (b'accept-profile', b'public') to the header table, sensitive:False, huffman:True
2025-04-24 06:18:33,463 - hpack.hpack - DEBUG - Encoding 67 with 7 bits
2025-04-24 06:18:33,463 - hpack.hpack - DEBUG - Adding (b'content-profile', b'public') to the header table, sensitive:False, huffman:True
2025-04-24 06:18:33,463 - hpack.hpack - DEBUG - Encoding 66 with 7 bits
2025-04-24 06:18:33,463 - hpack.hpack - DEBUG - Adding (b'prefer', b'return=representation') to the header table, sensitive:False, huffman:True
2025-04-24 06:18:33,463 - hpack.hpack - DEBUG - Encoding 65 with 6 bits
2025-04-24 06:18:33,463 - hpack.hpack - DEBUG - Encoding 15 with 7 bits
2025-04-24 06:18:33,463 - hpack.hpack - DEBUG - Adding (b'content-length', b'391') to the header table, sensitive:False, huffman:True
2025-04-24 06:18:33,463 - hpack.hpack - DEBUG - Encoding 28 with 6 bits
2025-04-24 06:18:33,463 - hpack.hpack - DEBUG - Encoding 3 with 7 bits
2025-04-24 06:18:33,463 - hpack.hpack - DEBUG - Adding (b'content-type', b'application/json') to the header table, sensitive:False, huffman:True
2025-04-24 06:18:33,463 - hpack.hpack - DEBUG - Encoding 65 with 7 bits
2025-04-24 06:18:33,463 - hpack.hpack - DEBUG - Encoded header block to b'\x83\xc9\x87D\x93b\xc2\xa1,w\x0b\x03\xae\xba\x0cA\xa4\xc7\xaa#!\x16\x95\x1f\xc8\xc7\xc6\xc5\xc4\x1f\x08\xff\xca\x03\xbaQ\xd8[\x14/\xac\xb3\xc7\x88\x86\xd4l\xb98{\xc8\x1d&\xc8\x8c\x94\xa6\xbf\xdb\xd9\x1c\xc9U\xd3\xf1\xa0\x9e4\xe0\x98:\xbf0\xee\xe5\xc3-:)A\xb3\xde\xca\x02\xfeBmF\xcb\x9b\x88v\x1a]\x8b\x97\xd6Z\xc8\xce\x83j6S\xc9\x8fo\x82{?|\xe2|R~QQ9~\xd8LTR6v\xf4\xfdgJ\t\xf9\xfb^z\xb4\x84\x98\xb0\x9b\x9f\xe6\x9a3\xd3\xa7\xbeqa\x0c\x98\xa6\xef\'L\x06\xcf{/\xb99d6\xa3e\xa7\x98\xb2\x9bM:=j\xdc\x13j\xbf\xa6\x9c\xfb\xf6\x03V.\t\xd5\xcb\x07\x9d\x1e\x83O\xee\xf2y\xd3O6\xb4\x8bG\x8e|\xb9\x9b=\xec\xb3\xc9\xcba\xb5\x1b,\xf2~m?\xef&\xc0>Zg\x93\x17\x1e\xb9\r\xe0\xdf\xbf\x93\xf8\xc9\xd0\xfet\xfb\xd8\x1d7\xfa\xfb\xd3\x7fCY\xefe\xaf\x9f\xe6\xc3j\xe9\x81\x9d7\xf8\x03U\xfe\xadh\xf722S\xc5<\xf9P\x8c\x9d\x0ei1q\xf7&\x0b\xb5G\xcb\rq\xdeo\xa4b\x01\xb3\xde\xcb\xe0x\x9f\xb7\xf7vG2\x1b"2S\x87\xc10\xbe\x9f\xdf\xcd\xb3\xfe\xe2\xc2\x0e{\xb28_Y|\x12\x97\xc4>[h!\xb29\x92\x9e)\xe7\xca\x84d7\x83\x13\x1e^\xf2SG_\xdf\xcc\xbe\xf2t\xae<\x94\xf1O>T#%\x01\x7f=\xec\xa1 \xb8\xfa\xfc\x10h\x93\x16\x1e\xbc\xff6\xcf\x93\xa5n\xe4\xa7\x8ay\xf2\xa1\x1f\x8c\xfe\xd0Jh\xa4|\xb8\xf5\xc9\xd2\xb0\x12\xae4K\xbb\xc1\x89K\xe8\xfd\xdd\x91\xcc\x94\xe1\x0c\x98\xa7\xa2:\xb6\xd7\xccXA\xfb\xcba\xb3\xde\xcb?>^\r\xa8\xd9g\xe7\xcb\xc7\x9c\x86\xf0n|\x83\xeb\'J\xe3/\xac\xa9\xfd\xfc\xdax\xc5\xb0\xda\x8d\x97\xc7?\xcd>\xe4\x13\xfe\xbfodFJ\xb6\xd7\x1f.>\xe4\xc5\x85$\xbd\x91\xcd\x1b\xc8\r;\xf65\xab|\xde\xf5c\x0c\x99\xefe\xf7\xfb\xf9\xa7\xd8\xf9?o\xe0\xa8\xeb\x93\xa1\xcd\xa7\xde\xcfz\xb1~\xd3\xfbND\xf3\xdf\x96\x9f\xd3\x00\x1a/\xf5\x06~Yzj\xdf\xd5<\xfd\xf16\x8fdgE\xfc\x9eu_\xa2\x9c\x86\xf0a\xfei\x97\x9f&\xfb\xc7U\t\x8d\x9e>\xf2t\xae\x9e|\xbc\xfb\xfd\xfc\x02\xf8=\xcd\xa4\x1d\xb5_\x91`\xf3\x86\xf6]\xae\xf9\xbc\xcf\x0e\x8e\xf3\xf5\xae\xa5\xb7l\xa0bv\xaa;\xe8\xe1\x8ba\x1a\xc3\xc2\x7f\x02\x8f\xb0\xa9\xb6\xca\xa0\xb0\xb5\xd8T\x16\xa4\x8d&=_\\\x83e\xf0\xff\xc1'
2025-04-24 06:18:33,464 - httpcore.http2 - DEBUG - send_request_headers.complete
2025-04-24 06:18:33,464 - httpcore.http2 - DEBUG - send_request_body.started request=<Request [b'POST']> stream_id=3
2025-04-24 06:18:33,464 - httpcore.http2 - DEBUG - send_request_body.complete
2025-04-24 06:18:33,464 - httpcore.http2 - DEBUG - receive_response_headers.started request=<Request [b'POST']> stream_id=3
2025-04-24 06:18:33,532 - hpack.hpack - DEBUG - Decoding b'\xcf\xce\xcd\xcc\x7f\x0c\x8f}\x96\xda\x927^\x14n\xc8R:%\xb9\xf3\xfd\xcb\xca\xc9\xc8\xc7\x7f\x07\x8f\xb0\xa9\xb6\xca\xa0\xb0\xb5\xd8T\x16\xa4\x8d&=_\xc6\xc5\xc4\xc3\x7f\x03\x0222\xc2\xc1'
2025-04-24 06:18:33,532 - hpack.hpack - DEBUG - Decoded 79, consumed 1 bytes
2025-04-24 06:18:33,532 - hpack.hpack - DEBUG - Decoded (b':status', b'201'), consumed 1
2025-04-24 06:18:33,533 - hpack.hpack - DEBUG - Decoded 78, consumed 1 bytes
2025-04-24 06:18:33,533 - hpack.hpack - DEBUG - Decoded (b'date', b'Thu, 24 Apr 2025 10:18:33 GMT'), consumed 1
2025-04-24 06:18:33,533 - hpack.hpack - DEBUG - Decoded 77, consumed 1 bytes
2025-04-24 06:18:33,533 - hpack.hpack - DEBUG - Decoded (b'content-type', b'application/json; charset=utf-8'), consumed 1
2025-04-24 06:18:33,533 - hpack.hpack - DEBUG - Decoded 76, consumed 1 bytes
2025-04-24 06:18:33,533 - hpack.hpack - DEBUG - Decoded (b'content-range', <memory at 0x11930bac0>), consumed 1
2025-04-24 06:18:33,533 - hpack.hpack - DEBUG - Decoded 75, consumed 2 bytes
2025-04-24 06:18:33,533 - hpack.hpack - DEBUG - Decoded 15, consumed 1 bytes
2025-04-24 06:18:33,534 - hpack.hpack - DEBUG - Decoded (b'cf-ray', b'9354db782b7dec72-YYZ'), total consumed 18 bytes, indexed True
2025-04-24 06:18:33,534 - hpack.hpack - DEBUG - Decoded 75, consumed 1 bytes
2025-04-24 06:18:33,534 - hpack.hpack - DEBUG - Decoded (b'cf-cache-status', b'DYNAMIC'), consumed 1
2025-04-24 06:18:33,534 - hpack.hpack - DEBUG - Decoded 74, consumed 1 bytes
2025-04-24 06:18:33,534 - hpack.hpack - DEBUG - Decoded (b'content-encoding', b'gzip'), consumed 1
2025-04-24 06:18:33,534 - hpack.hpack - DEBUG - Decoded 73, consumed 1 bytes
2025-04-24 06:18:33,534 - hpack.hpack - DEBUG - Decoded (b'strict-transport-security', b'max-age=31536000; includeSubDomains; preload'), consumed 1
2025-04-24 06:18:33,534 - hpack.hpack - DEBUG - Decoded 72, consumed 1 bytes
2025-04-24 06:18:33,534 - hpack.hpack - DEBUG - Decoded (b'vary', b'Accept-Encoding'), consumed 1
2025-04-24 06:18:33,535 - hpack.hpack - DEBUG - Decoded 71, consumed 1 bytes
2025-04-24 06:18:33,535 - hpack.hpack - DEBUG - Decoded (b'content-profile', b'public'), consumed 1
2025-04-24 06:18:33,535 - hpack.hpack - DEBUG - Decoded 70, consumed 2 bytes
2025-04-24 06:18:33,535 - hpack.hpack - DEBUG - Decoded 15, consumed 1 bytes
2025-04-24 06:18:33,535 - hpack.hpack - DEBUG - Decoded (b'preference-applied', b'return=representation'), total consumed 18 bytes, indexed True
2025-04-24 06:18:33,535 - hpack.hpack - DEBUG - Decoded 70, consumed 1 bytes
2025-04-24 06:18:33,535 - hpack.hpack - DEBUG - Decoded (b'sb-gateway-version', <memory at 0x11930ba00>), consumed 1
2025-04-24 06:18:33,535 - hpack.hpack - DEBUG - Decoded 69, consumed 1 bytes
2025-04-24 06:18:33,535 - hpack.hpack - DEBUG - Decoded (b'sb-project-ref', b'ovuygqfkpifktcgslqvi'), consumed 1
2025-04-24 06:18:33,535 - hpack.hpack - DEBUG - Decoded 68, consumed 1 bytes
2025-04-24 06:18:33,535 - hpack.hpack - DEBUG - Decoded (b'x-content-type-options', b'nosniff'), consumed 1
2025-04-24 06:18:33,535 - hpack.hpack - DEBUG - Decoded 67, consumed 1 bytes
2025-04-24 06:18:33,536 - hpack.hpack - DEBUG - Decoded (b'x-envoy-attempt-count', <memory at 0x11930bb80>), consumed 1
2025-04-24 06:18:33,536 - hpack.hpack - DEBUG - Decoded 66, consumed 2 bytes
2025-04-24 06:18:33,536 - hpack.hpack - DEBUG - Decoded 2, consumed 1 bytes
2025-04-24 06:18:33,536 - hpack.hpack - DEBUG - Decoded (b'x-envoy-upstream-service-time', <memory at 0x11930bf40>), total consumed 5 bytes, indexed True
2025-04-24 06:18:33,536 - hpack.hpack - DEBUG - Decoded 66, consumed 1 bytes
2025-04-24 06:18:33,536 - hpack.hpack - DEBUG - Decoded (b'server', b'cloudflare'), consumed 1
2025-04-24 06:18:33,536 - hpack.hpack - DEBUG - Decoded 65, consumed 1 bytes
2025-04-24 06:18:33,536 - hpack.hpack - DEBUG - Decoded (b'alt-svc', b'h3=":443"; ma=86400'), consumed 1
2025-04-24 06:18:33,536 - httpcore.http2 - DEBUG - receive_response_headers.complete return_value=(201, [(b'date', b'Thu, 24 Apr 2025 10:18:33 GMT'), (b'content-type', b'application/json; charset=utf-8'), (b'content-range', b'*/*'), (b'cf-ray', b'9354db782b7dec72-YYZ'), (b'cf-cache-status', b'DYNAMIC'), (b'content-encoding', b'gzip'), (b'strict-transport-security', b'max-age=31536000; includeSubDomains; preload'), (b'vary', b'Accept-Encoding'), (b'content-profile', b'public'), (b'preference-applied', b'return=representation'), (b'sb-gateway-version', b'1'), (b'sb-project-ref', b'ovuygqfkpifktcgslqvi'), (b'x-content-type-options', b'nosniff'), (b'x-envoy-attempt-count', b'1'), (b'x-envoy-upstream-service-time', b'22'), (b'server', b'cloudflare'), (b'alt-svc', b'h3=":443"; ma=86400')])
2025-04-24 06:18:33,536 - httpx - INFO - HTTP Request: POST https://ovuygqfkpifktcgslqvi.supabase.co/rest/v1/application_issues "HTTP/2 201 Created"
2025-04-24 06:18:33,537 - httpcore.http2 - DEBUG - receive_response_body.started request=<Request [b'POST']> stream_id=3
2025-04-24 06:18:33,537 - httpcore.http2 - DEBUG - receive_response_body.complete
2025-04-24 06:18:33,537 - httpcore.http2 - DEBUG - response_closed.started stream_id=3
2025-04-24 06:18:33,537 - httpcore.http2 - DEBUG - response_closed.complete
2025-04-24 06:18:33,537 - user_assistance_mcp - DEBUG - Supabase application_issues response: data=[{'id': 'c6b0edb8-e577-4aea-8175-5e419d75fcda', 'user_id': 'fcbb6c29-b83f-448e-9a13-fe716f87c0af', 'application_id': '6b849023-18e5-4ac6-a877-15f34b9042d4', 'company': 'LinkedIn', 'position': 'Application Settings', 'issue_type': 'technical_barrier', 'issue_details': "Resume upload failed due to Chrome installation conflict. 'Chrome' already installed; newer version requires removal.", 'status': 'pending', 'created_at': '2025-04-24T06:18:33.461789+00:00', 'resolved_at': None, 'resolution_note': None}] count=None
2025-04-24 06:18:33,537 - user_assistance_mcp - INFO - Issue logged successfully with ID: c6b0edb8-e577-4aea-8175-5e419d75fcda
2025-04-24 06:18:33,538 - mcp.server.lowlevel.server - DEBUG - Response sent
2025-04-24 06:18:33,539 - mcp.server.lowlevel.server - DEBUG - Received message: <mcp.shared.session.RequestResponder object at 0x1193acef0>
2025-04-24 06:18:33,539 - mcp.server.lowlevel.server - INFO - Processing request of type CallToolRequest
2025-04-24 06:18:33,540 - mcp.server.lowlevel.server - DEBUG - Dispatching request of type CallToolRequest
2025-04-24 06:18:33,540 - user_assistance_mcp - INFO - send_simple_notification called with title: Resume Upload Issue on LinkedIn
2025-04-24 06:18:33,540 - user_assistance_mcp - INFO - send_application_notification called with: user_id=fcbb6c29-b83f-448e-9a13-fe716f87c0af, title=Resume Upload Issue on LinkedIn, type=alert
2025-04-24 06:18:33,540 - user_assistance_mcp - INFO - Notification message: There was a problem uploading your resume to LinkedIn Application Settings due to a Chrome installation conflict. Please resolve the Chrome installation issue to proceed with resume uploads.
2025-04-24 06:18:33,540 - user_assistance_mcp - DEBUG - Preparing to insert notification into notifications table
2025-04-24 06:18:33,540 - user_assistance_mcp - DEBUG - Insert data: {'user_id': 'fcbb6c29-b83f-448e-9a13-fe716f87c0af', 'title': 'Resume Upload Issue on LinkedIn', 'content': 'There was a problem uploading your resume to LinkedIn Application Settings due to a Chrome installation conflict. Please resolve the Chrome installation issue to proceed with resume uploads.', 'type': 'alert', 'read': False, 'created_at': '2025-04-24T06:18:33.540479'}
2025-04-24 06:18:33,540 - user_assistance_mcp - DEBUG - Executing supabase insert for notifications
2025-04-24 06:18:33,541 - httpcore.http2 - DEBUG - send_request_headers.started request=<Request [b'POST']> stream_id=5
2025-04-24 06:18:33,541 - hpack.hpack - DEBUG - Adding (b':method', b'POST') to the header table, sensitive:False, huffman:True
2025-04-24 06:18:33,541 - hpack.hpack - DEBUG - Encoding 3 with 7 bits
2025-04-24 06:18:33,541 - hpack.hpack - DEBUG - Adding (b':authority', b'ovuygqfkpifktcgslqvi.supabase.co') to the header table, sensitive:False, huffman:True
2025-04-24 06:18:33,541 - hpack.hpack - DEBUG - Encoding 76 with 7 bits
2025-04-24 06:18:33,541 - hpack.hpack - DEBUG - Adding (b':scheme', b'https') to the header table, sensitive:False, huffman:True
2025-04-24 06:18:33,541 - hpack.hpack - DEBUG - Encoding 7 with 7 bits
2025-04-24 06:18:33,541 - hpack.hpack - DEBUG - Adding (b':path', b'/rest/v1/notifications') to the header table, sensitive:False, huffman:True
2025-04-24 06:18:33,541 - hpack.hpack - DEBUG - Encoding 4 with 6 bits
2025-04-24 06:18:33,541 - hpack.hpack - DEBUG - Encoding 15 with 7 bits
2025-04-24 06:18:33,541 - hpack.hpack - DEBUG - Adding (b'accept', b'*/*') to the header table, sensitive:False, huffman:True
2025-04-24 06:18:33,542 - hpack.hpack - DEBUG - Encoding 75 with 7 bits
2025-04-24 06:18:33,542 - hpack.hpack - DEBUG - Adding (b'accept-encoding', b'gzip, deflate, zstd') to the header table, sensitive:False, huffman:True
2025-04-24 06:18:33,542 - hpack.hpack - DEBUG - Encoding 74 with 7 bits
2025-04-24 06:18:33,542 - hpack.hpack - DEBUG - Adding (b'user-agent', b'python-httpx/0.28.1') to the header table, sensitive:False, huffman:True
2025-04-24 06:18:33,542 - hpack.hpack - DEBUG - Encoding 73 with 7 bits
2025-04-24 06:18:33,542 - hpack.hpack - DEBUG - Adding (b'x-client-info', b'supabase-py/2.15.0') to the header table, sensitive:False, huffman:True
2025-04-24 06:18:33,542 - hpack.hpack - DEBUG - Encoding 72 with 7 bits
2025-04-24 06:18:33,542 - hpack.hpack - DEBUG - Adding (b'apikey', b'eyJhbGciOiJIUzI1NiIsInR5cCI6IkpXVCJ9.eyJpc3MiOiJzdXBhYmFzZSIsInJlZiI6Im92dXlncWZrcGlma3RjZ3NscXZpIiwicm9sZSI6ImFub24iLCJpYXQiOjE3NDQ4NDYxOTQsImV4cCI6MjA2MDQyMjE5NH0.XM6UO8tT_eSaGotwzQrbaSI2ccDt3tPdKkWSA0BtEjE') to the header table, sensitive:False, huffman:True
2025-04-24 06:18:33,542 - hpack.hpack - DEBUG - Encoding 71 with 7 bits
2025-04-24 06:18:33,542 - hpack.hpack - DEBUG - Adding (b'authorization', b'Bearer eyJhbGciOiJIUzI1NiIsImtpZCI6InBoVlcwNEg1OXFSWUJmMmsiLCJ0eXAiOiJKV1QifQ.eyJpc3MiOiJodHRwczovL292dXlncWZrcGlma3RjZ3NscXZpLnN1cGFiYXNlLmNvL2F1dGgvdjEiLCJzdWIiOiJmY2JiNmMyOS1iODNmLTQ0OGUtOWExMy1mZTcxNmY4N2MwYWYiLCJhdWQiOiJhdXRoZW50aWNhdGVkIiwiZXhwIjoxNzQ1NDkzNDM4LCJpYXQiOjE3NDU0ODk4MzgsImVtYWlsIjoidGVzdEBnbWFpbC5jb20iLCJwaG9uZSI6IiIsImFwcF9tZXRhZGF0YSI6eyJwcm92aWRlciI6ImVtYWlsIiwicHJvdmlkZXJzIjpbImVtYWlsIl19LCJ1c2VyX21ldGFkYXRhIjp7ImVtYWlsX3ZlcmlmaWVkIjp0cnVlfSwicm9sZSI6ImF1dGhlbnRpY2F0ZWQiLCJhYWwiOiJhYWwxIiwiYW1yIjpbeyJtZXRob2QiOiJwYXNzd29yZCIsInRpbWVzdGFtcCI6MTc0NTQ4OTgzOH1dLCJzZXNzaW9uX2lkIjoiNzQzOGZmZmItYTJmZi00MDk0LWJjOTktYzViMzc3MDIxODlmIiwiaXNfYW5vbnltb3VzIjpmYWxzZX0.EzgN0qODd-1YACJR7xC3Uj7YyPn-SQla27nlvMUGQc4') to the header table, sensitive:True, huffman:True
2025-04-24 06:18:33,542 - hpack.hpack - DEBUG - Encoding 23 with 4 bits
2025-04-24 06:18:33,542 - hpack.hpack - DEBUG - Encoding 585 with 7 bits
2025-04-24 06:18:33,543 - hpack.hpack - DEBUG - Adding (b'accept-profile', b'public') to the header table, sensitive:False, huffman:True
2025-04-24 06:18:33,543 - hpack.hpack - DEBUG - Encoding 70 with 7 bits
2025-04-24 06:18:33,543 - hpack.hpack - DEBUG - Adding (b'content-profile', b'public') to the header table, sensitive:False, huffman:True
2025-04-24 06:18:33,543 - hpack.hpack - DEBUG - Encoding 69 with 7 bits
2025-04-24 06:18:33,543 - hpack.hpack - DEBUG - Adding (b'prefer', b'return=representation') to the header table, sensitive:False, huffman:True
2025-04-24 06:18:33,543 - hpack.hpack - DEBUG - Encoding 64 with 7 bits
2025-04-24 06:18:33,543 - hpack.hpack - DEBUG - Adding (b'content-length', b'365') to the header table, sensitive:False, huffman:True
2025-04-24 06:18:33,543 - hpack.hpack - DEBUG - Encoding 28 with 6 bits
2025-04-24 06:18:33,543 - hpack.hpack - DEBUG - Encoding 3 with 7 bits
2025-04-24 06:18:33,543 - hpack.hpack - DEBUG - Adding (b'content-type', b'application/json') to the header table, sensitive:False, huffman:True
2025-04-24 06:18:33,543 - hpack.hpack - DEBUG - Encoding 67 with 7 bits
2025-04-24 06:18:33,543 - hpack.hpack - DEBUG - Encoded header block to b'\x83\xcc\x87D\x8fb\xc2\xa1,w\x0b\x15\x1d&\x94\xc4\x1aLz\x91\xcb\xca\xc9\xc8\xc7\x1f\x08\xff\xca\x03\xbaQ\xd8[\x14/\xac\xb3\xc7\x88\x86\xd4l\xb98{\xc8\x1d&\xc8\x8c\x94\xa6\xbf\xdb\xd9\x1c\xc9U\xd3\xf1\xa0\x9e4\xe0\x98:\xbf0\xee\xe5\xc3-:)A\xb3\xde\xca\x02\xfeBmF\xcb\x9b\x88v\x1a]\x8b\x97\xd6Z\xc8\xce\x83j6S\xc9\x8fo\x82{?|\xe2|R~QQ9~\xd8LTR6v\xf4\xfdgJ\t\xf9\xfb^z\xb4\x84\x98\xb0\x9b\x9f\xe6\x9a3\xd3\xa7\xbeqa\x0c\x98\xa6\xef\'L\x06\xcf{/\xb99d6\xa3e\xa7\x98\xb2\x9bM:=j\xdc\x13j\xbf\xa6\x9c\xfb\xf6\x03V.\t\xd5\xcb\x07\x9d\x1e\x83O\xee\xf2y\xd3O6\xb4\x8bG\x8e|\xb9\x9b=\xec\xb3\xc9\xcba\xb5\x1b,\xf2~m?\xef&\xc0>Zg\x93\x17\x1e\xb9\r\xe0\xdf\xbf\x93\xf8\xc9\xd0\xfet\xfb\xd8\x1d7\xfa\xfb\xd3\x7fCY\xefe\xaf\x9f\xe6\xc3j\xe9\x81\x9d7\xf8\x03U\xfe\xadh\xf722S\xc5<\xf9P\x8c\x9d\x0ei1q\xf7&\x0b\xb5G\xcb\rq\xdeo\xa4b\x01\xb3\xde\xcb\xe0x\x9f\xb7\xf7vG2\x1b"2S\x87\xc10\xbe\x9f\xdf\xcd\xb3\xfe\xe2\xc2\x0e{\xb28_Y|\x12\x97\xc4>[h!\xb29\x92\x9e)\xe7\xca\x84d7\x83\x13\x1e^\xf2SG_\xdf\xcc\xbe\xf2t\xae<\x94\xf1O>T#%\x01\x7f=\xec\xa1 \xb8\xfa\xfc\x10h\x93\x16\x1e\xbc\xff6\xcf\x93\xa5n\xe4\xa7\x8ay\xf2\xa1\x1f\x8c\xfe\xd0Jh\xa4|\xb8\xf5\xc9\xd2\xb0\x12\xae4K\xbb\xc1\x89K\xe8\xfd\xdd\x91\xcc\x94\xe1\x0c\x98\xa7\xa2:\xb6\xd7\xccXA\xfb\xcba\xb3\xde\xcb?>^\r\xa8\xd9g\xe7\xcb\xc7\x9c\x86\xf0n|\x83\xeb\'J\xe3/\xac\xa9\xfd\xfc\xdax\xc5\xb0\xda\x8d\x97\xc7?\xcd>\xe4\x13\xfe\xbfodFJ\xb6\xd7\x1f.>\xe4\xc5\x85$\xbd\x91\xcd\x1b\xc8\r;\xf65\xab|\xde\xf5c\x0c\x99\xefe\xf7\xfb\xf9\xa7\xd8\xf9?o\xe0\xa8\xeb\x93\xa1\xcd\xa7\xde\xcfz\xb1~\xd3\xfbND\xf3\xdf\x96\x9f\xd3\x00\x1a/\xf5\x06~Yzj\xdf\xd5<\xfd\xf16\x8fdgE\xfc\x9eu_\xa2\x9c\x86\xf0a\xfei\x97\x9f&\xfb\xc7U\t\x8d\x9e>\xf2t\xae\x9e|\xbc\xfb\xfd\xfc\x02\xf8=\xcd\xa4\x1d\xb5_\x91`\xf3\x86\xf6]\xae\xf9\xbc\xcf\x0e\x8e\xf3\xf5\xae\xa5\xb7l\xa0bv\xaa;\xe8\xe1\x8ba\x1a\xc6\xc5\xc0\\\x83e\xc6\xff\xc3'
2025-04-24 06:18:33,543 - httpcore.http2 - DEBUG - send_request_headers.complete
2025-04-24 06:18:33,543 - httpcore.http2 - DEBUG - send_request_body.started request=<Request [b'POST']> stream_id=5
2025-04-24 06:18:33,543 - httpcore.http2 - DEBUG - send_request_body.complete
2025-04-24 06:18:33,544 - httpcore.http2 - DEBUG - receive_response_headers.started request=<Request [b'POST']> stream_id=5
2025-04-24 06:18:33,594 - hpack.hpack - DEBUG - Decoding b'\xd2\xd1\xd0\xcf\x7f\x0f\x8f}\x96\xda\x927^\x19\x19\x01H\xe8\x96\xe7\xcf\xf7\xce\xcd\xcc\xcb\xca\xc0\xc8\xc7\xc6\xc5\x7f\x05\x016\xc4\xc3'
2025-04-24 06:18:33,595 - hpack.hpack - DEBUG - Decoded 82, consumed 1 bytes
2025-04-24 06:18:33,595 - hpack.hpack - DEBUG - Decoded (b':status', b'201'), consumed 1
2025-04-24 06:18:33,595 - hpack.hpack - DEBUG - Decoded 81, consumed 1 bytes
2025-04-24 06:18:33,595 - hpack.hpack - DEBUG - Decoded (b'date', b'Thu, 24 Apr 2025 10:18:33 GMT'), consumed 1
2025-04-24 06:18:33,595 - hpack.hpack - DEBUG - Decoded 80, consumed 1 bytes
2025-04-24 06:18:33,596 - hpack.hpack - DEBUG - Decoded (b'content-type', b'application/json; charset=utf-8'), consumed 1
2025-04-24 06:18:33,596 - hpack.hpack - DEBUG - Decoded 79, consumed 1 bytes
2025-04-24 06:18:33,596 - hpack.hpack - DEBUG - Decoded (b'content-range', <memory at 0x11930bac0>), consumed 1
2025-04-24 06:18:33,596 - hpack.hpack - DEBUG - Decoded 78, consumed 2 bytes
2025-04-24 06:18:33,596 - hpack.hpack - DEBUG - Decoded 15, consumed 1 bytes
2025-04-24 06:18:33,596 - hpack.hpack - DEBUG - Decoded (b'cf-ray', b'9354db78ac30ec72-YYZ'), total consumed 18 bytes, indexed True
2025-04-24 06:18:33,596 - hpack.hpack - DEBUG - Decoded 78, consumed 1 bytes
2025-04-24 06:18:33,596 - hpack.hpack - DEBUG - Decoded (b'cf-cache-status', b'DYNAMIC'), consumed 1
2025-04-24 06:18:33,596 - hpack.hpack - DEBUG - Decoded 77, consumed 1 bytes
2025-04-24 06:18:33,597 - hpack.hpack - DEBUG - Decoded (b'content-encoding', b'gzip'), consumed 1
2025-04-24 06:18:33,597 - hpack.hpack - DEBUG - Decoded 76, consumed 1 bytes
2025-04-24 06:18:33,597 - hpack.hpack - DEBUG - Decoded (b'strict-transport-security', b'max-age=31536000; includeSubDomains; preload'), consumed 1
2025-04-24 06:18:33,597 - hpack.hpack - DEBUG - Decoded 75, consumed 1 bytes
2025-04-24 06:18:33,597 - hpack.hpack - DEBUG - Decoded (b'vary', b'Accept-Encoding'), consumed 1
2025-04-24 06:18:33,597 - hpack.hpack - DEBUG - Decoded 74, consumed 1 bytes
2025-04-24 06:18:33,597 - hpack.hpack - DEBUG - Decoded (b'content-profile', b'public'), consumed 1
2025-04-24 06:18:33,597 - hpack.hpack - DEBUG - Decoded 64, consumed 1 bytes
2025-04-24 06:18:33,597 - hpack.hpack - DEBUG - Decoded (b'preference-applied', b'return=representation'), consumed 1
2025-04-24 06:18:33,597 - hpack.hpack - DEBUG - Decoded 72, consumed 1 bytes
2025-04-24 06:18:33,598 - hpack.hpack - DEBUG - Decoded (b'sb-gateway-version', <memory at 0x11930ba00>), consumed 1
2025-04-24 06:18:33,598 - hpack.hpack - DEBUG - Decoded 71, consumed 1 bytes
2025-04-24 06:18:33,598 - hpack.hpack - DEBUG - Decoded (b'sb-project-ref', b'ovuygqfkpifktcgslqvi'), consumed 1
2025-04-24 06:18:33,598 - hpack.hpack - DEBUG - Decoded 70, consumed 1 bytes
2025-04-24 06:18:33,598 - hpack.hpack - DEBUG - Decoded (b'x-content-type-options', b'nosniff'), consumed 1
2025-04-24 06:18:33,598 - hpack.hpack - DEBUG - Decoded 69, consumed 1 bytes
2025-04-24 06:18:33,598 - hpack.hpack - DEBUG - Decoded (b'x-envoy-attempt-count', <memory at 0x11930bb80>), consumed 1
2025-04-24 06:18:33,598 - hpack.hpack - DEBUG - Decoded 68, consumed 2 bytes
2025-04-24 06:18:33,598 - hpack.hpack - DEBUG - Decoded 1, consumed 1 bytes
2025-04-24 06:18:33,598 - hpack.hpack - DEBUG - Decoded (b'x-envoy-upstream-service-time', <memory at 0x11930a500>), total consumed 4 bytes, indexed True
2025-04-24 06:18:33,598 - hpack.hpack - DEBUG - Decoded 68, consumed 1 bytes
2025-04-24 06:18:33,598 - hpack.hpack - DEBUG - Decoded (b'server', b'cloudflare'), consumed 1
2025-04-24 06:18:33,598 - hpack.hpack - DEBUG - Decoded 67, consumed 1 bytes
2025-04-24 06:18:33,598 - hpack.hpack - DEBUG - Decoded (b'alt-svc', b'h3=":443"; ma=86400'), consumed 1
2025-04-24 06:18:33,599 - httpcore.http2 - DEBUG - receive_response_headers.complete return_value=(201, [(b'date', b'Thu, 24 Apr 2025 10:18:33 GMT'), (b'content-type', b'application/json; charset=utf-8'), (b'content-range', b'*/*'), (b'cf-ray', b'9354db78ac30ec72-YYZ'), (b'cf-cache-status', b'DYNAMIC'), (b'content-encoding', b'gzip'), (b'strict-transport-security', b'max-age=31536000; includeSubDomains; preload'), (b'vary', b'Accept-Encoding'), (b'content-profile', b'public'), (b'preference-applied', b'return=representation'), (b'sb-gateway-version', b'1'), (b'sb-project-ref', b'ovuygqfkpifktcgslqvi'), (b'x-content-type-options', b'nosniff'), (b'x-envoy-attempt-count', b'1'), (b'x-envoy-upstream-service-time', b'6'), (b'server', b'cloudflare'), (b'alt-svc', b'h3=":443"; ma=86400')])
2025-04-24 06:18:33,599 - httpx - INFO - HTTP Request: POST https://ovuygqfkpifktcgslqvi.supabase.co/rest/v1/notifications "HTTP/2 201 Created"
2025-04-24 06:18:33,599 - httpcore.http2 - DEBUG - receive_response_body.started request=<Request [b'POST']> stream_id=5
2025-04-24 06:18:33,599 - httpcore.http2 - DEBUG - receive_response_body.complete
2025-04-24 06:18:33,599 - httpcore.http2 - DEBUG - response_closed.started stream_id=5
2025-04-24 06:18:33,599 - httpcore.http2 - DEBUG - response_closed.complete
2025-04-24 06:18:33,601 - user_assistance_mcp - DEBUG - Supabase notifications response: data=[{'id': '387e1725-4805-4e3b-aa99-5195cfe4e5e2', 'user_id': 'fcbb6c29-b83f-448e-9a13-fe716f87c0af', 'title': 'Resume Upload Issue on LinkedIn', 'content': 'There was a problem uploading your resume to LinkedIn Application Settings due to a Chrome installation conflict. Please resolve the Chrome installation issue to proceed with resume uploads.', 'type': 'alert', 'read': False, 'created_at': '2025-04-24T06:18:33.540479+00:00', 'reference_id': None, 'reference_type': None}] count=None
2025-04-24 06:18:33,601 - user_assistance_mcp - INFO - Notification sent successfully
2025-04-24 06:18:33,602 - mcp.server.lowlevel.server - DEBUG - Response sent
2025-04-24 06:19:03,972 - mcp.server.lowlevel.server - DEBUG - Received message: <mcp.shared.session.RequestResponder object at 0x119506930>
2025-04-24 06:19:03,972 - mcp.server.lowlevel.server - INFO - Processing request of type ListToolsRequest
2025-04-24 06:19:03,972 - mcp.server.lowlevel.server - DEBUG - Dispatching request of type ListToolsRequest
2025-04-24 06:19:03,974 - mcp.server.lowlevel.server - DEBUG - Response sent
2025-04-24 06:19:07,429 - mcp.server.lowlevel.server - DEBUG - Received message: <mcp.shared.session.RequestResponder object at 0x119315ee0>
2025-04-24 06:19:07,429 - mcp.server.lowlevel.server - INFO - Processing request of type CallToolRequest
2025-04-24 06:19:07,429 - mcp.server.lowlevel.server - DEBUG - Dispatching request of type CallToolRequest
2025-04-24 06:19:07,429 - user_assistance_mcp - INFO - log_simple_issue called for Various at LinkedIn
2025-04-24 06:19:07,429 - user_assistance_mcp - INFO - Generated application_id: 8580d2ed-5dfc-41d9-86c1-1623a39ab931
2025-04-24 06:19:07,429 - user_assistance_mcp - INFO - log_application_issue called with: user_id=fcbb6c29-b83f-448e-9a13-fe716f87c0af, application_id=8580d2ed-5dfc-41d9-86c1-1623a39ab931, company=LinkedIn, position=Various, issue_type=technical_barrier
2025-04-24 06:19:07,429 - user_assistance_mcp - INFO - Issue details: Cannot access LinkedIn job search page due to missing login credentials. Skipping LinkedIn job applications.
2025-04-24 06:19:07,430 - user_assistance_mcp - DEBUG - Upserting basic application record for application_id: 8580d2ed-5dfc-41d9-86c1-1623a39ab931
2025-04-24 06:19:07,430 - httpcore.connection - DEBUG - close.started
2025-04-24 06:19:07,430 - httpcore.connection - DEBUG - close.complete
2025-04-24 06:19:07,430 - httpcore.connection - DEBUG - connect_tcp.started host='ovuygqfkpifktcgslqvi.supabase.co' port=443 local_address=None timeout=120 socket_options=None
2025-04-24 06:19:07,450 - httpcore.connection - DEBUG - connect_tcp.complete return_value=<httpcore._backends.sync.SyncStream object at 0x119530320>
2025-04-24 06:19:07,450 - httpcore.connection - DEBUG - start_tls.started ssl_context=<ssl.SSLContext object at 0x119529750> server_hostname='ovuygqfkpifktcgslqvi.supabase.co' timeout=120
2025-04-24 06:19:07,498 - httpcore.connection - DEBUG - start_tls.complete return_value=<httpcore._backends.sync.SyncStream object at 0x1195301a0>
2025-04-24 06:19:07,498 - httpcore.http2 - DEBUG - send_connection_init.started request=<Request [b'POST']>
2025-04-24 06:19:07,498 - httpcore.http2 - DEBUG - send_connection_init.complete
2025-04-24 06:19:07,499 - httpcore.http2 - DEBUG - send_request_headers.started request=<Request [b'POST']> stream_id=1
2025-04-24 06:19:07,499 - hpack.hpack - DEBUG - Adding (b':method', b'POST') to the header table, sensitive:False, huffman:True
2025-04-24 06:19:07,499 - hpack.hpack - DEBUG - Encoding 3 with 7 bits
2025-04-24 06:19:07,499 - hpack.hpack - DEBUG - Adding (b':authority', b'ovuygqfkpifktcgslqvi.supabase.co') to the header table, sensitive:False, huffman:True
2025-04-24 06:19:07,499 - hpack.hpack - DEBUG - Encoding 1 with 6 bits
2025-04-24 06:19:07,499 - hpack.hpack - DEBUG - Encoding 24 with 7 bits
2025-04-24 06:19:07,499 - hpack.hpack - DEBUG - Adding (b':scheme', b'https') to the header table, sensitive:False, huffman:True
2025-04-24 06:19:07,499 - hpack.hpack - DEBUG - Encoding 7 with 7 bits
2025-04-24 06:19:07,499 - hpack.hpack - DEBUG - Adding (b':path', b'/rest/v1/applications') to the header table, sensitive:False, huffman:True
2025-04-24 06:19:07,499 - hpack.hpack - DEBUG - Encoding 4 with 6 bits
2025-04-24 06:19:07,499 - hpack.hpack - DEBUG - Encoding 15 with 7 bits
2025-04-24 06:19:07,499 - hpack.hpack - DEBUG - Adding (b'accept', b'*/*') to the header table, sensitive:False, huffman:True
2025-04-24 06:19:07,499 - hpack.hpack - DEBUG - Encoding 19 with 6 bits
2025-04-24 06:19:07,499 - hpack.hpack - DEBUG - Encoding 3 with 7 bits
2025-04-24 06:19:07,500 - hpack.hpack - DEBUG - Adding (b'accept-encoding', b'gzip, deflate, zstd') to the header table, sensitive:False, huffman:True
2025-04-24 06:19:07,500 - hpack.hpack - DEBUG - Encoding 16 with 6 bits
2025-04-24 06:19:07,500 - hpack.hpack - DEBUG - Encoding 15 with 7 bits
2025-04-24 06:19:07,500 - hpack.hpack - DEBUG - Adding (b'user-agent', b'python-httpx/0.28.1') to the header table, sensitive:False, huffman:True
2025-04-24 06:19:07,500 - hpack.hpack - DEBUG - Encoding 58 with 6 bits
2025-04-24 06:19:07,500 - hpack.hpack - DEBUG - Encoding 14 with 7 bits
2025-04-24 06:19:07,500 - hpack.hpack - DEBUG - Adding (b'x-client-info', b'supabase-py/2.15.0') to the header table, sensitive:False, huffman:True
2025-04-24 06:19:07,500 - hpack.hpack - DEBUG - Encoding 10 with 7 bits
2025-04-24 06:19:07,500 - hpack.hpack - DEBUG - Encoding 13 with 7 bits
2025-04-24 06:19:07,500 - hpack.hpack - DEBUG - Adding (b'apikey', b'eyJhbGciOiJIUzI1NiIsInR5cCI6IkpXVCJ9.eyJpc3MiOiJzdXBhYmFzZSIsInJlZiI6Im92dXlncWZrcGlma3RjZ3NscXZpIiwicm9sZSI6ImFub24iLCJpYXQiOjE3NDQ4NDYxOTQsImV4cCI6MjA2MDQyMjE5NH0.XM6UO8tT_eSaGotwzQrbaSI2ccDt3tPdKkWSA0BtEjE') to the header table, sensitive:False, huffman:True
2025-04-24 06:19:07,500 - hpack.hpack - DEBUG - Encoding 5 with 7 bits
2025-04-24 06:19:07,500 - hpack.hpack - DEBUG - Encoding 167 with 7 bits
2025-04-24 06:19:07,500 - hpack.hpack - DEBUG - Adding (b'authorization', b'Bearer eyJhbGciOiJIUzI1NiIsImtpZCI6InBoVlcwNEg1OXFSWUJmMmsiLCJ0eXAiOiJKV1QifQ.eyJpc3MiOiJodHRwczovL292dXlncWZrcGlma3RjZ3NscXZpLnN1cGFiYXNlLmNvL2F1dGgvdjEiLCJzdWIiOiJmY2JiNmMyOS1iODNmLTQ0OGUtOWExMy1mZTcxNmY4N2MwYWYiLCJhdWQiOiJhdXRoZW50aWNhdGVkIiwiZXhwIjoxNzQ1NDkzNDM4LCJpYXQiOjE3NDU0ODk4MzgsImVtYWlsIjoidGVzdEBnbWFpbC5jb20iLCJwaG9uZSI6IiIsImFwcF9tZXRhZGF0YSI6eyJwcm92aWRlciI6ImVtYWlsIiwicHJvdmlkZXJzIjpbImVtYWlsIl19LCJ1c2VyX21ldGFkYXRhIjp7ImVtYWlsX3ZlcmlmaWVkIjp0cnVlfSwicm9sZSI6ImF1dGhlbnRpY2F0ZWQiLCJhYWwiOiJhYWwxIiwiYW1yIjpbeyJtZXRob2QiOiJwYXNzd29yZCIsInRpbWVzdGFtcCI6MTc0NTQ4OTgzOH1dLCJzZXNzaW9uX2lkIjoiNzQzOGZmZmItYTJmZi00MDk0LWJjOTktYzViMzc3MDIxODlmIiwiaXNfYW5vbnltb3VzIjpmYWxzZX0.EzgN0qODd-1YACJR7xC3Uj7YyPn-SQla27nlvMUGQc4') to the header table, sensitive:True, huffman:True
2025-04-24 06:19:07,500 - hpack.hpack - DEBUG - Encoding 23 with 4 bits
2025-04-24 06:19:07,501 - hpack.hpack - DEBUG - Encoding 585 with 7 bits
2025-04-24 06:19:07,501 - hpack.hpack - DEBUG - Adding (b'accept-profile', b'public') to the header table, sensitive:False, huffman:True
2025-04-24 06:19:07,501 - hpack.hpack - DEBUG - Encoding 10 with 7 bits
2025-04-24 06:19:07,501 - hpack.hpack - DEBUG - Encoding 5 with 7 bits
2025-04-24 06:19:07,501 - hpack.hpack - DEBUG - Adding (b'content-profile', b'public') to the header table, sensitive:False, huffman:True
2025-04-24 06:19:07,501 - hpack.hpack - DEBUG - Encoding 11 with 7 bits
2025-04-24 06:19:07,501 - hpack.hpack - DEBUG - Encoding 5 with 7 bits
2025-04-24 06:19:07,501 - hpack.hpack - DEBUG - Adding (b'prefer', b'return=representation,resolution=merge-duplicates') to the header table, sensitive:False, huffman:True
2025-04-24 06:19:07,501 - hpack.hpack - DEBUG - Encoding 5 with 7 bits
2025-04-24 06:19:07,501 - hpack.hpack - DEBUG - Encoding 34 with 7 bits
2025-04-24 06:19:07,501 - hpack.hpack - DEBUG - Adding (b'content-length', b'386') to the header table, sensitive:False, huffman:True
2025-04-24 06:19:07,501 - hpack.hpack - DEBUG - Encoding 28 with 6 bits
2025-04-24 06:19:07,501 - hpack.hpack - DEBUG - Encoding 3 with 7 bits
2025-04-24 06:19:07,501 - hpack.hpack - DEBUG - Adding (b'content-type', b'application/json') to the header table, sensitive:False, huffman:True
2025-04-24 06:19:07,501 - hpack.hpack - DEBUG - Encoding 31 with 6 bits
2025-04-24 06:19:07,501 - hpack.hpack - DEBUG - Encoding 11 with 7 bits
2025-04-24 06:19:07,501 - hpack.hpack - DEBUG - Encoded header block to b'\x83A\x98?{}M\xda^\xb5\x9a^\xa9$\xc8\xa3\xb7s.\x8bk\x1ccAW!\xff\x87D\x8fb\xc2\xa1,w\x0b\x03\xae\xba\x0cA\xa4\xc7\xa9\x1fS\x83\xf9c\xe7P\x8f\x9b\xd9\xab\xfaRB\xcb@\xd2_\xa5=\xa12\x7fz\x8e\xaf\xd2g=KN\x94\xd7\xe5\x80.\'\x97\x0f@\x8a\xf2\xb1(1jJ\xc6\xaaS\xff\x8dE\xb5\x8e1\xa0\xabW\xe9\x81.\x16\xd7\x07@\x85\x1df\xea__\xff(/\xac\xb3\xc7\x88\x86\xd4l\xb98{\xc8\x1d&\xc8\x8c\x95ml\x97\xb29\x93\xad\x7f\x9coe}r\xfa\xcbY\x19\xd0mF\xcb\xeeO\xcb\xb3\xf3\xa7\x0f\xbf\xdd\xd9\x11\x92\xac\xb4~\x9b#\x99)|R~QQ9~\xd8LTR6v\xf4\xfdgJ\t\xf9\xfb^Cx1)}\x1f\xbb\xb29\x92\x9c6\xc6&\x8d\x9e\xf6Z\xf9\xfel6\xae\x98\x19\xd3\x7fcZo\xf3\xf3\xab~\xc4d\xa7\x8bD\xbd\x91\xcd\x1d!\x16\x8b\xfb=h\xe9\x81\xbd8\xc0\xbf\xe6\x878jy;\xe2.\xe1\xe2:|{\xd9dc\xdd\x90D%\xf4\xb2\x9drf\xeb\xcbt \xba\x9c\x1d0\x7f\x1f\x08\xff\xca\x03\xbaQ\xd8[\x14/\xac\xb3\xc7\x88\x86\xd4l\xb98{\xc8\x1d&\xc8\x8c\x94\xa6\xbf\xdb\xd9\x1c\xc9U\xd3\xf1\xa0\x9e4\xe0\x98:\xbf0\xee\xe5\xc3-:)A\xb3\xde\xca\x02\xfeBmF\xcb\x9b\x88v\x1a]\x8b\x97\xd6Z\xc8\xce\x83j6S\xc9\x8fo\x82{?|\xe2|R~QQ9~\xd8LTR6v\xf4\xfdgJ\t\xf9\xfb^z\xb4\x84\x98\xb0\x9b\x9f\xe6\x9a3\xd3\xa7\xbeqa\x0c\x98\xa6\xef\'L\x06\xcf{/\xb99d6\xa3e\xa7\x98\xb2\x9bM:=j\xdc\x13j\xbf\xa6\x9c\xfb\xf6\x03V.\t\xd5\xcb\x07\x9d\x1e\x83O\xee\xf2y\xd3O6\xb4\x8bG\x8e|\xb9\x9b=\xec\xb3\xc9\xcba\xb5\x1b,\xf2~m?\xef&\xc0>Zg\x93\x17\x1e\xb9\r\xe0\xdf\xbf\x93\xf8\xc9\xd0\xfet\xfb\xd8\x1d7\xfa\xfb\xd3\x7fCY\xefe\xaf\x9f\xe6\xc3j\xe9\x81\x9d7\xf8\x03U\xfe\xadh\xf722S\xc5<\xf9P\x8c\x9d\x0ei1q\xf7&\x0b\xb5G\xcb\rq\xdeo\xa4b\x01\xb3\xde\xcb\xe0x\x9f\xb7\xf7vG2\x1b"2S\x87\xc10\xbe\x9f\xdf\xcd\xb3\xfe\xe2\xc2\x0e{\xb28_Y|\x12\x97\xc4>[h!\xb29\x92\x9e)\xe7\xca\x84d7\x83\x13\x1e^\xf2SG_\xdf\xcc\xbe\xf2t\xae<\x94\xf1O>T#%\x01\x7f=\xec\xa1 \xb8\xfa\xfc\x10h\x93\x16\x1e\xbc\xff6\xcf\x93\xa5n\xe4\xa7\x8ay\xf2\xa1\x1f\x8c\xfe\xd0Jh\xa4|\xb8\xf5\xc9\xd2\xb0\x12\xae4K\xbb\xc1\x89K\xe8\xfd\xdd\x91\xcc\x94\xe1\x0c\x98\xa7\xa2:\xb6\xd7\xccXA\xfb\xcba\xb3\xde\xcb?>^\r\xa8\xd9g\xe7\xcb\xc7\x9c\x86\xf0n|\x83\xeb\'J\xe3/\xac\xa9\xfd\xfc\xdax\xc5\xb0\xda\x8d\x97\xc7?\xcd>\xe4\x13\xfe\xbfodFJ\xb6\xd7\x1f.>\xe4\xc5\x85$\xbd\x91\xcd\x1b\xc8\r;\xf65\xab|\xde\xf5c\x0c\x99\xefe\xf7\xfb\xf9\xa7\xd8\xf9?o\xe0\xa8\xeb\x93\xa1\xcd\xa7\xde\xcfz\xb1~\xd3\xfbND\xf3\xdf\x96\x9f\xd3\x00\x1a/\xf5\x06~Yzj\xdf\xd5<\xfd\xf16\x8fdgE\xfc\x9eu_\xa2\x9c\x86\xf0a\xfei\x97\x9f&\xfb\xc7U\t\x8d\x9e>\xf2t\xae\x9e|\xbc\xfb\xfd\xfc\x02\xf8=\xcd\xa4\x1d\xb5_\x91`\xf3\x86\xf6]\xae\xf9\xbc\xcf\x0e\x8e\xf3\xf5\xae\xa5\xb7l\xa0bv\xaa;\xe8\xe1\x8ba\x1a@\x8a\x19\x08Z\xd2\xb5v\x1eSP_\x85\xae\xd8\xe81?@\x8b!\xeaIjJ\xd5\xd8yMA\x7f\x85\xae\xd8\xe81?@\x85\xae\xc2\xca[?\xa2\xb0\xa9\xb6\xca\xa0\xb0\xb5\xd8T\x16\xa4\x8d&=_V\x15\x07\xa2\xd4\x98\xf5AIl\x98\xabImt\x18\x83IQ\\\x83e\xe7?_\x8b\x1du\xd0b\r&=LtA\xea'
2025-04-24 06:19:07,501 - httpcore.http2 - DEBUG - send_request_headers.complete
2025-04-24 06:19:07,501 - httpcore.http2 - DEBUG - send_request_body.started request=<Request [b'POST']> stream_id=1
2025-04-24 06:19:07,502 - httpcore.http2 - DEBUG - send_request_body.complete
2025-04-24 06:19:07,502 - httpcore.http2 - DEBUG - receive_response_headers.started request=<Request [b'POST']> stream_id=1
2025-04-24 06:19:07,519 - httpcore.http2 - DEBUG - receive_remote_settings.started
2025-04-24 06:19:07,520 - httpcore.http2 - DEBUG - receive_remote_settings.complete return_value=<RemoteSettingsChanged changed_settings:{ChangedSetting(setting=3, original_value=None, new_value=100), ChangedSetting(setting=4, original_value=65535, new_value=65536), ChangedSetting(setting=5, original_value=16384, new_value=16777215)}>
2025-04-24 06:19:07,694 - hpack.hpack - DEBUG - Decoding b'?\xe1\x1fN\x82\x10\x03a\x96\xdf=\xbfJ\t\xa5!\xae\xc5\x04\x016\xa0Ap/\xdc\x03\xaab\xd1\xbf_\x96\x1du\xd0b\r&=LtA\xea\xfbP\x93\x8e\xc4\x150Z\x99V{^\x03*/*@\x85$\xabX?_\x8f}\x96\xda\x90\x8d\x12Q\xb9\x18\xc3!V\xe7\xcf\xf7@\x8a$\xab\x10d\x9c\xab!#M\xa8\x86\xbf\xcfL:2^Z\x83\x9b\xd9\xabx\xa0\xa4~V\x1c\xc5\x81\x90\xb6\xcb\x80\x00>\xd45D\xa2\xd9\x0b\xba\xd8\xef\x9e\x91\x9a\xa4}\xa9]\x85\xa0\xe3\x93{\x8b\x84\x84-i[\x05D<\x86\xaao@\x8b!\xeaIjJ\xd5\xd8yMA\x7f\x85\xae\xd8\xe81?@\x8d\xae\xc2\xca[\x0bQ\n\xb0\xeb\xae\x83\x16O\xa3\xb0\xa8=\x16\xa4\xc7\xaa\nKd\xc5ZKk\xa0\xc4\x1aJ\x8f\xa5,*m\xb2\xa8,-v\x15\x05\xa9#I\x8fW@\x8dDkL4\x97\xc0\xfd-\xdc\xb6 \xc7\xab\x011@\x8aDkWa\xfa\x14\x89Z\xc2\xcb\x90?{}M\xda^\xb5\x9a^\xa9$\xc8\xa3\xb7s\x7f@\x90\xf2\xb1\x0fRKRVO\xaa\xca\xb1\xebI\x8fR?\x85\xa8\xe8\xa8\xd2\xcb@\x8f\xf2\xb1j\xee\x7fK\r)-5\xa5b\x1e\xda\x93\x011@\x95\xf2\xb1j\xee\x7fK[Z\x13aGJ\xc8-\x9d\xccB\xac\x93R_\x0221v\x87%\x07\xb6Ih\x1d\x85@\x85\x1d\tY\x1d\xc9\x90\x9d\x98?\x9b\x8d4\xcf\xf3\xf6\xa5#\x81\xe7\x1a\x00?'
2025-04-24 06:19:07,694 - hpack.hpack - DEBUG - Decoded 4096, consumed 3 bytes
2025-04-24 06:19:07,694 - hpack.table - DEBUG - Resizing header table to 4096 from 4096
2025-04-24 06:19:07,694 - hpack.hpack - DEBUG - Decoded 14, consumed 1 bytes
2025-04-24 06:19:07,694 - hpack.hpack - DEBUG - Decoded 2, consumed 1 bytes
2025-04-24 06:19:07,694 - hpack.hpack - DEBUG - Decoded (b':status', b'201'), total consumed 4 bytes, indexed True
2025-04-24 06:19:07,694 - hpack.hpack - DEBUG - Decoded 33, consumed 1 bytes
2025-04-24 06:19:07,694 - hpack.hpack - DEBUG - Decoded 22, consumed 1 bytes
2025-04-24 06:19:07,694 - hpack.hpack - DEBUG - Decoded (b'date', b'Thu, 24 Apr 2025 10:19:07 GMT'), total consumed 24 bytes, indexed True
2025-04-24 06:19:07,694 - hpack.hpack - DEBUG - Decoded 31, consumed 1 bytes
2025-04-24 06:19:07,694 - hpack.hpack - DEBUG - Decoded 22, consumed 1 bytes
2025-04-24 06:19:07,694 - hpack.hpack - DEBUG - Decoded (b'content-type', b'application/json; charset=utf-8'), total consumed 24 bytes, indexed True
2025-04-24 06:19:07,694 - hpack.hpack - DEBUG - Decoded 30, consumed 1 bytes
2025-04-24 06:19:07,694 - hpack.hpack - DEBUG - Decoded 3, consumed 1 bytes
2025-04-24 06:19:07,694 - hpack.hpack - DEBUG - Decoded (b'content-range', <memory at 0x119544100>), total consumed 5 bytes, indexed True
2025-04-24 06:19:07,694 - hpack.hpack - DEBUG - Decoded 5, consumed 1 bytes
2025-04-24 06:19:07,694 - hpack.hpack - DEBUG - Decoded 15, consumed 1 bytes
2025-04-24 06:19:07,694 - hpack.hpack - DEBUG - Decoded (b'cf-ray', b'9354dc4cfa6ba1de-YYZ'), total consumed 23 bytes, indexed True
2025-04-24 06:19:07,694 - hpack.hpack - DEBUG - Decoded 10, consumed 1 bytes
2025-04-24 06:19:07,694 - hpack.hpack - DEBUG - Decoded 6, consumed 1 bytes
2025-04-24 06:19:07,694 - hpack.hpack - DEBUG - Decoded (b'cf-cache-status', b'DYNAMIC'), total consumed 19 bytes, indexed True
2025-04-24 06:19:07,694 - hpack.hpack - DEBUG - Decoded 26, consumed 1 bytes
2025-04-24 06:19:07,694 - hpack.hpack - DEBUG - Decoded 3, consumed 1 bytes
2025-04-24 06:19:07,694 - hpack.hpack - DEBUG - Decoded (b'content-encoding', b'gzip'), total consumed 5 bytes, indexed True
2025-04-24 06:19:07,694 - hpack.hpack - DEBUG - Decoded 56, consumed 1 bytes
2025-04-24 06:19:07,694 - hpack.hpack - DEBUG - Decoded 32, consumed 1 bytes
2025-04-24 06:19:07,694 - hpack.hpack - DEBUG - Decoded (b'strict-transport-security', b'max-age=31536000; includeSubDomains; preload'), total consumed 34 bytes, indexed True
2025-04-24 06:19:07,694 - hpack.hpack - DEBUG - Decoded 59, consumed 1 bytes
2025-04-24 06:19:07,694 - hpack.hpack - DEBUG - Decoded 11, consumed 1 bytes
2025-04-24 06:19:07,694 - hpack.hpack - DEBUG - Decoded (b'vary', b'Accept-Encoding'), total consumed 13 bytes, indexed True
2025-04-24 06:19:07,694 - hpack.hpack - DEBUG - Decoded 11, consumed 1 bytes
2025-04-24 06:19:07,694 - hpack.hpack - DEBUG - Decoded 5, consumed 1 bytes
2025-04-24 06:19:07,694 - hpack.hpack - DEBUG - Decoded (b'content-profile', b'public'), total consumed 19 bytes, indexed True
2025-04-24 06:19:07,694 - hpack.hpack - DEBUG - Decoded 13, consumed 1 bytes
2025-04-24 06:19:07,694 - hpack.hpack - DEBUG - Decoded 35, consumed 1 bytes
2025-04-24 06:19:07,694 - hpack.hpack - DEBUG - Decoded (b'preference-applied', b'resolution=merge-duplicates, return=representation'), total consumed 51 bytes, indexed True
2025-04-24 06:19:07,695 - hpack.hpack - DEBUG - Decoded 13, consumed 1 bytes
2025-04-24 06:19:07,695 - hpack.hpack - DEBUG - Decoded 1, consumed 1 bytes
2025-04-24 06:19:07,695 - hpack.hpack - DEBUG - Decoded (b'sb-gateway-version', <memory at 0x119544040>), total consumed 17 bytes, indexed True
2025-04-24 06:19:07,695 - hpack.hpack - DEBUG - Decoded 10, consumed 1 bytes
2025-04-24 06:19:07,695 - hpack.hpack - DEBUG - Decoded 16, consumed 1 bytes
2025-04-24 06:19:07,695 - hpack.hpack - DEBUG - Decoded (b'sb-project-ref', b'ovuygqfkpifktcgslqvi'), total consumed 29 bytes, indexed True
2025-04-24 06:19:07,695 - hpack.hpack - DEBUG - Decoded 16, consumed 1 bytes
2025-04-24 06:19:07,695 - hpack.hpack - DEBUG - Decoded 5, consumed 1 bytes
2025-04-24 06:19:07,695 - hpack.hpack - DEBUG - Decoded (b'x-content-type-options', b'nosniff'), total consumed 24 bytes, indexed True
2025-04-24 06:19:07,695 - hpack.hpack - DEBUG - Decoded 15, consumed 1 bytes
2025-04-24 06:19:07,695 - hpack.hpack - DEBUG - Decoded 1, consumed 1 bytes
2025-04-24 06:19:07,695 - hpack.hpack - DEBUG - Decoded (b'x-envoy-attempt-count', <memory at 0x1195441c0>), total consumed 19 bytes, indexed True
2025-04-24 06:19:07,695 - hpack.hpack - DEBUG - Decoded 21, consumed 1 bytes
2025-04-24 06:19:07,695 - hpack.hpack - DEBUG - Decoded 2, consumed 1 bytes
2025-04-24 06:19:07,695 - hpack.hpack - DEBUG - Decoded (b'x-envoy-upstream-service-time', <memory at 0x119544280>), total consumed 26 bytes, indexed True
2025-04-24 06:19:07,695 - hpack.hpack - DEBUG - Decoded 54, consumed 1 bytes
2025-04-24 06:19:07,695 - hpack.hpack - DEBUG - Decoded 7, consumed 1 bytes
2025-04-24 06:19:07,695 - hpack.hpack - DEBUG - Decoded (b'server', b'cloudflare'), total consumed 9 bytes, indexed True
2025-04-24 06:19:07,695 - hpack.hpack - DEBUG - Decoded 5, consumed 1 bytes
2025-04-24 06:19:07,695 - hpack.hpack - DEBUG - Decoded 16, consumed 1 bytes
2025-04-24 06:19:07,695 - hpack.hpack - DEBUG - Decoded (b'alt-svc', b'h3=":443"; ma=86400'), total consumed 24 bytes, indexed True
2025-04-24 06:19:07,695 - httpcore.http2 - DEBUG - receive_response_headers.complete return_value=(201, [(b'date', b'Thu, 24 Apr 2025 10:19:07 GMT'), (b'content-type', b'application/json; charset=utf-8'), (b'content-range', b'*/*'), (b'cf-ray', b'9354dc4cfa6ba1de-YYZ'), (b'cf-cache-status', b'DYNAMIC'), (b'content-encoding', b'gzip'), (b'strict-transport-security', b'max-age=31536000; includeSubDomains; preload'), (b'vary', b'Accept-Encoding'), (b'content-profile', b'public'), (b'preference-applied', b'resolution=merge-duplicates, return=representation'), (b'sb-gateway-version', b'1'), (b'sb-project-ref', b'ovuygqfkpifktcgslqvi'), (b'x-content-type-options', b'nosniff'), (b'x-envoy-attempt-count', b'1'), (b'x-envoy-upstream-service-time', b'21'), (b'server', b'cloudflare'), (b'alt-svc', b'h3=":443"; ma=86400')])
2025-04-24 06:19:07,695 - httpx - INFO - HTTP Request: POST https://ovuygqfkpifktcgslqvi.supabase.co/rest/v1/applications "HTTP/2 201 Created"
2025-04-24 06:19:07,695 - httpcore.http2 - DEBUG - receive_response_body.started request=<Request [b'POST']> stream_id=1
2025-04-24 06:19:07,695 - httpcore.http2 - DEBUG - receive_response_body.complete
2025-04-24 06:19:07,695 - httpcore.http2 - DEBUG - response_closed.started stream_id=1
2025-04-24 06:19:07,695 - httpcore.http2 - DEBUG - response_closed.complete
2025-04-24 06:19:07,695 - user_assistance_mcp - DEBUG - Successfully upserted application record for 8580d2ed-5dfc-41d9-86c1-1623a39ab931
2025-04-24 06:19:07,695 - user_assistance_mcp - DEBUG - Preparing to insert issue into application_issues table
2025-04-24 06:19:07,695 - user_assistance_mcp - DEBUG - Issue Insert data: {'user_id': 'fcbb6c29-b83f-448e-9a13-fe716f87c0af', 'application_id': '8580d2ed-5dfc-41d9-86c1-1623a39ab931', 'company': 'LinkedIn', 'position': 'Various', 'issue_type': 'technical_barrier', 'issue_details': 'Cannot access LinkedIn job search page due to missing login credentials. Skipping LinkedIn job applications.', 'status': 'pending', 'created_at': '2025-04-24T06:19:07.695952'}
2025-04-24 06:19:07,695 - user_assistance_mcp - DEBUG - Executing supabase insert for application_issues
2025-04-24 06:19:07,696 - httpcore.http2 - DEBUG - send_request_headers.started request=<Request [b'POST']> stream_id=3
2025-04-24 06:19:07,696 - hpack.hpack - DEBUG - Adding (b':method', b'POST') to the header table, sensitive:False, huffman:True
2025-04-24 06:19:07,696 - hpack.hpack - DEBUG - Encoding 3 with 7 bits
2025-04-24 06:19:07,696 - hpack.hpack - DEBUG - Adding (b':authority', b'ovuygqfkpifktcgslqvi.supabase.co') to the header table, sensitive:False, huffman:True
2025-04-24 06:19:07,696 - hpack.hpack - DEBUG - Encoding 73 with 7 bits
2025-04-24 06:19:07,696 - hpack.hpack - DEBUG - Adding (b':scheme', b'https') to the header table, sensitive:False, huffman:True
2025-04-24 06:19:07,696 - hpack.hpack - DEBUG - Encoding 7 with 7 bits
2025-04-24 06:19:07,696 - hpack.hpack - DEBUG - Adding (b':path', b'/rest/v1/application_issues') to the header table, sensitive:False, huffman:True
2025-04-24 06:19:07,696 - hpack.hpack - DEBUG - Encoding 4 with 6 bits
2025-04-24 06:19:07,696 - hpack.hpack - DEBUG - Encoding 19 with 7 bits
2025-04-24 06:19:07,696 - hpack.hpack - DEBUG - Adding (b'accept', b'*/*') to the header table, sensitive:False, huffman:True
2025-04-24 06:19:07,696 - hpack.hpack - DEBUG - Encoding 72 with 7 bits
2025-04-24 06:19:07,696 - hpack.hpack - DEBUG - Adding (b'accept-encoding', b'gzip, deflate, zstd') to the header table, sensitive:False, huffman:True
2025-04-24 06:19:07,696 - hpack.hpack - DEBUG - Encoding 71 with 7 bits
2025-04-24 06:19:07,696 - hpack.hpack - DEBUG - Adding (b'user-agent', b'python-httpx/0.28.1') to the header table, sensitive:False, huffman:True
2025-04-24 06:19:07,696 - hpack.hpack - DEBUG - Encoding 70 with 7 bits
2025-04-24 06:19:07,696 - hpack.hpack - DEBUG - Adding (b'x-client-info', b'supabase-py/2.15.0') to the header table, sensitive:False, huffman:True
2025-04-24 06:19:07,696 - hpack.hpack - DEBUG - Encoding 69 with 7 bits
2025-04-24 06:19:07,696 - hpack.hpack - DEBUG - Adding (b'apikey', b'eyJhbGciOiJIUzI1NiIsInR5cCI6IkpXVCJ9.eyJpc3MiOiJzdXBhYmFzZSIsInJlZiI6Im92dXlncWZrcGlma3RjZ3NscXZpIiwicm9sZSI6ImFub24iLCJpYXQiOjE3NDQ4NDYxOTQsImV4cCI6MjA2MDQyMjE5NH0.XM6UO8tT_eSaGotwzQrbaSI2ccDt3tPdKkWSA0BtEjE') to the header table, sensitive:False, huffman:True
2025-04-24 06:19:07,696 - hpack.hpack - DEBUG - Encoding 68 with 7 bits
2025-04-24 06:19:07,696 - hpack.hpack - DEBUG - Adding (b'authorization', b'Bearer eyJhbGciOiJIUzI1NiIsImtpZCI6InBoVlcwNEg1OXFSWUJmMmsiLCJ0eXAiOiJKV1QifQ.eyJpc3MiOiJodHRwczovL292dXlncWZrcGlma3RjZ3NscXZpLnN1cGFiYXNlLmNvL2F1dGgvdjEiLCJzdWIiOiJmY2JiNmMyOS1iODNmLTQ0OGUtOWExMy1mZTcxNmY4N2MwYWYiLCJhdWQiOiJhdXRoZW50aWNhdGVkIiwiZXhwIjoxNzQ1NDkzNDM4LCJpYXQiOjE3NDU0ODk4MzgsImVtYWlsIjoidGVzdEBnbWFpbC5jb20iLCJwaG9uZSI6IiIsImFwcF9tZXRhZGF0YSI6eyJwcm92aWRlciI6ImVtYWlsIiwicHJvdmlkZXJzIjpbImVtYWlsIl19LCJ1c2VyX21ldGFkYXRhIjp7ImVtYWlsX3ZlcmlmaWVkIjp0cnVlfSwicm9sZSI6ImF1dGhlbnRpY2F0ZWQiLCJhYWwiOiJhYWwxIiwiYW1yIjpbeyJtZXRob2QiOiJwYXNzd29yZCIsInRpbWVzdGFtcCI6MTc0NTQ4OTgzOH1dLCJzZXNzaW9uX2lkIjoiNzQzOGZmZmItYTJmZi00MDk0LWJjOTktYzViMzc3MDIxODlmIiwiaXNfYW5vbnltb3VzIjpmYWxzZX0.EzgN0qODd-1YACJR7xC3Uj7YyPn-SQla27nlvMUGQc4') to the header table, sensitive:True, huffman:True
2025-04-24 06:19:07,696 - hpack.hpack - DEBUG - Encoding 23 with 4 bits
2025-04-24 06:19:07,696 - hpack.hpack - DEBUG - Encoding 585 with 7 bits
2025-04-24 06:19:07,696 - hpack.hpack - DEBUG - Adding (b'accept-profile', b'public') to the header table, sensitive:False, huffman:True
2025-04-24 06:19:07,696 - hpack.hpack - DEBUG - Encoding 67 with 7 bits
2025-04-24 06:19:07,696 - hpack.hpack - DEBUG - Adding (b'content-profile', b'public') to the header table, sensitive:False, huffman:True
2025-04-24 06:19:07,696 - hpack.hpack - DEBUG - Encoding 66 with 7 bits
2025-04-24 06:19:07,696 - hpack.hpack - DEBUG - Adding (b'prefer', b'return=representation') to the header table, sensitive:False, huffman:True
2025-04-24 06:19:07,696 - hpack.hpack - DEBUG - Encoding 65 with 6 bits
2025-04-24 06:19:07,696 - hpack.hpack - DEBUG - Encoding 15 with 7 bits
2025-04-24 06:19:07,696 - hpack.hpack - DEBUG - Adding (b'content-length', b'369') to the header table, sensitive:False, huffman:True
2025-04-24 06:19:07,696 - hpack.hpack - DEBUG - Encoding 28 with 6 bits
2025-04-24 06:19:07,696 - hpack.hpack - DEBUG - Encoding 3 with 7 bits
2025-04-24 06:19:07,697 - hpack.hpack - DEBUG - Adding (b'content-type', b'application/json') to the header table, sensitive:False, huffman:True
2025-04-24 06:19:07,697 - hpack.hpack - DEBUG - Encoding 65 with 7 bits
2025-04-24 06:19:07,697 - hpack.hpack - DEBUG - Encoded header block to b'\x83\xc9\x87D\x93b\xc2\xa1,w\x0b\x03\xae\xba\x0cA\xa4\xc7\xaa#!\x16\x95\x1f\xc8\xc7\xc6\xc5\xc4\x1f\x08\xff\xca\x03\xbaQ\xd8[\x14/\xac\xb3\xc7\x88\x86\xd4l\xb98{\xc8\x1d&\xc8\x8c\x94\xa6\xbf\xdb\xd9\x1c\xc9U\xd3\xf1\xa0\x9e4\xe0\x98:\xbf0\xee\xe5\xc3-:)A\xb3\xde\xca\x02\xfeBmF\xcb\x9b\x88v\x1a]\x8b\x97\xd6Z\xc8\xce\x83j6S\xc9\x8fo\x82{?|\xe2|R~QQ9~\xd8LTR6v\xf4\xfdgJ\t\xf9\xfb^z\xb4\x84\x98\xb0\x9b\x9f\xe6\x9a3\xd3\xa7\xbeqa\x0c\x98\xa6\xef\'L\x06\xcf{/\xb99d6\xa3e\xa7\x98\xb2\x9bM:=j\xdc\x13j\xbf\xa6\x9c\xfb\xf6\x03V.\t\xd5\xcb\x07\x9d\x1e\x83O\xee\xf2y\xd3O6\xb4\x8bG\x8e|\xb9\x9b=\xec\xb3\xc9\xcba\xb5\x1b,\xf2~m?\xef&\xc0>Zg\x93\x17\x1e\xb9\r\xe0\xdf\xbf\x93\xf8\xc9\xd0\xfet\xfb\xd8\x1d7\xfa\xfb\xd3\x7fCY\xefe\xaf\x9f\xe6\xc3j\xe9\x81\x9d7\xf8\x03U\xfe\xadh\xf722S\xc5<\xf9P\x8c\x9d\x0ei1q\xf7&\x0b\xb5G\xcb\rq\xdeo\xa4b\x01\xb3\xde\xcb\xe0x\x9f\xb7\xf7vG2\x1b"2S\x87\xc10\xbe\x9f\xdf\xcd\xb3\xfe\xe2\xc2\x0e{\xb28_Y|\x12\x97\xc4>[h!\xb29\x92\x9e)\xe7\xca\x84d7\x83\x13\x1e^\xf2SG_\xdf\xcc\xbe\xf2t\xae<\x94\xf1O>T#%\x01\x7f=\xec\xa1 \xb8\xfa\xfc\x10h\x93\x16\x1e\xbc\xff6\xcf\x93\xa5n\xe4\xa7\x8ay\xf2\xa1\x1f\x8c\xfe\xd0Jh\xa4|\xb8\xf5\xc9\xd2\xb0\x12\xae4K\xbb\xc1\x89K\xe8\xfd\xdd\x91\xcc\x94\xe1\x0c\x98\xa7\xa2:\xb6\xd7\xccXA\xfb\xcba\xb3\xde\xcb?>^\r\xa8\xd9g\xe7\xcb\xc7\x9c\x86\xf0n|\x83\xeb\'J\xe3/\xac\xa9\xfd\xfc\xdax\xc5\xb0\xda\x8d\x97\xc7?\xcd>\xe4\x13\xfe\xbfodFJ\xb6\xd7\x1f.>\xe4\xc5\x85$\xbd\x91\xcd\x1b\xc8\r;\xf65\xab|\xde\xf5c\x0c\x99\xefe\xf7\xfb\xf9\xa7\xd8\xf9?o\xe0\xa8\xeb\x93\xa1\xcd\xa7\xde\xcfz\xb1~\xd3\xfbND\xf3\xdf\x96\x9f\xd3\x00\x1a/\xf5\x06~Yzj\xdf\xd5<\xfd\xf16\x8fdgE\xfc\x9eu_\xa2\x9c\x86\xf0a\xfei\x97\x9f&\xfb\xc7U\t\x8d\x9e>\xf2t\xae\x9e|\xbc\xfb\xfd\xfc\x02\xf8=\xcd\xa4\x1d\xb5_\x91`\xf3\x86\xf6]\xae\xf9\xbc\xcf\x0e\x8e\xf3\xf5\xae\xa5\xb7l\xa0bv\xaa;\xe8\xe1\x8ba\x1a\xc3\xc2\x7f\x02\x8f\xb0\xa9\xb6\xca\xa0\xb0\xb5\xd8T\x16\xa4\x8d&=_\\\x83e\xc7\xff\xc1'
2025-04-24 06:19:07,697 - httpcore.http2 - DEBUG - send_request_headers.complete
2025-04-24 06:19:07,697 - httpcore.http2 - DEBUG - send_request_body.started request=<Request [b'POST']> stream_id=3
2025-04-24 06:19:07,697 - httpcore.http2 - DEBUG - send_request_body.complete
2025-04-24 06:19:07,697 - httpcore.http2 - DEBUG - receive_response_headers.started request=<Request [b'POST']> stream_id=3
2025-04-24 06:19:08,100 - hpack.hpack - DEBUG - Decoding b'\xcfa\x96\xdf=\xbfJ\t\xa5!\xae\xc5\x04\x016\xa0Ap/\xdc\x03\xcab\xd1\xbf\xce\xcd\x7f\r\x8f}\x96\xda\x90\x8d\x141\x95\xc1\x86B\xad\xcf\x9f\xef\xcc\xcb\xca\xc9\xc8\x7f\x08\x8f\xb0\xa9\xb6\xca\xa0\xb0\xb5\xd8T\x16\xa4\x8d&=_\xc7\xc6\xc5\xc4\x7f\x04\x0218\xc3\xc2'
2025-04-24 06:19:08,100 - hpack.hpack - DEBUG - Decoded 79, consumed 1 bytes
2025-04-24 06:19:08,100 - hpack.hpack - DEBUG - Decoded (b':status', b'201'), consumed 1
2025-04-24 06:19:08,100 - hpack.hpack - DEBUG - Decoded 33, consumed 1 bytes
2025-04-24 06:19:08,100 - hpack.hpack - DEBUG - Decoded 22, consumed 1 bytes
2025-04-24 06:19:08,100 - hpack.hpack - DEBUG - Decoded (b'date', b'Thu, 24 Apr 2025 10:19:08 GMT'), total consumed 24 bytes, indexed True
2025-04-24 06:19:08,100 - hpack.hpack - DEBUG - Decoded 78, consumed 1 bytes
2025-04-24 06:19:08,100 - hpack.hpack - DEBUG - Decoded (b'content-type', b'application/json; charset=utf-8'), consumed 1
2025-04-24 06:19:08,100 - hpack.hpack - DEBUG - Decoded 77, consumed 1 bytes
2025-04-24 06:19:08,100 - hpack.hpack - DEBUG - Decoded (b'content-range', <memory at 0x119544100>), consumed 1
2025-04-24 06:19:08,100 - hpack.hpack - DEBUG - Decoded 76, consumed 2 bytes
2025-04-24 06:19:08,100 - hpack.hpack - DEBUG - Decoded 15, consumed 1 bytes
2025-04-24 06:19:08,100 - hpack.hpack - DEBUG - Decoded (b'cf-ray', b'9354dc4e1be6a1de-YYZ'), total consumed 18 bytes, indexed True
2025-04-24 06:19:08,101 - hpack.hpack - DEBUG - Decoded 76, consumed 1 bytes
2025-04-24 06:19:08,101 - hpack.hpack - DEBUG - Decoded (b'cf-cache-status', b'DYNAMIC'), consumed 1
2025-04-24 06:19:08,101 - hpack.hpack - DEBUG - Decoded 75, consumed 1 bytes
2025-04-24 06:19:08,101 - hpack.hpack - DEBUG - Decoded (b'content-encoding', b'gzip'), consumed 1
2025-04-24 06:19:08,101 - hpack.hpack - DEBUG - Decoded 74, consumed 1 bytes
2025-04-24 06:19:08,101 - hpack.hpack - DEBUG - Decoded (b'strict-transport-security', b'max-age=31536000; includeSubDomains; preload'), consumed 1
2025-04-24 06:19:08,101 - hpack.hpack - DEBUG - Decoded 73, consumed 1 bytes
2025-04-24 06:19:08,101 - hpack.hpack - DEBUG - Decoded (b'vary', b'Accept-Encoding'), consumed 1
2025-04-24 06:19:08,101 - hpack.hpack - DEBUG - Decoded 72, consumed 1 bytes
2025-04-24 06:19:08,101 - hpack.hpack - DEBUG - Decoded (b'content-profile', b'public'), consumed 1
2025-04-24 06:19:08,101 - hpack.hpack - DEBUG - Decoded 71, consumed 2 bytes
2025-04-24 06:19:08,101 - hpack.hpack - DEBUG - Decoded 15, consumed 1 bytes
2025-04-24 06:19:08,101 - hpack.hpack - DEBUG - Decoded (b'preference-applied', b'return=representation'), total consumed 18 bytes, indexed True
2025-04-24 06:19:08,101 - hpack.hpack - DEBUG - Decoded 71, consumed 1 bytes
2025-04-24 06:19:08,101 - hpack.hpack - DEBUG - Decoded (b'sb-gateway-version', <memory at 0x119544040>), consumed 1
2025-04-24 06:19:08,101 - hpack.hpack - DEBUG - Decoded 70, consumed 1 bytes
2025-04-24 06:19:08,101 - hpack.hpack - DEBUG - Decoded (b'sb-project-ref', b'ovuygqfkpifktcgslqvi'), consumed 1
2025-04-24 06:19:08,101 - hpack.hpack - DEBUG - Decoded 69, consumed 1 bytes
2025-04-24 06:19:08,101 - hpack.hpack - DEBUG - Decoded (b'x-content-type-options', b'nosniff'), consumed 1
2025-04-24 06:19:08,101 - hpack.hpack - DEBUG - Decoded 68, consumed 1 bytes
2025-04-24 06:19:08,101 - hpack.hpack - DEBUG - Decoded (b'x-envoy-attempt-count', <memory at 0x1195441c0>), consumed 1
2025-04-24 06:19:08,101 - hpack.hpack - DEBUG - Decoded 67, consumed 2 bytes
2025-04-24 06:19:08,101 - hpack.hpack - DEBUG - Decoded 2, consumed 1 bytes
2025-04-24 06:19:08,101 - hpack.hpack - DEBUG - Decoded (b'x-envoy-upstream-service-time', <memory at 0x1195444c0>), total consumed 5 bytes, indexed True
2025-04-24 06:19:08,101 - hpack.hpack - DEBUG - Decoded 67, consumed 1 bytes
2025-04-24 06:19:08,101 - hpack.hpack - DEBUG - Decoded (b'server', b'cloudflare'), consumed 1
2025-04-24 06:19:08,102 - hpack.hpack - DEBUG - Decoded 66, consumed 1 bytes
2025-04-24 06:19:08,102 - hpack.hpack - DEBUG - Decoded (b'alt-svc', b'h3=":443"; ma=86400'), consumed 1
2025-04-24 06:19:08,102 - httpcore.http2 - DEBUG - receive_response_headers.complete return_value=(201, [(b'date', b'Thu, 24 Apr 2025 10:19:08 GMT'), (b'content-type', b'application/json; charset=utf-8'), (b'content-range', b'*/*'), (b'cf-ray', b'9354dc4e1be6a1de-YYZ'), (b'cf-cache-status', b'DYNAMIC'), (b'content-encoding', b'gzip'), (b'strict-transport-security', b'max-age=31536000; includeSubDomains; preload'), (b'vary', b'Accept-Encoding'), (b'content-profile', b'public'), (b'preference-applied', b'return=representation'), (b'sb-gateway-version', b'1'), (b'sb-project-ref', b'ovuygqfkpifktcgslqvi'), (b'x-content-type-options', b'nosniff'), (b'x-envoy-attempt-count', b'1'), (b'x-envoy-upstream-service-time', b'18'), (b'server', b'cloudflare'), (b'alt-svc', b'h3=":443"; ma=86400')])
2025-04-24 06:19:08,102 - httpx - INFO - HTTP Request: POST https://ovuygqfkpifktcgslqvi.supabase.co/rest/v1/application_issues "HTTP/2 201 Created"
2025-04-24 06:19:08,102 - httpcore.http2 - DEBUG - receive_response_body.started request=<Request [b'POST']> stream_id=3
2025-04-24 06:19:08,102 - httpcore.http2 - DEBUG - receive_response_body.complete
2025-04-24 06:19:08,102 - httpcore.http2 - DEBUG - response_closed.started stream_id=3
2025-04-24 06:19:08,102 - httpcore.http2 - DEBUG - response_closed.complete
2025-04-24 06:19:08,103 - user_assistance_mcp - DEBUG - Supabase application_issues response: data=[{'id': 'd4311397-705c-4db8-bbc4-697fb8ea6232', 'user_id': 'fcbb6c29-b83f-448e-9a13-fe716f87c0af', 'application_id': '8580d2ed-5dfc-41d9-86c1-1623a39ab931', 'company': 'LinkedIn', 'position': 'Various', 'issue_type': 'technical_barrier', 'issue_details': 'Cannot access LinkedIn job search page due to missing login credentials. Skipping LinkedIn job applications.', 'status': 'pending', 'created_at': '2025-04-24T06:19:07.695952+00:00', 'resolved_at': None, 'resolution_note': None}] count=None
2025-04-24 06:19:08,103 - user_assistance_mcp - INFO - Issue logged successfully with ID: d4311397-705c-4db8-bbc4-697fb8ea6232
2025-04-24 06:19:08,103 - mcp.server.lowlevel.server - DEBUG - Response sent
2025-04-24 06:19:08,104 - mcp.server.lowlevel.server - DEBUG - Received message: <mcp.shared.session.RequestResponder object at 0x103aa5160>
2025-04-24 06:19:08,104 - mcp.server.lowlevel.server - INFO - Processing request of type CallToolRequest
2025-04-24 06:19:08,104 - mcp.server.lowlevel.server - DEBUG - Dispatching request of type CallToolRequest
2025-04-24 06:19:08,104 - user_assistance_mcp - INFO - send_simple_notification called with title: LinkedIn Login Issue
2025-04-24 06:19:08,104 - user_assistance_mcp - INFO - send_application_notification called with: user_id=fcbb6c29-b83f-448e-9a13-fe716f87c0af, title=LinkedIn Login Issue, type=alert
2025-04-24 06:19:08,104 - user_assistance_mcp - INFO - Notification message: Skipped LinkedIn job applications due to missing login credentials. Please update LinkedIn login information to continue applying.
2025-04-24 06:19:08,104 - user_assistance_mcp - DEBUG - Preparing to insert notification into notifications table
2025-04-24 06:19:08,104 - user_assistance_mcp - DEBUG - Insert data: {'user_id': 'fcbb6c29-b83f-448e-9a13-fe716f87c0af', 'title': 'LinkedIn Login Issue', 'content': 'Skipped LinkedIn job applications due to missing login credentials. Please update LinkedIn login information to continue applying.', 'type': 'alert', 'read': False, 'created_at': '2025-04-24T06:19:08.104922'}
2025-04-24 06:19:08,104 - user_assistance_mcp - DEBUG - Executing supabase insert for notifications
2025-04-24 06:19:08,105 - httpcore.http2 - DEBUG - send_request_headers.started request=<Request [b'POST']> stream_id=5
2025-04-24 06:19:08,105 - hpack.hpack - DEBUG - Adding (b':method', b'POST') to the header table, sensitive:False, huffman:True
2025-04-24 06:19:08,105 - hpack.hpack - DEBUG - Encoding 3 with 7 bits
2025-04-24 06:19:08,105 - hpack.hpack - DEBUG - Adding (b':authority', b'ovuygqfkpifktcgslqvi.supabase.co') to the header table, sensitive:False, huffman:True
2025-04-24 06:19:08,105 - hpack.hpack - DEBUG - Encoding 76 with 7 bits
2025-04-24 06:19:08,105 - hpack.hpack - DEBUG - Adding (b':scheme', b'https') to the header table, sensitive:False, huffman:True
2025-04-24 06:19:08,105 - hpack.hpack - DEBUG - Encoding 7 with 7 bits
2025-04-24 06:19:08,105 - hpack.hpack - DEBUG - Adding (b':path', b'/rest/v1/notifications') to the header table, sensitive:False, huffman:True
2025-04-24 06:19:08,105 - hpack.hpack - DEBUG - Encoding 4 with 6 bits
2025-04-24 06:19:08,105 - hpack.hpack - DEBUG - Encoding 15 with 7 bits
2025-04-24 06:19:08,105 - hpack.hpack - DEBUG - Adding (b'accept', b'*/*') to the header table, sensitive:False, huffman:True
2025-04-24 06:19:08,105 - hpack.hpack - DEBUG - Encoding 75 with 7 bits
2025-04-24 06:19:08,105 - hpack.hpack - DEBUG - Adding (b'accept-encoding', b'gzip, deflate, zstd') to the header table, sensitive:False, huffman:True
2025-04-24 06:19:08,106 - hpack.hpack - DEBUG - Encoding 74 with 7 bits
2025-04-24 06:19:08,106 - hpack.hpack - DEBUG - Adding (b'user-agent', b'python-httpx/0.28.1') to the header table, sensitive:False, huffman:True
2025-04-24 06:19:08,106 - hpack.hpack - DEBUG - Encoding 73 with 7 bits
2025-04-24 06:19:08,106 - hpack.hpack - DEBUG - Adding (b'x-client-info', b'supabase-py/2.15.0') to the header table, sensitive:False, huffman:True
2025-04-24 06:19:08,106 - hpack.hpack - DEBUG - Encoding 72 with 7 bits
2025-04-24 06:19:08,106 - hpack.hpack - DEBUG - Adding (b'apikey', b'eyJhbGciOiJIUzI1NiIsInR5cCI6IkpXVCJ9.eyJpc3MiOiJzdXBhYmFzZSIsInJlZiI6Im92dXlncWZrcGlma3RjZ3NscXZpIiwicm9sZSI6ImFub24iLCJpYXQiOjE3NDQ4NDYxOTQsImV4cCI6MjA2MDQyMjE5NH0.XM6UO8tT_eSaGotwzQrbaSI2ccDt3tPdKkWSA0BtEjE') to the header table, sensitive:False, huffman:True
2025-04-24 06:19:08,106 - hpack.hpack - DEBUG - Encoding 71 with 7 bits
2025-04-24 06:19:08,106 - hpack.hpack - DEBUG - Adding (b'authorization', b'Bearer eyJhbGciOiJIUzI1NiIsImtpZCI6InBoVlcwNEg1OXFSWUJmMmsiLCJ0eXAiOiJKV1QifQ.eyJpc3MiOiJodHRwczovL292dXlncWZrcGlma3RjZ3NscXZpLnN1cGFiYXNlLmNvL2F1dGgvdjEiLCJzdWIiOiJmY2JiNmMyOS1iODNmLTQ0OGUtOWExMy1mZTcxNmY4N2MwYWYiLCJhdWQiOiJhdXRoZW50aWNhdGVkIiwiZXhwIjoxNzQ1NDkzNDM4LCJpYXQiOjE3NDU0ODk4MzgsImVtYWlsIjoidGVzdEBnbWFpbC5jb20iLCJwaG9uZSI6IiIsImFwcF9tZXRhZGF0YSI6eyJwcm92aWRlciI6ImVtYWlsIiwicHJvdmlkZXJzIjpbImVtYWlsIl19LCJ1c2VyX21ldGFkYXRhIjp7ImVtYWlsX3ZlcmlmaWVkIjp0cnVlfSwicm9sZSI6ImF1dGhlbnRpY2F0ZWQiLCJhYWwiOiJhYWwxIiwiYW1yIjpbeyJtZXRob2QiOiJwYXNzd29yZCIsInRpbWVzdGFtcCI6MTc0NTQ4OTgzOH1dLCJzZXNzaW9uX2lkIjoiNzQzOGZmZmItYTJmZi00MDk0LWJjOTktYzViMzc3MDIxODlmIiwiaXNfYW5vbnltb3VzIjpmYWxzZX0.EzgN0qODd-1YACJR7xC3Uj7YyPn-SQla27nlvMUGQc4') to the header table, sensitive:True, huffman:True
2025-04-24 06:19:08,106 - hpack.hpack - DEBUG - Encoding 23 with 4 bits
2025-04-24 06:19:08,106 - hpack.hpack - DEBUG - Encoding 585 with 7 bits
2025-04-24 06:19:08,106 - hpack.hpack - DEBUG - Adding (b'accept-profile', b'public') to the header table, sensitive:False, huffman:True
2025-04-24 06:19:08,106 - hpack.hpack - DEBUG - Encoding 70 with 7 bits
2025-04-24 06:19:08,106 - hpack.hpack - DEBUG - Adding (b'content-profile', b'public') to the header table, sensitive:False, huffman:True
2025-04-24 06:19:08,106 - hpack.hpack - DEBUG - Encoding 69 with 7 bits
2025-04-24 06:19:08,106 - hpack.hpack - DEBUG - Adding (b'prefer', b'return=representation') to the header table, sensitive:False, huffman:True
2025-04-24 06:19:08,106 - hpack.hpack - DEBUG - Encoding 64 with 7 bits
2025-04-24 06:19:08,106 - hpack.hpack - DEBUG - Adding (b'content-length', b'294') to the header table, sensitive:False, huffman:True
2025-04-24 06:19:08,106 - hpack.hpack - DEBUG - Encoding 28 with 6 bits
2025-04-24 06:19:08,106 - hpack.hpack - DEBUG - Encoding 3 with 7 bits
2025-04-24 06:19:08,106 - hpack.hpack - DEBUG - Adding (b'content-type', b'application/json') to the header table, sensitive:False, huffman:True
2025-04-24 06:19:08,106 - hpack.hpack - DEBUG - Encoding 67 with 7 bits
2025-04-24 06:19:08,106 - hpack.hpack - DEBUG - Encoded header block to b'\x83\xcc\x87D\x8fb\xc2\xa1,w\x0b\x15\x1d&\x94\xc4\x1aLz\x91\xcb\xca\xc9\xc8\xc7\x1f\x08\xff\xca\x03\xbaQ\xd8[\x14/\xac\xb3\xc7\x88\x86\xd4l\xb98{\xc8\x1d&\xc8\x8c\x94\xa6\xbf\xdb\xd9\x1c\xc9U\xd3\xf1\xa0\x9e4\xe0\x98:\xbf0\xee\xe5\xc3-:)A\xb3\xde\xca\x02\xfeBmF\xcb\x9b\x88v\x1a]\x8b\x97\xd6Z\xc8\xce\x83j6S\xc9\x8fo\x82{?|\xe2|R~QQ9~\xd8LTR6v\xf4\xfdgJ\t\xf9\xfb^z\xb4\x84\x98\xb0\x9b\x9f\xe6\x9a3\xd3\xa7\xbeqa\x0c\x98\xa6\xef\'L\x06\xcf{/\xb99d6\xa3e\xa7\x98\xb2\x9bM:=j\xdc\x13j\xbf\xa6\x9c\xfb\xf6\x03V.\t\xd5\xcb\x07\x9d\x1e\x83O\xee\xf2y\xd3O6\xb4\x8bG\x8e|\xb9\x9b=\xec\xb3\xc9\xcba\xb5\x1b,\xf2~m?\xef&\xc0>Zg\x93\x17\x1e\xb9\r\xe0\xdf\xbf\x93\xf8\xc9\xd0\xfet\xfb\xd8\x1d7\xfa\xfb\xd3\x7fCY\xefe\xaf\x9f\xe6\xc3j\xe9\x81\x9d7\xf8\x03U\xfe\xadh\xf722S\xc5<\xf9P\x8c\x9d\x0ei1q\xf7&\x0b\xb5G\xcb\rq\xdeo\xa4b\x01\xb3\xde\xcb\xe0x\x9f\xb7\xf7vG2\x1b"2S\x87\xc10\xbe\x9f\xdf\xcd\xb3\xfe\xe2\xc2\x0e{\xb28_Y|\x12\x97\xc4>[h!\xb29\x92\x9e)\xe7\xca\x84d7\x83\x13\x1e^\xf2SG_\xdf\xcc\xbe\xf2t\xae<\x94\xf1O>T#%\x01\x7f=\xec\xa1 \xb8\xfa\xfc\x10h\x93\x16\x1e\xbc\xff6\xcf\x93\xa5n\xe4\xa7\x8ay\xf2\xa1\x1f\x8c\xfe\xd0Jh\xa4|\xb8\xf5\xc9\xd2\xb0\x12\xae4K\xbb\xc1\x89K\xe8\xfd\xdd\x91\xcc\x94\xe1\x0c\x98\xa7\xa2:\xb6\xd7\xccXA\xfb\xcba\xb3\xde\xcb?>^\r\xa8\xd9g\xe7\xcb\xc7\x9c\x86\xf0n|\x83\xeb\'J\xe3/\xac\xa9\xfd\xfc\xdax\xc5\xb0\xda\x8d\x97\xc7?\xcd>\xe4\x13\xfe\xbfodFJ\xb6\xd7\x1f.>\xe4\xc5\x85$\xbd\x91\xcd\x1b\xc8\r;\xf65\xab|\xde\xf5c\x0c\x99\xefe\xf7\xfb\xf9\xa7\xd8\xf9?o\xe0\xa8\xeb\x93\xa1\xcd\xa7\xde\xcfz\xb1~\xd3\xfbND\xf3\xdf\x96\x9f\xd3\x00\x1a/\xf5\x06~Yzj\xdf\xd5<\xfd\xf16\x8fdgE\xfc\x9eu_\xa2\x9c\x86\xf0a\xfei\x97\x9f&\xfb\xc7U\t\x8d\x9e>\xf2t\xae\x9e|\xbc\xfb\xfd\xfc\x02\xf8=\xcd\xa4\x1d\xb5_\x91`\xf3\x86\xf6]\xae\xf9\xbc\xcf\x0e\x8e\xf3\xf5\xae\xa5\xb7l\xa0bv\xaa;\xe8\xe1\x8ba\x1a\xc6\xc5\xc0\\\x83\x13\xed\x7f\xc3'
2025-04-24 06:19:08,107 - httpcore.http2 - DEBUG - send_request_headers.complete
2025-04-24 06:19:08,107 - httpcore.http2 - DEBUG - send_request_body.started request=<Request [b'POST']> stream_id=5
2025-04-24 06:19:08,107 - httpcore.http2 - DEBUG - send_request_body.complete
2025-04-24 06:19:08,107 - httpcore.http2 - DEBUG - receive_response_headers.started request=<Request [b'POST']> stream_id=5
2025-04-24 06:19:08,297 - hpack.hpack - DEBUG - Decoding b'\xd3\xc1\xd1\xd0\x7f\x10\x8f}\x96\xda\x90\x8d\x80e\x13\xa3\x0c\x85[\x9f?\xdf\xcf\xce\xcd\xcc\xcb\xc0\xc9\xc8\xc7\xc6\x7f\x06\x03137\xc5\xc4'
2025-04-24 06:19:08,297 - hpack.hpack - DEBUG - Decoded 83, consumed 1 bytes
2025-04-24 06:19:08,297 - hpack.hpack - DEBUG - Decoded (b':status', b'201'), consumed 1
2025-04-24 06:19:08,297 - hpack.hpack - DEBUG - Decoded 65, consumed 1 bytes
2025-04-24 06:19:08,297 - hpack.hpack - DEBUG - Decoded (b'date', b'Thu, 24 Apr 2025 10:19:08 GMT'), consumed 1
2025-04-24 06:19:08,297 - hpack.hpack - DEBUG - Decoded 81, consumed 1 bytes
2025-04-24 06:19:08,298 - hpack.hpack - DEBUG - Decoded (b'content-type', b'application/json; charset=utf-8'), consumed 1
2025-04-24 06:19:08,298 - hpack.hpack - DEBUG - Decoded 80, consumed 1 bytes
2025-04-24 06:19:08,298 - hpack.hpack - DEBUG - Decoded (b'content-range', <memory at 0x119544100>), consumed 1
2025-04-24 06:19:08,298 - hpack.hpack - DEBUG - Decoded 79, consumed 2 bytes
2025-04-24 06:19:08,298 - hpack.hpack - DEBUG - Decoded 15, consumed 1 bytes
2025-04-24 06:19:08,298 - hpack.hpack - DEBUG - Decoded (b'cf-ray', b'9354dc50ae27a1de-YYZ'), total consumed 18 bytes, indexed True
2025-04-24 06:19:08,298 - hpack.hpack - DEBUG - Decoded 79, consumed 1 bytes
2025-04-24 06:19:08,298 - hpack.hpack - DEBUG - Decoded (b'cf-cache-status', b'DYNAMIC'), consumed 1
2025-04-24 06:19:08,298 - hpack.hpack - DEBUG - Decoded 78, consumed 1 bytes
2025-04-24 06:19:08,298 - hpack.hpack - DEBUG - Decoded (b'content-encoding', b'gzip'), consumed 1
2025-04-24 06:19:08,298 - hpack.hpack - DEBUG - Decoded 77, consumed 1 bytes
2025-04-24 06:19:08,298 - hpack.hpack - DEBUG - Decoded (b'strict-transport-security', b'max-age=31536000; includeSubDomains; preload'), consumed 1
2025-04-24 06:19:08,298 - hpack.hpack - DEBUG - Decoded 76, consumed 1 bytes
2025-04-24 06:19:08,298 - hpack.hpack - DEBUG - Decoded (b'vary', b'Accept-Encoding'), consumed 1
2025-04-24 06:19:08,298 - hpack.hpack - DEBUG - Decoded 75, consumed 1 bytes
2025-04-24 06:19:08,298 - hpack.hpack - DEBUG - Decoded (b'content-profile', b'public'), consumed 1
2025-04-24 06:19:08,298 - hpack.hpack - DEBUG - Decoded 64, consumed 1 bytes
2025-04-24 06:19:08,298 - hpack.hpack - DEBUG - Decoded (b'preference-applied', b'return=representation'), consumed 1
2025-04-24 06:19:08,298 - hpack.hpack - DEBUG - Decoded 73, consumed 1 bytes
2025-04-24 06:19:08,298 - hpack.hpack - DEBUG - Decoded (b'sb-gateway-version', <memory at 0x119544040>), consumed 1
2025-04-24 06:19:08,298 - hpack.hpack - DEBUG - Decoded 72, consumed 1 bytes
2025-04-24 06:19:08,298 - hpack.hpack - DEBUG - Decoded (b'sb-project-ref', b'ovuygqfkpifktcgslqvi'), consumed 1
2025-04-24 06:19:08,298 - hpack.hpack - DEBUG - Decoded 71, consumed 1 bytes
2025-04-24 06:19:08,298 - hpack.hpack - DEBUG - Decoded (b'x-content-type-options', b'nosniff'), consumed 1
2025-04-24 06:19:08,298 - hpack.hpack - DEBUG - Decoded 70, consumed 1 bytes
2025-04-24 06:19:08,298 - hpack.hpack - DEBUG - Decoded (b'x-envoy-attempt-count', <memory at 0x1195441c0>), consumed 1
2025-04-24 06:19:08,298 - hpack.hpack - DEBUG - Decoded 69, consumed 2 bytes
2025-04-24 06:19:08,298 - hpack.hpack - DEBUG - Decoded 3, consumed 1 bytes
2025-04-24 06:19:08,298 - hpack.hpack - DEBUG - Decoded (b'x-envoy-upstream-service-time', <memory at 0x119544400>), total consumed 6 bytes, indexed True
2025-04-24 06:19:08,298 - hpack.hpack - DEBUG - Decoded 69, consumed 1 bytes
2025-04-24 06:19:08,298 - hpack.hpack - DEBUG - Decoded (b'server', b'cloudflare'), consumed 1
2025-04-24 06:19:08,298 - hpack.hpack - DEBUG - Decoded 68, consumed 1 bytes
2025-04-24 06:19:08,298 - hpack.hpack - DEBUG - Decoded (b'alt-svc', b'h3=":443"; ma=86400'), consumed 1
2025-04-24 06:19:08,298 - httpcore.http2 - DEBUG - receive_response_headers.complete return_value=(201, [(b'date', b'Thu, 24 Apr 2025 10:19:08 GMT'), (b'content-type', b'application/json; charset=utf-8'), (b'content-range', b'*/*'), (b'cf-ray', b'9354dc50ae27a1de-YYZ'), (b'cf-cache-status', b'DYNAMIC'), (b'content-encoding', b'gzip'), (b'strict-transport-security', b'max-age=31536000; includeSubDomains; preload'), (b'vary', b'Accept-Encoding'), (b'content-profile', b'public'), (b'preference-applied', b'return=representation'), (b'sb-gateway-version', b'1'), (b'sb-project-ref', b'ovuygqfkpifktcgslqvi'), (b'x-content-type-options', b'nosniff'), (b'x-envoy-attempt-count', b'1'), (b'x-envoy-upstream-service-time', b'137'), (b'server', b'cloudflare'), (b'alt-svc', b'h3=":443"; ma=86400')])
2025-04-24 06:19:08,298 - httpx - INFO - HTTP Request: POST https://ovuygqfkpifktcgslqvi.supabase.co/rest/v1/notifications "HTTP/2 201 Created"
2025-04-24 06:19:08,298 - httpcore.http2 - DEBUG - receive_response_body.started request=<Request [b'POST']> stream_id=5
2025-04-24 06:19:08,299 - httpcore.http2 - DEBUG - receive_response_body.complete
2025-04-24 06:19:08,299 - httpcore.http2 - DEBUG - response_closed.started stream_id=5
2025-04-24 06:19:08,299 - httpcore.http2 - DEBUG - response_closed.complete
2025-04-24 06:19:08,299 - user_assistance_mcp - DEBUG - Supabase notifications response: data=[{'id': '5dea8a8f-64cd-433f-b828-29b887bc74cb', 'user_id': 'fcbb6c29-b83f-448e-9a13-fe716f87c0af', 'title': 'LinkedIn Login Issue', 'content': 'Skipped LinkedIn job applications due to missing login credentials. Please update LinkedIn login information to continue applying.', 'type': 'alert', 'read': False, 'created_at': '2025-04-24T06:19:08.104922+00:00', 'reference_id': None, 'reference_type': None}] count=None
2025-04-24 06:19:08,299 - user_assistance_mcp - INFO - Notification sent successfully
2025-04-24 06:19:08,299 - mcp.server.lowlevel.server - DEBUG - Response sent
2025-04-24 06:19:44,525 - mcp.server.lowlevel.server - DEBUG - Received message: <mcp.shared.session.RequestResponder object at 0x119506990>
2025-04-24 06:19:44,526 - mcp.server.lowlevel.server - INFO - Processing request of type ListToolsRequest
2025-04-24 06:19:44,526 - mcp.server.lowlevel.server - DEBUG - Dispatching request of type ListToolsRequest
2025-04-24 06:19:44,527 - mcp.server.lowlevel.server - DEBUG - Response sent
2025-04-24 06:19:46,438 - mcp.server.lowlevel.server - DEBUG - Received message: <mcp.shared.session.RequestResponder object at 0x119532d50>
2025-04-24 06:19:46,438 - mcp.server.lowlevel.server - INFO - Processing request of type CallToolRequest
2025-04-24 06:19:46,439 - mcp.server.lowlevel.server - DEBUG - Dispatching request of type CallToolRequest
2025-04-24 06:19:46,439 - user_assistance_mcp - INFO - log_simple_issue called for Automated Applications at Multiple Platforms
2025-04-24 06:19:46,439 - user_assistance_mcp - INFO - Generated application_id: b37e9999-2c3b-419e-9de7-e729aab9658b
2025-04-24 06:19:46,439 - user_assistance_mcp - INFO - log_application_issue called with: user_id=fcbb6c29-b83f-448e-9a13-fe716f87c0af, application_id=b37e9999-2c3b-419e-9de7-e729aab9658b, company=Multiple Platforms, position=Automated Applications, issue_type=missing_information
2025-04-24 06:19:46,439 - user_assistance_mcp - INFO - Issue details: No LinkedIn login credentials or user profile details (name, email, phone) available. Unable to proceed with any job applications.
2025-04-24 06:19:46,439 - user_assistance_mcp - DEBUG - Upserting basic application record for application_id: b37e9999-2c3b-419e-9de7-e729aab9658b
2025-04-24 06:19:46,439 - httpcore.connection - DEBUG - close.started
2025-04-24 06:19:46,440 - httpcore.connection - DEBUG - close.complete
2025-04-24 06:19:46,440 - httpcore.connection - DEBUG - connect_tcp.started host='ovuygqfkpifktcgslqvi.supabase.co' port=443 local_address=None timeout=120 socket_options=None
2025-04-24 06:19:46,457 - httpcore.connection - DEBUG - connect_tcp.complete return_value=<httpcore._backends.sync.SyncStream object at 0x11954d490>
2025-04-24 06:19:46,457 - httpcore.connection - DEBUG - start_tls.started ssl_context=<ssl.SSLContext object at 0x119529750> server_hostname='ovuygqfkpifktcgslqvi.supabase.co' timeout=120
2025-04-24 06:19:46,498 - httpcore.connection - DEBUG - start_tls.complete return_value=<httpcore._backends.sync.SyncStream object at 0x11954d220>
2025-04-24 06:19:46,498 - httpcore.http2 - DEBUG - send_connection_init.started request=<Request [b'POST']>
2025-04-24 06:19:46,499 - httpcore.http2 - DEBUG - send_connection_init.complete
2025-04-24 06:19:46,499 - httpcore.http2 - DEBUG - send_request_headers.started request=<Request [b'POST']> stream_id=1
2025-04-24 06:19:46,499 - hpack.hpack - DEBUG - Adding (b':method', b'POST') to the header table, sensitive:False, huffman:True
2025-04-24 06:19:46,499 - hpack.hpack - DEBUG - Encoding 3 with 7 bits
2025-04-24 06:19:46,499 - hpack.hpack - DEBUG - Adding (b':authority', b'ovuygqfkpifktcgslqvi.supabase.co') to the header table, sensitive:False, huffman:True
2025-04-24 06:19:46,499 - hpack.hpack - DEBUG - Encoding 1 with 6 bits
2025-04-24 06:19:46,499 - hpack.hpack - DEBUG - Encoding 24 with 7 bits
2025-04-24 06:19:46,500 - hpack.hpack - DEBUG - Adding (b':scheme', b'https') to the header table, sensitive:False, huffman:True
2025-04-24 06:19:46,500 - hpack.hpack - DEBUG - Encoding 7 with 7 bits
2025-04-24 06:19:46,500 - hpack.hpack - DEBUG - Adding (b':path', b'/rest/v1/applications') to the header table, sensitive:False, huffman:True
2025-04-24 06:19:46,500 - hpack.hpack - DEBUG - Encoding 4 with 6 bits
2025-04-24 06:19:46,500 - hpack.hpack - DEBUG - Encoding 15 with 7 bits
2025-04-24 06:19:46,500 - hpack.hpack - DEBUG - Adding (b'accept', b'*/*') to the header table, sensitive:False, huffman:True
2025-04-24 06:19:46,500 - hpack.hpack - DEBUG - Encoding 19 with 6 bits
2025-04-24 06:19:46,500 - hpack.hpack - DEBUG - Encoding 3 with 7 bits
2025-04-24 06:19:46,500 - hpack.hpack - DEBUG - Adding (b'accept-encoding', b'gzip, deflate, zstd') to the header table, sensitive:False, huffman:True
2025-04-24 06:19:46,500 - hpack.hpack - DEBUG - Encoding 16 with 6 bits
2025-04-24 06:19:46,500 - hpack.hpack - DEBUG - Encoding 15 with 7 bits
2025-04-24 06:19:46,500 - hpack.hpack - DEBUG - Adding (b'user-agent', b'python-httpx/0.28.1') to the header table, sensitive:False, huffman:True
2025-04-24 06:19:46,500 - hpack.hpack - DEBUG - Encoding 58 with 6 bits
2025-04-24 06:19:46,500 - hpack.hpack - DEBUG - Encoding 14 with 7 bits
2025-04-24 06:19:46,500 - hpack.hpack - DEBUG - Adding (b'x-client-info', b'supabase-py/2.15.0') to the header table, sensitive:False, huffman:True
2025-04-24 06:19:46,500 - hpack.hpack - DEBUG - Encoding 10 with 7 bits
2025-04-24 06:19:46,500 - hpack.hpack - DEBUG - Encoding 13 with 7 bits
2025-04-24 06:19:46,500 - hpack.hpack - DEBUG - Adding (b'apikey', b'eyJhbGciOiJIUzI1NiIsInR5cCI6IkpXVCJ9.eyJpc3MiOiJzdXBhYmFzZSIsInJlZiI6Im92dXlncWZrcGlma3RjZ3NscXZpIiwicm9sZSI6ImFub24iLCJpYXQiOjE3NDQ4NDYxOTQsImV4cCI6MjA2MDQyMjE5NH0.XM6UO8tT_eSaGotwzQrbaSI2ccDt3tPdKkWSA0BtEjE') to the header table, sensitive:False, huffman:True
2025-04-24 06:19:46,501 - hpack.hpack - DEBUG - Encoding 5 with 7 bits
2025-04-24 06:19:46,501 - hpack.hpack - DEBUG - Encoding 167 with 7 bits
2025-04-24 06:19:46,501 - hpack.hpack - DEBUG - Adding (b'authorization', b'Bearer eyJhbGciOiJIUzI1NiIsImtpZCI6InBoVlcwNEg1OXFSWUJmMmsiLCJ0eXAiOiJKV1QifQ.eyJpc3MiOiJodHRwczovL292dXlncWZrcGlma3RjZ3NscXZpLnN1cGFiYXNlLmNvL2F1dGgvdjEiLCJzdWIiOiJmY2JiNmMyOS1iODNmLTQ0OGUtOWExMy1mZTcxNmY4N2MwYWYiLCJhdWQiOiJhdXRoZW50aWNhdGVkIiwiZXhwIjoxNzQ1NDkzNDM4LCJpYXQiOjE3NDU0ODk4MzgsImVtYWlsIjoidGVzdEBnbWFpbC5jb20iLCJwaG9uZSI6IiIsImFwcF9tZXRhZGF0YSI6eyJwcm92aWRlciI6ImVtYWlsIiwicHJvdmlkZXJzIjpbImVtYWlsIl19LCJ1c2VyX21ldGFkYXRhIjp7ImVtYWlsX3ZlcmlmaWVkIjp0cnVlfSwicm9sZSI6ImF1dGhlbnRpY2F0ZWQiLCJhYWwiOiJhYWwxIiwiYW1yIjpbeyJtZXRob2QiOiJwYXNzd29yZCIsInRpbWVzdGFtcCI6MTc0NTQ4OTgzOH1dLCJzZXNzaW9uX2lkIjoiNzQzOGZmZmItYTJmZi00MDk0LWJjOTktYzViMzc3MDIxODlmIiwiaXNfYW5vbnltb3VzIjpmYWxzZX0.EzgN0qODd-1YACJR7xC3Uj7YyPn-SQla27nlvMUGQc4') to the header table, sensitive:True, huffman:True
2025-04-24 06:19:46,501 - hpack.hpack - DEBUG - Encoding 23 with 4 bits
2025-04-24 06:19:46,501 - hpack.hpack - DEBUG - Encoding 585 with 7 bits
2025-04-24 06:19:46,501 - hpack.hpack - DEBUG - Adding (b'accept-profile', b'public') to the header table, sensitive:False, huffman:True
2025-04-24 06:19:46,501 - hpack.hpack - DEBUG - Encoding 10 with 7 bits
2025-04-24 06:19:46,501 - hpack.hpack - DEBUG - Encoding 5 with 7 bits
2025-04-24 06:19:46,501 - hpack.hpack - DEBUG - Adding (b'content-profile', b'public') to the header table, sensitive:False, huffman:True
2025-04-24 06:19:46,501 - hpack.hpack - DEBUG - Encoding 11 with 7 bits
2025-04-24 06:19:46,501 - hpack.hpack - DEBUG - Encoding 5 with 7 bits
2025-04-24 06:19:46,501 - hpack.hpack - DEBUG - Adding (b'prefer', b'return=representation,resolution=merge-duplicates') to the header table, sensitive:False, huffman:True
2025-04-24 06:19:46,501 - hpack.hpack - DEBUG - Encoding 5 with 7 bits
2025-04-24 06:19:46,501 - hpack.hpack - DEBUG - Encoding 34 with 7 bits
2025-04-24 06:19:46,502 - hpack.hpack - DEBUG - Adding (b'content-length', b'435') to the header table, sensitive:False, huffman:True
2025-04-24 06:19:46,502 - hpack.hpack - DEBUG - Encoding 28 with 6 bits
2025-04-24 06:19:46,502 - hpack.hpack - DEBUG - Encoding 3 with 7 bits
2025-04-24 06:19:46,502 - hpack.hpack - DEBUG - Adding (b'content-type', b'application/json') to the header table, sensitive:False, huffman:True
2025-04-24 06:19:46,502 - hpack.hpack - DEBUG - Encoding 31 with 6 bits
2025-04-24 06:19:46,502 - hpack.hpack - DEBUG - Encoding 11 with 7 bits
2025-04-24 06:19:46,502 - hpack.hpack - DEBUG - Encoded header block to b'\x83A\x98?{}M\xda^\xb5\x9a^\xa9$\xc8\xa3\xb7s.\x8bk\x1ccAW!\xff\x87D\x8fb\xc2\xa1,w\x0b\x03\xae\xba\x0cA\xa4\xc7\xa9\x1fS\x83\xf9c\xe7P\x8f\x9b\xd9\xab\xfaRB\xcb@\xd2_\xa5=\xa12\x7fz\x8e\xaf\xd2g=KN\x94\xd7\xe5\x80.\'\x97\x0f@\x8a\xf2\xb1(1jJ\xc6\xaaS\xff\x8dE\xb5\x8e1\xa0\xabW\xe9\x81.\x16\xd7\x07@\x85\x1df\xea__\xff(/\xac\xb3\xc7\x88\x86\xd4l\xb98{\xc8\x1d&\xc8\x8c\x95ml\x97\xb29\x93\xad\x7f\x9coe}r\xfa\xcbY\x19\xd0mF\xcb\xeeO\xcb\xb3\xf3\xa7\x0f\xbf\xdd\xd9\x11\x92\xac\xb4~\x9b#\x99)|R~QQ9~\xd8LTR6v\xf4\xfdgJ\t\xf9\xfb^Cx1)}\x1f\xbb\xb29\x92\x9c6\xc6&\x8d\x9e\xf6Z\xf9\xfel6\xae\x98\x19\xd3\x7fcZo\xf3\xf3\xab~\xc4d\xa7\x8bD\xbd\x91\xcd\x1d!\x16\x8b\xfb=h\xe9\x81\xbd8\xc0\xbf\xe6\x878jy;\xe2.\xe1\xe2:|{\xd9dc\xdd\x90D%\xf4\xb2\x9drf\xeb\xcbt \xba\x9c\x1d0\x7f\x1f\x08\xff\xca\x03\xbaQ\xd8[\x14/\xac\xb3\xc7\x88\x86\xd4l\xb98{\xc8\x1d&\xc8\x8c\x94\xa6\xbf\xdb\xd9\x1c\xc9U\xd3\xf1\xa0\x9e4\xe0\x98:\xbf0\xee\xe5\xc3-:)A\xb3\xde\xca\x02\xfeBmF\xcb\x9b\x88v\x1a]\x8b\x97\xd6Z\xc8\xce\x83j6S\xc9\x8fo\x82{?|\xe2|R~QQ9~\xd8LTR6v\xf4\xfdgJ\t\xf9\xfb^z\xb4\x84\x98\xb0\x9b\x9f\xe6\x9a3\xd3\xa7\xbeqa\x0c\x98\xa6\xef\'L\x06\xcf{/\xb99d6\xa3e\xa7\x98\xb2\x9bM:=j\xdc\x13j\xbf\xa6\x9c\xfb\xf6\x03V.\t\xd5\xcb\x07\x9d\x1e\x83O\xee\xf2y\xd3O6\xb4\x8bG\x8e|\xb9\x9b=\xec\xb3\xc9\xcba\xb5\x1b,\xf2~m?\xef&\xc0>Zg\x93\x17\x1e\xb9\r\xe0\xdf\xbf\x93\xf8\xc9\xd0\xfet\xfb\xd8\x1d7\xfa\xfb\xd3\x7fCY\xefe\xaf\x9f\xe6\xc3j\xe9\x81\x9d7\xf8\x03U\xfe\xadh\xf722S\xc5<\xf9P\x8c\x9d\x0ei1q\xf7&\x0b\xb5G\xcb\rq\xdeo\xa4b\x01\xb3\xde\xcb\xe0x\x9f\xb7\xf7vG2\x1b"2S\x87\xc10\xbe\x9f\xdf\xcd\xb3\xfe\xe2\xc2\x0e{\xb28_Y|\x12\x97\xc4>[h!\xb29\x92\x9e)\xe7\xca\x84d7\x83\x13\x1e^\xf2SG_\xdf\xcc\xbe\xf2t\xae<\x94\xf1O>T#%\x01\x7f=\xec\xa1 \xb8\xfa\xfc\x10h\x93\x16\x1e\xbc\xff6\xcf\x93\xa5n\xe4\xa7\x8ay\xf2\xa1\x1f\x8c\xfe\xd0Jh\xa4|\xb8\xf5\xc9\xd2\xb0\x12\xae4K\xbb\xc1\x89K\xe8\xfd\xdd\x91\xcc\x94\xe1\x0c\x98\xa7\xa2:\xb6\xd7\xccXA\xfb\xcba\xb3\xde\xcb?>^\r\xa8\xd9g\xe7\xcb\xc7\x9c\x86\xf0n|\x83\xeb\'J\xe3/\xac\xa9\xfd\xfc\xdax\xc5\xb0\xda\x8d\x97\xc7?\xcd>\xe4\x13\xfe\xbfodFJ\xb6\xd7\x1f.>\xe4\xc5\x85$\xbd\x91\xcd\x1b\xc8\r;\xf65\xab|\xde\xf5c\x0c\x99\xefe\xf7\xfb\xf9\xa7\xd8\xf9?o\xe0\xa8\xeb\x93\xa1\xcd\xa7\xde\xcfz\xb1~\xd3\xfbND\xf3\xdf\x96\x9f\xd3\x00\x1a/\xf5\x06~Yzj\xdf\xd5<\xfd\xf16\x8fdgE\xfc\x9eu_\xa2\x9c\x86\xf0a\xfei\x97\x9f&\xfb\xc7U\t\x8d\x9e>\xf2t\xae\x9e|\xbc\xfb\xfd\xfc\x02\xf8=\xcd\xa4\x1d\xb5_\x91`\xf3\x86\xf6]\xae\xf9\xbc\xcf\x0e\x8e\xf3\xf5\xae\xa5\xb7l\xa0bv\xaa;\xe8\xe1\x8ba\x1a@\x8a\x19\x08Z\xd2\xb5v\x1eSP_\x85\xae\xd8\xe81?@\x8b!\xeaIjJ\xd5\xd8yMA\x7f\x85\xae\xd8\xe81?@\x85\xae\xc2\xca[?\xa2\xb0\xa9\xb6\xca\xa0\xb0\xb5\xd8T\x16\xa4\x8d&=_V\x15\x07\xa2\xd4\x98\xf5AIl\x98\xabImt\x18\x83IQ\\\x83i\x96\xff_\x8b\x1du\xd0b\r&=LtA\xea'
2025-04-24 06:19:46,502 - httpcore.http2 - DEBUG - send_request_headers.complete
2025-04-24 06:19:46,502 - httpcore.http2 - DEBUG - send_request_body.started request=<Request [b'POST']> stream_id=1
2025-04-24 06:19:46,502 - httpcore.http2 - DEBUG - send_request_body.complete
2025-04-24 06:19:46,502 - httpcore.http2 - DEBUG - receive_response_headers.started request=<Request [b'POST']> stream_id=1
2025-04-24 06:19:46,504 - httpcore.http2 - DEBUG - receive_remote_settings.started
2025-04-24 06:19:46,504 - httpcore.http2 - DEBUG - receive_remote_settings.complete return_value=<RemoteSettingsChanged changed_settings:{ChangedSetting(setting=3, original_value=None, new_value=100), ChangedSetting(setting=4, original_value=65535, new_value=65536), ChangedSetting(setting=5, original_value=16384, new_value=16777215)}>
2025-04-24 06:19:46,587 - hpack.hpack - DEBUG - Decoding b'?\xe1\x1fN\x82\x10\x03a\x96\xdf=\xbfJ\t\xa5!\xae\xc5\x04\x016\xa0Ap/\xdci\xc51h\xdf_\x96\x1du\xd0b\r&=LtA\xea\xfbP\x93\x8e\xc4\x150Z\x99V{^\x03*/*@\x85$\xabX?_\x8f}\x96\xda\x92F\x80\xfb\xf2\x84c,ks\xe7\xfb@\x8a$\xab\x10d\x9c\xab!#M\xa8\x86\xbf\xcfL:2^Z\x83\x9b\xd9\xabx\xa0\xa4~V\x1c\xc5\x81\x90\xb6\xcb\x80\x00>\xd45D\xa2\xd9\x0b\xba\xd8\xef\x9e\x91\x9a\xa4}\xa9]\x85\xa0\xe3\x93{\x8b\x84\x84-i[\x05D<\x86\xaao@\x8b!\xeaIjJ\xd5\xd8yMA\x7f\x85\xae\xd8\xe81?@\x8d\xae\xc2\xca[\x0bQ\n\xb0\xeb\xae\x83\x16O\xa3\xb0\xa8=\x16\xa4\xc7\xaa\nKd\xc5ZKk\xa0\xc4\x1aJ\x8f\xa5,*m\xb2\xa8,-v\x15\x05\xa9#I\x8fW@\x8dDkL4\x97\xc0\xfd-\xdc\xb6 \xc7\xab\x011@\x8aDkWa\xfa\x14\x89Z\xc2\xcb\x90?{}M\xda^\xb5\x9a^\xa9$\xc8\xa3\xb7s\x7f@\x90\xf2\xb1\x0fRKRVO\xaa\xca\xb1\xebI\x8fR?\x85\xa8\xe8\xa8\xd2\xcb@\x8f\xf2\xb1j\xee\x7fK\r)-5\xa5b\x1e\xda\x93\x011@\x95\xf2\xb1j\xee\x7fK[Z\x13aGJ\xc8-\x9d\xccB\xac\x93R_\x0223v\x87%\x07\xb6Ih\x1d\x85@\x85\x1d\tY\x1d\xc9\x90\x9d\x98?\x9b\x8d4\xcf\xf3\xf6\xa5#\x81\xe7\x1a\x00?'
2025-04-24 06:19:46,587 - hpack.hpack - DEBUG - Decoded 4096, consumed 3 bytes
2025-04-24 06:19:46,587 - hpack.table - DEBUG - Resizing header table to 4096 from 4096
2025-04-24 06:19:46,589 - hpack.hpack - DEBUG - Decoded 14, consumed 1 bytes
2025-04-24 06:19:46,590 - hpack.hpack - DEBUG - Decoded 2, consumed 1 bytes
2025-04-24 06:19:46,591 - hpack.hpack - DEBUG - Decoded (b':status', b'201'), total consumed 4 bytes, indexed True
2025-04-24 06:19:46,591 - hpack.hpack - DEBUG - Decoded 33, consumed 1 bytes
2025-04-24 06:19:46,591 - hpack.hpack - DEBUG - Decoded 22, consumed 1 bytes
2025-04-24 06:19:46,591 - hpack.hpack - DEBUG - Decoded (b'date', b'Thu, 24 Apr 2025 10:19:46 GMT'), total consumed 24 bytes, indexed True
2025-04-24 06:19:46,591 - hpack.hpack - DEBUG - Decoded 31, consumed 1 bytes
2025-04-24 06:19:46,591 - hpack.hpack - DEBUG - Decoded 22, consumed 1 bytes
2025-04-24 06:19:46,591 - hpack.hpack - DEBUG - Decoded (b'content-type', b'application/json; charset=utf-8'), total consumed 24 bytes, indexed True
2025-04-24 06:19:46,591 - hpack.hpack - DEBUG - Decoded 30, consumed 1 bytes
2025-04-24 06:19:46,591 - hpack.hpack - DEBUG - Decoded 3, consumed 1 bytes
2025-04-24 06:19:46,592 - hpack.hpack - DEBUG - Decoded (b'content-range', <memory at 0x119544940>), total consumed 5 bytes, indexed True
2025-04-24 06:19:46,592 - hpack.hpack - DEBUG - Decoded 5, consumed 1 bytes
2025-04-24 06:19:46,592 - hpack.hpack - DEBUG - Decoded 15, consumed 1 bytes
2025-04-24 06:19:46,592 - hpack.hpack - DEBUG - Decoded (b'cf-ray', b'9354dd4099f1aaeb-YYZ'), total consumed 23 bytes, indexed True
2025-04-24 06:19:46,592 - hpack.hpack - DEBUG - Decoded 10, consumed 1 bytes
2025-04-24 06:19:46,592 - hpack.hpack - DEBUG - Decoded 6, consumed 1 bytes
2025-04-24 06:19:46,592 - hpack.hpack - DEBUG - Decoded (b'cf-cache-status', b'DYNAMIC'), total consumed 19 bytes, indexed True
2025-04-24 06:19:46,592 - hpack.hpack - DEBUG - Decoded 26, consumed 1 bytes
2025-04-24 06:19:46,592 - hpack.hpack - DEBUG - Decoded 3, consumed 1 bytes
2025-04-24 06:19:46,592 - hpack.hpack - DEBUG - Decoded (b'content-encoding', b'gzip'), total consumed 5 bytes, indexed True
2025-04-24 06:19:46,592 - hpack.hpack - DEBUG - Decoded 56, consumed 1 bytes
2025-04-24 06:19:46,592 - hpack.hpack - DEBUG - Decoded 32, consumed 1 bytes
2025-04-24 06:19:46,592 - hpack.hpack - DEBUG - Decoded (b'strict-transport-security', b'max-age=31536000; includeSubDomains; preload'), total consumed 34 bytes, indexed True
2025-04-24 06:19:46,592 - hpack.hpack - DEBUG - Decoded 59, consumed 1 bytes
2025-04-24 06:19:46,592 - hpack.hpack - DEBUG - Decoded 11, consumed 1 bytes
2025-04-24 06:19:46,592 - hpack.hpack - DEBUG - Decoded (b'vary', b'Accept-Encoding'), total consumed 13 bytes, indexed True
2025-04-24 06:19:46,592 - hpack.hpack - DEBUG - Decoded 11, consumed 1 bytes
2025-04-24 06:19:46,592 - hpack.hpack - DEBUG - Decoded 5, consumed 1 bytes
2025-04-24 06:19:46,592 - hpack.hpack - DEBUG - Decoded (b'content-profile', b'public'), total consumed 19 bytes, indexed True
2025-04-24 06:19:46,593 - hpack.hpack - DEBUG - Decoded 13, consumed 1 bytes
2025-04-24 06:19:46,593 - hpack.hpack - DEBUG - Decoded 35, consumed 1 bytes
2025-04-24 06:19:46,593 - hpack.hpack - DEBUG - Decoded (b'preference-applied', b'resolution=merge-duplicates, return=representation'), total consumed 51 bytes, indexed True
2025-04-24 06:19:46,593 - hpack.hpack - DEBUG - Decoded 13, consumed 1 bytes
2025-04-24 06:19:46,593 - hpack.hpack - DEBUG - Decoded 1, consumed 1 bytes
2025-04-24 06:19:46,593 - hpack.hpack - DEBUG - Decoded (b'sb-gateway-version', <memory at 0x119544880>), total consumed 17 bytes, indexed True
2025-04-24 06:19:46,593 - hpack.hpack - DEBUG - Decoded 10, consumed 1 bytes
2025-04-24 06:19:46,593 - hpack.hpack - DEBUG - Decoded 16, consumed 1 bytes
2025-04-24 06:19:46,593 - hpack.hpack - DEBUG - Decoded (b'sb-project-ref', b'ovuygqfkpifktcgslqvi'), total consumed 29 bytes, indexed True
2025-04-24 06:19:46,593 - hpack.hpack - DEBUG - Decoded 16, consumed 1 bytes
2025-04-24 06:19:46,593 - hpack.hpack - DEBUG - Decoded 5, consumed 1 bytes
2025-04-24 06:19:46,593 - hpack.hpack - DEBUG - Decoded (b'x-content-type-options', b'nosniff'), total consumed 24 bytes, indexed True
2025-04-24 06:19:46,593 - hpack.hpack - DEBUG - Decoded 15, consumed 1 bytes
2025-04-24 06:19:46,593 - hpack.hpack - DEBUG - Decoded 1, consumed 1 bytes
2025-04-24 06:19:46,593 - hpack.hpack - DEBUG - Decoded (b'x-envoy-attempt-count', <memory at 0x119544a00>), total consumed 19 bytes, indexed True
2025-04-24 06:19:46,593 - hpack.hpack - DEBUG - Decoded 21, consumed 1 bytes
2025-04-24 06:19:46,593 - hpack.hpack - DEBUG - Decoded 2, consumed 1 bytes
2025-04-24 06:19:46,593 - hpack.hpack - DEBUG - Decoded (b'x-envoy-upstream-service-time', <memory at 0x119544ac0>), total consumed 26 bytes, indexed True
2025-04-24 06:19:46,593 - hpack.hpack - DEBUG - Decoded 54, consumed 1 bytes
2025-04-24 06:19:46,593 - hpack.hpack - DEBUG - Decoded 7, consumed 1 bytes
2025-04-24 06:19:46,593 - hpack.hpack - DEBUG - Decoded (b'server', b'cloudflare'), total consumed 9 bytes, indexed True
2025-04-24 06:19:46,593 - hpack.hpack - DEBUG - Decoded 5, consumed 1 bytes
2025-04-24 06:19:46,593 - hpack.hpack - DEBUG - Decoded 16, consumed 1 bytes
2025-04-24 06:19:46,593 - hpack.hpack - DEBUG - Decoded (b'alt-svc', b'h3=":443"; ma=86400'), total consumed 24 bytes, indexed True
2025-04-24 06:19:46,594 - httpcore.http2 - DEBUG - receive_response_headers.complete return_value=(201, [(b'date', b'Thu, 24 Apr 2025 10:19:46 GMT'), (b'content-type', b'application/json; charset=utf-8'), (b'content-range', b'*/*'), (b'cf-ray', b'9354dd4099f1aaeb-YYZ'), (b'cf-cache-status', b'DYNAMIC'), (b'content-encoding', b'gzip'), (b'strict-transport-security', b'max-age=31536000; includeSubDomains; preload'), (b'vary', b'Accept-Encoding'), (b'content-profile', b'public'), (b'preference-applied', b'resolution=merge-duplicates, return=representation'), (b'sb-gateway-version', b'1'), (b'sb-project-ref', b'ovuygqfkpifktcgslqvi'), (b'x-content-type-options', b'nosniff'), (b'x-envoy-attempt-count', b'1'), (b'x-envoy-upstream-service-time', b'23'), (b'server', b'cloudflare'), (b'alt-svc', b'h3=":443"; ma=86400')])
2025-04-24 06:19:46,594 - httpx - INFO - HTTP Request: POST https://ovuygqfkpifktcgslqvi.supabase.co/rest/v1/applications "HTTP/2 201 Created"
2025-04-24 06:19:46,594 - httpcore.http2 - DEBUG - receive_response_body.started request=<Request [b'POST']> stream_id=1
2025-04-24 06:19:46,594 - httpcore.http2 - DEBUG - receive_response_body.complete
2025-04-24 06:19:46,594 - httpcore.http2 - DEBUG - response_closed.started stream_id=1
2025-04-24 06:19:46,594 - httpcore.http2 - DEBUG - response_closed.complete
2025-04-24 06:19:46,595 - user_assistance_mcp - DEBUG - Successfully upserted application record for b37e9999-2c3b-419e-9de7-e729aab9658b
2025-04-24 06:19:46,595 - user_assistance_mcp - DEBUG - Preparing to insert issue into application_issues table
2025-04-24 06:19:46,595 - user_assistance_mcp - DEBUG - Issue Insert data: {'user_id': 'fcbb6c29-b83f-448e-9a13-fe716f87c0af', 'application_id': 'b37e9999-2c3b-419e-9de7-e729aab9658b', 'company': 'Multiple Platforms', 'position': 'Automated Applications', 'issue_type': 'missing_information', 'issue_details': 'No LinkedIn login credentials or user profile details (name, email, phone) available. Unable to proceed with any job applications.', 'status': 'pending', 'created_at': '2025-04-24T06:19:46.595084'}
2025-04-24 06:19:46,595 - user_assistance_mcp - DEBUG - Executing supabase insert for application_issues
2025-04-24 06:19:46,595 - httpcore.http2 - DEBUG - send_request_headers.started request=<Request [b'POST']> stream_id=3
2025-04-24 06:19:46,595 - hpack.hpack - DEBUG - Adding (b':method', b'POST') to the header table, sensitive:False, huffman:True
2025-04-24 06:19:46,595 - hpack.hpack - DEBUG - Encoding 3 with 7 bits
2025-04-24 06:19:46,595 - hpack.hpack - DEBUG - Adding (b':authority', b'ovuygqfkpifktcgslqvi.supabase.co') to the header table, sensitive:False, huffman:True
2025-04-24 06:19:46,595 - hpack.hpack - DEBUG - Encoding 73 with 7 bits
2025-04-24 06:19:46,595 - hpack.hpack - DEBUG - Adding (b':scheme', b'https') to the header table, sensitive:False, huffman:True
2025-04-24 06:19:46,595 - hpack.hpack - DEBUG - Encoding 7 with 7 bits
2025-04-24 06:19:46,595 - hpack.hpack - DEBUG - Adding (b':path', b'/rest/v1/application_issues') to the header table, sensitive:False, huffman:True
2025-04-24 06:19:46,595 - hpack.hpack - DEBUG - Encoding 4 with 6 bits
2025-04-24 06:19:46,595 - hpack.hpack - DEBUG - Encoding 19 with 7 bits
2025-04-24 06:19:46,595 - hpack.hpack - DEBUG - Adding (b'accept', b'*/*') to the header table, sensitive:False, huffman:True
2025-04-24 06:19:46,595 - hpack.hpack - DEBUG - Encoding 72 with 7 bits
2025-04-24 06:19:46,595 - hpack.hpack - DEBUG - Adding (b'accept-encoding', b'gzip, deflate, zstd') to the header table, sensitive:False, huffman:True
2025-04-24 06:19:46,595 - hpack.hpack - DEBUG - Encoding 71 with 7 bits
2025-04-24 06:19:46,595 - hpack.hpack - DEBUG - Adding (b'user-agent', b'python-httpx/0.28.1') to the header table, sensitive:False, huffman:True
2025-04-24 06:19:46,595 - hpack.hpack - DEBUG - Encoding 70 with 7 bits
2025-04-24 06:19:46,595 - hpack.hpack - DEBUG - Adding (b'x-client-info', b'supabase-py/2.15.0') to the header table, sensitive:False, huffman:True
2025-04-24 06:19:46,595 - hpack.hpack - DEBUG - Encoding 69 with 7 bits
2025-04-24 06:19:46,596 - hpack.hpack - DEBUG - Adding (b'apikey', b'eyJhbGciOiJIUzI1NiIsInR5cCI6IkpXVCJ9.eyJpc3MiOiJzdXBhYmFzZSIsInJlZiI6Im92dXlncWZrcGlma3RjZ3NscXZpIiwicm9sZSI6ImFub24iLCJpYXQiOjE3NDQ4NDYxOTQsImV4cCI6MjA2MDQyMjE5NH0.XM6UO8tT_eSaGotwzQrbaSI2ccDt3tPdKkWSA0BtEjE') to the header table, sensitive:False, huffman:True
2025-04-24 06:19:46,596 - hpack.hpack - DEBUG - Encoding 68 with 7 bits
2025-04-24 06:19:46,596 - hpack.hpack - DEBUG - Adding (b'authorization', b'Bearer eyJhbGciOiJIUzI1NiIsImtpZCI6InBoVlcwNEg1OXFSWUJmMmsiLCJ0eXAiOiJKV1QifQ.eyJpc3MiOiJodHRwczovL292dXlncWZrcGlma3RjZ3NscXZpLnN1cGFiYXNlLmNvL2F1dGgvdjEiLCJzdWIiOiJmY2JiNmMyOS1iODNmLTQ0OGUtOWExMy1mZTcxNmY4N2MwYWYiLCJhdWQiOiJhdXRoZW50aWNhdGVkIiwiZXhwIjoxNzQ1NDkzNDM4LCJpYXQiOjE3NDU0ODk4MzgsImVtYWlsIjoidGVzdEBnbWFpbC5jb20iLCJwaG9uZSI6IiIsImFwcF9tZXRhZGF0YSI6eyJwcm92aWRlciI6ImVtYWlsIiwicHJvdmlkZXJzIjpbImVtYWlsIl19LCJ1c2VyX21ldGFkYXRhIjp7ImVtYWlsX3ZlcmlmaWVkIjp0cnVlfSwicm9sZSI6ImF1dGhlbnRpY2F0ZWQiLCJhYWwiOiJhYWwxIiwiYW1yIjpbeyJtZXRob2QiOiJwYXNzd29yZCIsInRpbWVzdGFtcCI6MTc0NTQ4OTgzOH1dLCJzZXNzaW9uX2lkIjoiNzQzOGZmZmItYTJmZi00MDk0LWJjOTktYzViMzc3MDIxODlmIiwiaXNfYW5vbnltb3VzIjpmYWxzZX0.EzgN0qODd-1YACJR7xC3Uj7YyPn-SQla27nlvMUGQc4') to the header table, sensitive:True, huffman:True
2025-04-24 06:19:46,596 - hpack.hpack - DEBUG - Encoding 23 with 4 bits
2025-04-24 06:19:46,596 - hpack.hpack - DEBUG - Encoding 585 with 7 bits
2025-04-24 06:19:46,596 - hpack.hpack - DEBUG - Adding (b'accept-profile', b'public') to the header table, sensitive:False, huffman:True
2025-04-24 06:19:46,596 - hpack.hpack - DEBUG - Encoding 67 with 7 bits
2025-04-24 06:19:46,596 - hpack.hpack - DEBUG - Adding (b'content-profile', b'public') to the header table, sensitive:False, huffman:True
2025-04-24 06:19:46,596 - hpack.hpack - DEBUG - Encoding 66 with 7 bits
2025-04-24 06:19:46,596 - hpack.hpack - DEBUG - Adding (b'prefer', b'return=representation') to the header table, sensitive:False, huffman:True
2025-04-24 06:19:46,596 - hpack.hpack - DEBUG - Encoding 65 with 6 bits
2025-04-24 06:19:46,596 - hpack.hpack - DEBUG - Encoding 15 with 7 bits
2025-04-24 06:19:46,596 - hpack.hpack - DEBUG - Adding (b'content-length', b'418') to the header table, sensitive:False, huffman:True
2025-04-24 06:19:46,596 - hpack.hpack - DEBUG - Encoding 28 with 6 bits
2025-04-24 06:19:46,596 - hpack.hpack - DEBUG - Encoding 3 with 7 bits
2025-04-24 06:19:46,596 - hpack.hpack - DEBUG - Adding (b'content-type', b'application/json') to the header table, sensitive:False, huffman:True
2025-04-24 06:19:46,596 - hpack.hpack - DEBUG - Encoding 65 with 7 bits
2025-04-24 06:19:46,596 - hpack.hpack - DEBUG - Encoded header block to b'\x83\xc9\x87D\x93b\xc2\xa1,w\x0b\x03\xae\xba\x0cA\xa4\xc7\xaa#!\x16\x95\x1f\xc8\xc7\xc6\xc5\xc4\x1f\x08\xff\xca\x03\xbaQ\xd8[\x14/\xac\xb3\xc7\x88\x86\xd4l\xb98{\xc8\x1d&\xc8\x8c\x94\xa6\xbf\xdb\xd9\x1c\xc9U\xd3\xf1\xa0\x9e4\xe0\x98:\xbf0\xee\xe5\xc3-:)A\xb3\xde\xca\x02\xfeBmF\xcb\x9b\x88v\x1a]\x8b\x97\xd6Z\xc8\xce\x83j6S\xc9\x8fo\x82{?|\xe2|R~QQ9~\xd8LTR6v\xf4\xfdgJ\t\xf9\xfb^z\xb4\x84\x98\xb0\x9b\x9f\xe6\x9a3\xd3\xa7\xbeqa\x0c\x98\xa6\xef\'L\x06\xcf{/\xb99d6\xa3e\xa7\x98\xb2\x9bM:=j\xdc\x13j\xbf\xa6\x9c\xfb\xf6\x03V.\t\xd5\xcb\x07\x9d\x1e\x83O\xee\xf2y\xd3O6\xb4\x8bG\x8e|\xb9\x9b=\xec\xb3\xc9\xcba\xb5\x1b,\xf2~m?\xef&\xc0>Zg\x93\x17\x1e\xb9\r\xe0\xdf\xbf\x93\xf8\xc9\xd0\xfet\xfb\xd8\x1d7\xfa\xfb\xd3\x7fCY\xefe\xaf\x9f\xe6\xc3j\xe9\x81\x9d7\xf8\x03U\xfe\xadh\xf722S\xc5<\xf9P\x8c\x9d\x0ei1q\xf7&\x0b\xb5G\xcb\rq\xdeo\xa4b\x01\xb3\xde\xcb\xe0x\x9f\xb7\xf7vG2\x1b"2S\x87\xc10\xbe\x9f\xdf\xcd\xb3\xfe\xe2\xc2\x0e{\xb28_Y|\x12\x97\xc4>[h!\xb29\x92\x9e)\xe7\xca\x84d7\x83\x13\x1e^\xf2SG_\xdf\xcc\xbe\xf2t\xae<\x94\xf1O>T#%\x01\x7f=\xec\xa1 \xb8\xfa\xfc\x10h\x93\x16\x1e\xbc\xff6\xcf\x93\xa5n\xe4\xa7\x8ay\xf2\xa1\x1f\x8c\xfe\xd0Jh\xa4|\xb8\xf5\xc9\xd2\xb0\x12\xae4K\xbb\xc1\x89K\xe8\xfd\xdd\x91\xcc\x94\xe1\x0c\x98\xa7\xa2:\xb6\xd7\xccXA\xfb\xcba\xb3\xde\xcb?>^\r\xa8\xd9g\xe7\xcb\xc7\x9c\x86\xf0n|\x83\xeb\'J\xe3/\xac\xa9\xfd\xfc\xdax\xc5\xb0\xda\x8d\x97\xc7?\xcd>\xe4\x13\xfe\xbfodFJ\xb6\xd7\x1f.>\xe4\xc5\x85$\xbd\x91\xcd\x1b\xc8\r;\xf65\xab|\xde\xf5c\x0c\x99\xefe\xf7\xfb\xf9\xa7\xd8\xf9?o\xe0\xa8\xeb\x93\xa1\xcd\xa7\xde\xcfz\xb1~\xd3\xfbND\xf3\xdf\x96\x9f\xd3\x00\x1a/\xf5\x06~Yzj\xdf\xd5<\xfd\xf16\x8fdgE\xfc\x9eu_\xa2\x9c\x86\xf0a\xfei\x97\x9f&\xfb\xc7U\t\x8d\x9e>\xf2t\xae\x9e|\xbc\xfb\xfd\xfc\x02\xf8=\xcd\xa4\x1d\xb5_\x91`\xf3\x86\xf6]\xae\xf9\xbc\xcf\x0e\x8e\xf3\xf5\xae\xa5\xb7l\xa0bv\xaa;\xe8\xe1\x8ba\x1a\xc3\xc2\x7f\x02\x8f\xb0\xa9\xb6\xca\xa0\xb0\xb5\xd8T\x16\xa4\x8d&=_\\\x83h/\x7f\xc1'
2025-04-24 06:19:46,596 - httpcore.http2 - DEBUG - send_request_headers.complete
2025-04-24 06:19:46,596 - httpcore.http2 - DEBUG - send_request_body.started request=<Request [b'POST']> stream_id=3
2025-04-24 06:19:46,596 - httpcore.http2 - DEBUG - send_request_body.complete
2025-04-24 06:19:46,596 - httpcore.http2 - DEBUG - receive_response_headers.started request=<Request [b'POST']> stream_id=3
2025-04-24 06:19:46,675 - hpack.hpack - DEBUG - Decoding b'\xcf\xce\xcd\xcc\x7f\x0c\x8f}\x96\xda\x92F\x82\xc8\xdetc,ks\xe7\xfb\xcb\xca\xc9\xc8\xc7\x7f\x07\x8f\xb0\xa9\xb6\xca\xa0\xb0\xb5\xd8T\x16\xa4\x8d&=_\xc6\xc5\xc4\xc3\x7f\x03\x0222\xc2\xc1'
2025-04-24 06:19:46,676 - hpack.hpack - DEBUG - Decoded 79, consumed 1 bytes
2025-04-24 06:19:46,676 - hpack.hpack - DEBUG - Decoded (b':status', b'201'), consumed 1
2025-04-24 06:19:46,676 - hpack.hpack - DEBUG - Decoded 78, consumed 1 bytes
2025-04-24 06:19:46,676 - hpack.hpack - DEBUG - Decoded (b'date', b'Thu, 24 Apr 2025 10:19:46 GMT'), consumed 1
2025-04-24 06:19:46,676 - hpack.hpack - DEBUG - Decoded 77, consumed 1 bytes
2025-04-24 06:19:46,676 - hpack.hpack - DEBUG - Decoded (b'content-type', b'application/json; charset=utf-8'), consumed 1
2025-04-24 06:19:46,676 - hpack.hpack - DEBUG - Decoded 76, consumed 1 bytes
2025-04-24 06:19:46,676 - hpack.hpack - DEBUG - Decoded (b'content-range', <memory at 0x119544940>), consumed 1
2025-04-24 06:19:46,676 - hpack.hpack - DEBUG - Decoded 75, consumed 2 bytes
2025-04-24 06:19:46,676 - hpack.hpack - DEBUG - Decoded 15, consumed 1 bytes
2025-04-24 06:19:46,677 - hpack.hpack - DEBUG - Decoded (b'cf-ray', b'9354dd413a87aaeb-YYZ'), total consumed 18 bytes, indexed True
2025-04-24 06:19:46,677 - hpack.hpack - DEBUG - Decoded 75, consumed 1 bytes
2025-04-24 06:19:46,677 - hpack.hpack - DEBUG - Decoded (b'cf-cache-status', b'DYNAMIC'), consumed 1
2025-04-24 06:19:46,677 - hpack.hpack - DEBUG - Decoded 74, consumed 1 bytes
2025-04-24 06:19:46,677 - hpack.hpack - DEBUG - Decoded (b'content-encoding', b'gzip'), consumed 1
2025-04-24 06:19:46,677 - hpack.hpack - DEBUG - Decoded 73, consumed 1 bytes
2025-04-24 06:19:46,677 - hpack.hpack - DEBUG - Decoded (b'strict-transport-security', b'max-age=31536000; includeSubDomains; preload'), consumed 1
2025-04-24 06:19:46,677 - hpack.hpack - DEBUG - Decoded 72, consumed 1 bytes
2025-04-24 06:19:46,677 - hpack.hpack - DEBUG - Decoded (b'vary', b'Accept-Encoding'), consumed 1
2025-04-24 06:19:46,677 - hpack.hpack - DEBUG - Decoded 71, consumed 1 bytes
2025-04-24 06:19:46,677 - hpack.hpack - DEBUG - Decoded (b'content-profile', b'public'), consumed 1
2025-04-24 06:19:46,678 - hpack.hpack - DEBUG - Decoded 70, consumed 2 bytes
2025-04-24 06:19:46,678 - hpack.hpack - DEBUG - Decoded 15, consumed 1 bytes
2025-04-24 06:19:46,678 - hpack.hpack - DEBUG - Decoded (b'preference-applied', b'return=representation'), total consumed 18 bytes, indexed True
2025-04-24 06:19:46,678 - hpack.hpack - DEBUG - Decoded 70, consumed 1 bytes
2025-04-24 06:19:46,678 - hpack.hpack - DEBUG - Decoded (b'sb-gateway-version', <memory at 0x119544880>), consumed 1
2025-04-24 06:19:46,678 - hpack.hpack - DEBUG - Decoded 69, consumed 1 bytes
2025-04-24 06:19:46,678 - hpack.hpack - DEBUG - Decoded (b'sb-project-ref', b'ovuygqfkpifktcgslqvi'), consumed 1
2025-04-24 06:19:46,678 - hpack.hpack - DEBUG - Decoded 68, consumed 1 bytes
2025-04-24 06:19:46,678 - hpack.hpack - DEBUG - Decoded (b'x-content-type-options', b'nosniff'), consumed 1
2025-04-24 06:19:46,678 - hpack.hpack - DEBUG - Decoded 67, consumed 1 bytes
2025-04-24 06:19:46,678 - hpack.hpack - DEBUG - Decoded (b'x-envoy-attempt-count', <memory at 0x119544a00>), consumed 1
2025-04-24 06:19:46,678 - hpack.hpack - DEBUG - Decoded 66, consumed 2 bytes
2025-04-24 06:19:46,678 - hpack.hpack - DEBUG - Decoded 2, consumed 1 bytes
2025-04-24 06:19:46,678 - hpack.hpack - DEBUG - Decoded (b'x-envoy-upstream-service-time', <memory at 0x1195453c0>), total consumed 5 bytes, indexed True
2025-04-24 06:19:46,678 - hpack.hpack - DEBUG - Decoded 66, consumed 1 bytes
2025-04-24 06:19:46,678 - hpack.hpack - DEBUG - Decoded (b'server', b'cloudflare'), consumed 1
2025-04-24 06:19:46,679 - hpack.hpack - DEBUG - Decoded 65, consumed 1 bytes
2025-04-24 06:19:46,679 - hpack.hpack - DEBUG - Decoded (b'alt-svc', b'h3=":443"; ma=86400'), consumed 1
2025-04-24 06:19:46,679 - httpcore.http2 - DEBUG - receive_response_headers.complete return_value=(201, [(b'date', b'Thu, 24 Apr 2025 10:19:46 GMT'), (b'content-type', b'application/json; charset=utf-8'), (b'content-range', b'*/*'), (b'cf-ray', b'9354dd413a87aaeb-YYZ'), (b'cf-cache-status', b'DYNAMIC'), (b'content-encoding', b'gzip'), (b'strict-transport-security', b'max-age=31536000; includeSubDomains; preload'), (b'vary', b'Accept-Encoding'), (b'content-profile', b'public'), (b'preference-applied', b'return=representation'), (b'sb-gateway-version', b'1'), (b'sb-project-ref', b'ovuygqfkpifktcgslqvi'), (b'x-content-type-options', b'nosniff'), (b'x-envoy-attempt-count', b'1'), (b'x-envoy-upstream-service-time', b'22'), (b'server', b'cloudflare'), (b'alt-svc', b'h3=":443"; ma=86400')])
2025-04-24 06:19:46,679 - httpx - INFO - HTTP Request: POST https://ovuygqfkpifktcgslqvi.supabase.co/rest/v1/application_issues "HTTP/2 201 Created"
2025-04-24 06:19:46,680 - httpcore.http2 - DEBUG - receive_response_body.started request=<Request [b'POST']> stream_id=3
2025-04-24 06:19:46,680 - httpcore.http2 - DEBUG - receive_response_body.complete
2025-04-24 06:19:46,680 - httpcore.http2 - DEBUG - response_closed.started stream_id=3
2025-04-24 06:19:46,680 - httpcore.http2 - DEBUG - response_closed.complete
2025-04-24 06:19:46,681 - user_assistance_mcp - DEBUG - Supabase application_issues response: data=[{'id': 'c58c3a13-eba7-49dd-a29b-3c855e711a59', 'user_id': 'fcbb6c29-b83f-448e-9a13-fe716f87c0af', 'application_id': 'b37e9999-2c3b-419e-9de7-e729aab9658b', 'company': 'Multiple Platforms', 'position': 'Automated Applications', 'issue_type': 'missing_information', 'issue_details': 'No LinkedIn login credentials or user profile details (name, email, phone) available. Unable to proceed with any job applications.', 'status': 'pending', 'created_at': '2025-04-24T06:19:46.595084+00:00', 'resolved_at': None, 'resolution_note': None}] count=None
2025-04-24 06:19:46,681 - user_assistance_mcp - INFO - Issue logged successfully with ID: c58c3a13-eba7-49dd-a29b-3c855e711a59
2025-04-24 06:19:46,682 - mcp.server.lowlevel.server - DEBUG - Response sent
2025-04-24 06:19:46,683 - mcp.server.lowlevel.server - DEBUG - Received message: <mcp.shared.session.RequestResponder object at 0x119359f40>
2025-04-24 06:19:46,683 - mcp.server.lowlevel.server - INFO - Processing request of type CallToolRequest
2025-04-24 06:19:46,683 - mcp.server.lowlevel.server - DEBUG - Dispatching request of type CallToolRequest
2025-04-24 06:19:46,683 - user_assistance_mcp - INFO - send_simple_notification called with title: Environment Update Required
2025-04-24 06:19:46,683 - user_assistance_mcp - INFO - send_application_notification called with: user_id=fcbb6c29-b83f-448e-9a13-fe716f87c0af, title=Environment Update Required, type=alert
2025-04-24 06:19:46,683 - user_assistance_mcp - INFO - Notification message: Critical issue: Missing LinkedIn login credentials and user profile details (name, email, phone). Unable to proceed with applications. Immediate update needed to include necessary credentials and profile data.
2025-04-24 06:19:46,683 - user_assistance_mcp - DEBUG - Preparing to insert notification into notifications table
2025-04-24 06:19:46,683 - user_assistance_mcp - DEBUG - Insert data: {'user_id': 'fcbb6c29-b83f-448e-9a13-fe716f87c0af', 'title': 'Environment Update Required', 'content': 'Critical issue: Missing LinkedIn login credentials and user profile details (name, email, phone). Unable to proceed with applications. Immediate update needed to include necessary credentials and profile data.', 'type': 'alert', 'read': False, 'created_at': '2025-04-24T06:19:46.683678'}
2025-04-24 06:19:46,683 - user_assistance_mcp - DEBUG - Executing supabase insert for notifications
2025-04-24 06:19:46,684 - httpcore.http2 - DEBUG - send_request_headers.started request=<Request [b'POST']> stream_id=5
2025-04-24 06:19:46,684 - hpack.hpack - DEBUG - Adding (b':method', b'POST') to the header table, sensitive:False, huffman:True
2025-04-24 06:19:46,685 - hpack.hpack - DEBUG - Encoding 3 with 7 bits
2025-04-24 06:19:46,685 - hpack.hpack - DEBUG - Adding (b':authority', b'ovuygqfkpifktcgslqvi.supabase.co') to the header table, sensitive:False, huffman:True
2025-04-24 06:19:46,685 - hpack.hpack - DEBUG - Encoding 76 with 7 bits
2025-04-24 06:19:46,685 - hpack.hpack - DEBUG - Adding (b':scheme', b'https') to the header table, sensitive:False, huffman:True
2025-04-24 06:19:46,685 - hpack.hpack - DEBUG - Encoding 7 with 7 bits
2025-04-24 06:19:46,685 - hpack.hpack - DEBUG - Adding (b':path', b'/rest/v1/notifications') to the header table, sensitive:False, huffman:True
2025-04-24 06:19:46,685 - hpack.hpack - DEBUG - Encoding 4 with 6 bits
2025-04-24 06:19:46,685 - hpack.hpack - DEBUG - Encoding 15 with 7 bits
2025-04-24 06:19:46,685 - hpack.hpack - DEBUG - Adding (b'accept', b'*/*') to the header table, sensitive:False, huffman:True
2025-04-24 06:19:46,685 - hpack.hpack - DEBUG - Encoding 75 with 7 bits
2025-04-24 06:19:46,685 - hpack.hpack - DEBUG - Adding (b'accept-encoding', b'gzip, deflate, zstd') to the header table, sensitive:False, huffman:True
2025-04-24 06:19:46,685 - hpack.hpack - DEBUG - Encoding 74 with 7 bits
2025-04-24 06:19:46,685 - hpack.hpack - DEBUG - Adding (b'user-agent', b'python-httpx/0.28.1') to the header table, sensitive:False, huffman:True
2025-04-24 06:19:46,685 - hpack.hpack - DEBUG - Encoding 73 with 7 bits
2025-04-24 06:19:46,685 - hpack.hpack - DEBUG - Adding (b'x-client-info', b'supabase-py/2.15.0') to the header table, sensitive:False, huffman:True
2025-04-24 06:19:46,685 - hpack.hpack - DEBUG - Encoding 72 with 7 bits
2025-04-24 06:19:46,685 - hpack.hpack - DEBUG - Adding (b'apikey', b'eyJhbGciOiJIUzI1NiIsInR5cCI6IkpXVCJ9.eyJpc3MiOiJzdXBhYmFzZSIsInJlZiI6Im92dXlncWZrcGlma3RjZ3NscXZpIiwicm9sZSI6ImFub24iLCJpYXQiOjE3NDQ4NDYxOTQsImV4cCI6MjA2MDQyMjE5NH0.XM6UO8tT_eSaGotwzQrbaSI2ccDt3tPdKkWSA0BtEjE') to the header table, sensitive:False, huffman:True
2025-04-24 06:19:46,685 - hpack.hpack - DEBUG - Encoding 71 with 7 bits
2025-04-24 06:19:46,685 - hpack.hpack - DEBUG - Adding (b'authorization', b'Bearer eyJhbGciOiJIUzI1NiIsImtpZCI6InBoVlcwNEg1OXFSWUJmMmsiLCJ0eXAiOiJKV1QifQ.eyJpc3MiOiJodHRwczovL292dXlncWZrcGlma3RjZ3NscXZpLnN1cGFiYXNlLmNvL2F1dGgvdjEiLCJzdWIiOiJmY2JiNmMyOS1iODNmLTQ0OGUtOWExMy1mZTcxNmY4N2MwYWYiLCJhdWQiOiJhdXRoZW50aWNhdGVkIiwiZXhwIjoxNzQ1NDkzNDM4LCJpYXQiOjE3NDU0ODk4MzgsImVtYWlsIjoidGVzdEBnbWFpbC5jb20iLCJwaG9uZSI6IiIsImFwcF9tZXRhZGF0YSI6eyJwcm92aWRlciI6ImVtYWlsIiwicHJvdmlkZXJzIjpbImVtYWlsIl19LCJ1c2VyX21ldGFkYXRhIjp7ImVtYWlsX3ZlcmlmaWVkIjp0cnVlfSwicm9sZSI6ImF1dGhlbnRpY2F0ZWQiLCJhYWwiOiJhYWwxIiwiYW1yIjpbeyJtZXRob2QiOiJwYXNzd29yZCIsInRpbWVzdGFtcCI6MTc0NTQ4OTgzOH1dLCJzZXNzaW9uX2lkIjoiNzQzOGZmZmItYTJmZi00MDk0LWJjOTktYzViMzc3MDIxODlmIiwiaXNfYW5vbnltb3VzIjpmYWxzZX0.EzgN0qODd-1YACJR7xC3Uj7YyPn-SQla27nlvMUGQc4') to the header table, sensitive:True, huffman:True
2025-04-24 06:19:46,685 - hpack.hpack - DEBUG - Encoding 23 with 4 bits
2025-04-24 06:19:46,686 - hpack.hpack - DEBUG - Encoding 585 with 7 bits
2025-04-24 06:19:46,686 - hpack.hpack - DEBUG - Adding (b'accept-profile', b'public') to the header table, sensitive:False, huffman:True
2025-04-24 06:19:46,686 - hpack.hpack - DEBUG - Encoding 70 with 7 bits
2025-04-24 06:19:46,686 - hpack.hpack - DEBUG - Adding (b'content-profile', b'public') to the header table, sensitive:False, huffman:True
2025-04-24 06:19:46,686 - hpack.hpack - DEBUG - Encoding 69 with 7 bits
2025-04-24 06:19:46,686 - hpack.hpack - DEBUG - Adding (b'prefer', b'return=representation') to the header table, sensitive:False, huffman:True
2025-04-24 06:19:46,686 - hpack.hpack - DEBUG - Encoding 64 with 7 bits
2025-04-24 06:19:46,686 - hpack.hpack - DEBUG - Adding (b'content-length', b'380') to the header table, sensitive:False, huffman:True
2025-04-24 06:19:46,686 - hpack.hpack - DEBUG - Encoding 28 with 6 bits
2025-04-24 06:19:46,686 - hpack.hpack - DEBUG - Encoding 3 with 7 bits
2025-04-24 06:19:46,686 - hpack.hpack - DEBUG - Adding (b'content-type', b'application/json') to the header table, sensitive:False, huffman:True
2025-04-24 06:19:46,687 - hpack.hpack - DEBUG - Encoding 67 with 7 bits
2025-04-24 06:19:46,687 - hpack.hpack - DEBUG - Encoded header block to b'\x83\xcc\x87D\x8fb\xc2\xa1,w\x0b\x15\x1d&\x94\xc4\x1aLz\x91\xcb\xca\xc9\xc8\xc7\x1f\x08\xff\xca\x03\xbaQ\xd8[\x14/\xac\xb3\xc7\x88\x86\xd4l\xb98{\xc8\x1d&\xc8\x8c\x94\xa6\xbf\xdb\xd9\x1c\xc9U\xd3\xf1\xa0\x9e4\xe0\x98:\xbf0\xee\xe5\xc3-:)A\xb3\xde\xca\x02\xfeBmF\xcb\x9b\x88v\x1a]\x8b\x97\xd6Z\xc8\xce\x83j6S\xc9\x8fo\x82{?|\xe2|R~QQ9~\xd8LTR6v\xf4\xfdgJ\t\xf9\xfb^z\xb4\x84\x98\xb0\x9b\x9f\xe6\x9a3\xd3\xa7\xbeqa\x0c\x98\xa6\xef\'L\x06\xcf{/\xb99d6\xa3e\xa7\x98\xb2\x9bM:=j\xdc\x13j\xbf\xa6\x9c\xfb\xf6\x03V.\t\xd5\xcb\x07\x9d\x1e\x83O\xee\xf2y\xd3O6\xb4\x8bG\x8e|\xb9\x9b=\xec\xb3\xc9\xcba\xb5\x1b,\xf2~m?\xef&\xc0>Zg\x93\x17\x1e\xb9\r\xe0\xdf\xbf\x93\xf8\xc9\xd0\xfet\xfb\xd8\x1d7\xfa\xfb\xd3\x7fCY\xefe\xaf\x9f\xe6\xc3j\xe9\x81\x9d7\xf8\x03U\xfe\xadh\xf722S\xc5<\xf9P\x8c\x9d\x0ei1q\xf7&\x0b\xb5G\xcb\rq\xdeo\xa4b\x01\xb3\xde\xcb\xe0x\x9f\xb7\xf7vG2\x1b"2S\x87\xc10\xbe\x9f\xdf\xcd\xb3\xfe\xe2\xc2\x0e{\xb28_Y|\x12\x97\xc4>[h!\xb29\x92\x9e)\xe7\xca\x84d7\x83\x13\x1e^\xf2SG_\xdf\xcc\xbe\xf2t\xae<\x94\xf1O>T#%\x01\x7f=\xec\xa1 \xb8\xfa\xfc\x10h\x93\x16\x1e\xbc\xff6\xcf\x93\xa5n\xe4\xa7\x8ay\xf2\xa1\x1f\x8c\xfe\xd0Jh\xa4|\xb8\xf5\xc9\xd2\xb0\x12\xae4K\xbb\xc1\x89K\xe8\xfd\xdd\x91\xcc\x94\xe1\x0c\x98\xa7\xa2:\xb6\xd7\xccXA\xfb\xcba\xb3\xde\xcb?>^\r\xa8\xd9g\xe7\xcb\xc7\x9c\x86\xf0n|\x83\xeb\'J\xe3/\xac\xa9\xfd\xfc\xdax\xc5\xb0\xda\x8d\x97\xc7?\xcd>\xe4\x13\xfe\xbfodFJ\xb6\xd7\x1f.>\xe4\xc5\x85$\xbd\x91\xcd\x1b\xc8\r;\xf65\xab|\xde\xf5c\x0c\x99\xefe\xf7\xfb\xf9\xa7\xd8\xf9?o\xe0\xa8\xeb\x93\xa1\xcd\xa7\xde\xcfz\xb1~\xd3\xfbND\xf3\xdf\x96\x9f\xd3\x00\x1a/\xf5\x06~Yzj\xdf\xd5<\xfd\xf16\x8fdgE\xfc\x9eu_\xa2\x9c\x86\xf0a\xfei\x97\x9f&\xfb\xc7U\t\x8d\x9e>\xf2t\xae\x9e|\xbc\xfb\xfd\xfc\x02\xf8=\xcd\xa4\x1d\xb5_\x91`\xf3\x86\xf6]\xae\xf9\xbc\xcf\x0e\x8e\xf3\xf5\xae\xa5\xb7l\xa0bv\xaa;\xe8\xe1\x8ba\x1a\xc6\xc5\xc0\\\x83e\xe0\x7f\xc3'
2025-04-24 06:19:46,687 - httpcore.http2 - DEBUG - send_request_headers.complete
2025-04-24 06:19:46,687 - httpcore.http2 - DEBUG - send_request_body.started request=<Request [b'POST']> stream_id=5
2025-04-24 06:19:46,687 - httpcore.http2 - DEBUG - send_request_body.complete
2025-04-24 06:19:46,687 - httpcore.http2 - DEBUG - receive_response_headers.started request=<Request [b'POST']> stream_id=5
2025-04-24 06:19:46,762 - hpack.hpack - DEBUG - Decoding b'\xd2\xd1\xd0\xcf\x7f\x0f\x8f}\x96\xda\x92F\x82X\xc0A\x8c\xb1\xad\xcf\x9f\xef\xce\xcd\xcc\xcb\xca\xc0\xc8\xc7\xc6\xc5\x7f\x05\x014\xc4\xc3'
2025-04-24 06:19:46,762 - hpack.hpack - DEBUG - Decoded 82, consumed 1 bytes
2025-04-24 06:19:46,763 - hpack.hpack - DEBUG - Decoded (b':status', b'201'), consumed 1
2025-04-24 06:19:46,763 - hpack.hpack - DEBUG - Decoded 81, consumed 1 bytes
2025-04-24 06:19:46,763 - hpack.hpack - DEBUG - Decoded (b'date', b'Thu, 24 Apr 2025 10:19:46 GMT'), consumed 1
2025-04-24 06:19:46,763 - hpack.hpack - DEBUG - Decoded 80, consumed 1 bytes
2025-04-24 06:19:46,763 - hpack.hpack - DEBUG - Decoded (b'content-type', b'application/json; charset=utf-8'), consumed 1
2025-04-24 06:19:46,763 - hpack.hpack - DEBUG - Decoded 79, consumed 1 bytes
2025-04-24 06:19:46,763 - hpack.hpack - DEBUG - Decoded (b'content-range', <memory at 0x119544940>), consumed 1
2025-04-24 06:19:46,763 - hpack.hpack - DEBUG - Decoded 78, consumed 2 bytes
2025-04-24 06:19:46,763 - hpack.hpack - DEBUG - Decoded 15, consumed 1 bytes
2025-04-24 06:19:46,763 - hpack.hpack - DEBUG - Decoded (b'cf-ray', b'9354dd41eb0caaeb-YYZ'), total consumed 18 bytes, indexed True
2025-04-24 06:19:46,763 - hpack.hpack - DEBUG - Decoded 78, consumed 1 bytes
2025-04-24 06:19:46,763 - hpack.hpack - DEBUG - Decoded (b'cf-cache-status', b'DYNAMIC'), consumed 1
2025-04-24 06:19:46,763 - hpack.hpack - DEBUG - Decoded 77, consumed 1 bytes
2025-04-24 06:19:46,764 - hpack.hpack - DEBUG - Decoded (b'content-encoding', b'gzip'), consumed 1
2025-04-24 06:19:46,764 - hpack.hpack - DEBUG - Decoded 76, consumed 1 bytes
2025-04-24 06:19:46,764 - hpack.hpack - DEBUG - Decoded (b'strict-transport-security', b'max-age=31536000; includeSubDomains; preload'), consumed 1
2025-04-24 06:19:46,764 - hpack.hpack - DEBUG - Decoded 75, consumed 1 bytes
2025-04-24 06:19:46,764 - hpack.hpack - DEBUG - Decoded (b'vary', b'Accept-Encoding'), consumed 1
2025-04-24 06:19:46,764 - hpack.hpack - DEBUG - Decoded 74, consumed 1 bytes
2025-04-24 06:19:46,764 - hpack.hpack - DEBUG - Decoded (b'content-profile', b'public'), consumed 1
2025-04-24 06:19:46,764 - hpack.hpack - DEBUG - Decoded 64, consumed 1 bytes
2025-04-24 06:19:46,764 - hpack.hpack - DEBUG - Decoded (b'preference-applied', b'return=representation'), consumed 1
2025-04-24 06:19:46,764 - hpack.hpack - DEBUG - Decoded 72, consumed 1 bytes
2025-04-24 06:19:46,764 - hpack.hpack - DEBUG - Decoded (b'sb-gateway-version', <memory at 0x119544880>), consumed 1
2025-04-24 06:19:46,764 - hpack.hpack - DEBUG - Decoded 71, consumed 1 bytes
2025-04-24 06:19:46,764 - hpack.hpack - DEBUG - Decoded (b'sb-project-ref', b'ovuygqfkpifktcgslqvi'), consumed 1
2025-04-24 06:19:46,764 - hpack.hpack - DEBUG - Decoded 70, consumed 1 bytes
2025-04-24 06:19:46,764 - hpack.hpack - DEBUG - Decoded (b'x-content-type-options', b'nosniff'), consumed 1
2025-04-24 06:19:46,764 - hpack.hpack - DEBUG - Decoded 69, consumed 1 bytes
2025-04-24 06:19:46,765 - hpack.hpack - DEBUG - Decoded (b'x-envoy-attempt-count', <memory at 0x119544a00>), consumed 1
2025-04-24 06:19:46,765 - hpack.hpack - DEBUG - Decoded 68, consumed 2 bytes
2025-04-24 06:19:46,765 - hpack.hpack - DEBUG - Decoded 1, consumed 1 bytes
2025-04-24 06:19:46,765 - hpack.hpack - DEBUG - Decoded (b'x-envoy-upstream-service-time', <memory at 0x11930b7c0>), total consumed 4 bytes, indexed True
2025-04-24 06:19:46,765 - hpack.hpack - DEBUG - Decoded 68, consumed 1 bytes
2025-04-24 06:19:46,765 - hpack.hpack - DEBUG - Decoded (b'server', b'cloudflare'), consumed 1
2025-04-24 06:19:46,765 - hpack.hpack - DEBUG - Decoded 67, consumed 1 bytes
2025-04-24 06:19:46,765 - hpack.hpack - DEBUG - Decoded (b'alt-svc', b'h3=":443"; ma=86400'), consumed 1
2025-04-24 06:19:46,765 - httpcore.http2 - DEBUG - receive_response_headers.complete return_value=(201, [(b'date', b'Thu, 24 Apr 2025 10:19:46 GMT'), (b'content-type', b'application/json; charset=utf-8'), (b'content-range', b'*/*'), (b'cf-ray', b'9354dd41eb0caaeb-YYZ'), (b'cf-cache-status', b'DYNAMIC'), (b'content-encoding', b'gzip'), (b'strict-transport-security', b'max-age=31536000; includeSubDomains; preload'), (b'vary', b'Accept-Encoding'), (b'content-profile', b'public'), (b'preference-applied', b'return=representation'), (b'sb-gateway-version', b'1'), (b'sb-project-ref', b'ovuygqfkpifktcgslqvi'), (b'x-content-type-options', b'nosniff'), (b'x-envoy-attempt-count', b'1'), (b'x-envoy-upstream-service-time', b'4'), (b'server', b'cloudflare'), (b'alt-svc', b'h3=":443"; ma=86400')])
2025-04-24 06:19:46,766 - httpx - INFO - HTTP Request: POST https://ovuygqfkpifktcgslqvi.supabase.co/rest/v1/notifications "HTTP/2 201 Created"
2025-04-24 06:19:46,766 - httpcore.http2 - DEBUG - receive_response_body.started request=<Request [b'POST']> stream_id=5
2025-04-24 06:19:46,766 - httpcore.http2 - DEBUG - receive_response_body.complete
2025-04-24 06:19:46,766 - httpcore.http2 - DEBUG - response_closed.started stream_id=5
2025-04-24 06:19:46,766 - httpcore.http2 - DEBUG - response_closed.complete
2025-04-24 06:19:46,768 - user_assistance_mcp - DEBUG - Supabase notifications response: data=[{'id': 'f606ad05-6872-49b1-9d9e-5bea3de2b38f', 'user_id': 'fcbb6c29-b83f-448e-9a13-fe716f87c0af', 'title': 'Environment Update Required', 'content': 'Critical issue: Missing LinkedIn login credentials and user profile details (name, email, phone). Unable to proceed with applications. Immediate update needed to include necessary credentials and profile data.', 'type': 'alert', 'read': False, 'created_at': '2025-04-24T06:19:46.683678+00:00', 'reference_id': None, 'reference_type': None}] count=None
2025-04-24 06:19:46,768 - user_assistance_mcp - INFO - Notification sent successfully
2025-04-24 06:19:46,768 - mcp.server.lowlevel.server - DEBUG - Response sent
